:020000040800F2
:10000000E885002031030008F93B0008172F00089D
:10001000693700081510000833430008000000008D
:100020000000000000000000000000007102000855
:100030001D11000800000000CD020008C53C0008AA
:100040004B0300084B0300084B0300084B03000858
:100050004B0300084B0300084B0300084B03000848
:100060004B0300084B0300084B0300084B03000838
:10007000191000084B030008251000084B03000866
:10008000311000083D1000084B0300084B03000826
:100090004B0300084B0300084B0300084B03000808
:1000A0004B0300084B0300084B0300084B030008F8
:1000B0004B0300084B0300084B0300084B030008E8
:1000C0004B0300084B0300084B0300084B030008D8
:1000D0004B030008C1420008D9420008F142000861
:1000E0004B0300084B0300084B0300084B030008B8
:1000F0004B0300084B0300084B0300084B030008A8
:100100004B0300084B0300084B0300084B03000897
:100110004B0300084B030008993D00084B030008FF
:100120004B03000849100008551000084B03000855
:100130004B0300084B0300084B0300084B03000867
:100140004B0300084B0300084B0300084B03000857
:100150004B030008611000086D10000809430008F7
:100160004B0300084B0300084B0300084B03000837
:100170004B0300084B0300084B030008000000007D
:100180004B0300084B03000800F002F800F060F891
:100190000AA090E8000C82448344AAF10107DA45E2
:1001A00001D100F055F8AFF2090EBAE80F0013F0D4
:1001B000010F18BFFB1A43F001031847B88800006D
:1001C000D888000010F8013B0A4413F0030408BF6C
:1001D00010F8014B1D1108BF10F8015B641E05D01B
:1001E00010F8016B641E01F8016BF9D1002D15D0D8
:1001F00010F8014B03F00C030C2BA1EB04040ABF15
:1002000010F8013BA4EB8314A4EB032405F10103D4
:1002100014F8016B5B1E01F8016BF9D5914238BFF0
:1002200010F8013BD1D3704700230024002500269D
:10023000103A28BF78C1FBD8520728BF30C148BF49
:100240000B6070471FB508F09FFA1FBD10B510BDB9
:1002500000F0A6F91146FFF7F5FF05F069FE00F082
:10026000C4F903B4FFF7F2FF03BC00F0CBF90000C0
:100270002C4B19680868B0E8F04F80F30988BFF389
:100280006F8F4FF0000080F311887047000000006E
:1002900008480068006880F308884FF0000080F389
:1002A000148862B661B6BFF34F8FBFF36F8F00DF64
:1002B00000BF00BF08ED00E0DFF80C00016841F46A
:1002C00070010160704700BF88ED00E0EFF3098026
:1002D000BFF36F8F134B1A681EF0100F08BF20ED8D
:1002E000108A20E9F04F106009B44FF0500080F3FD
:1002F0001188BFF34F8FBFF36F8F07F03BFE4FF0B6
:10030000000080F3118809BC19680868B0E8F04F54
:100310001EF0100F08BFB0EC108A80F30988BFF3FD
:100320006F8F70471C000020EFF3058070470000BE
:100330000948804709480047FEE7FEE7FEE7FEE779
:10034000FEE7FEE7FEE7FEE7FEE7FEE704480549B5
:10035000054A064B70470000893D000889010008E6
:10036000E87D0020E8850020E8810020E881002069
:1003700053EA020C00F069802DE9F04B4FF00006C3
:10038000002B1FBFB3FA83F503FA05F424FA05F630
:100390005E4012BF1643B2FA82F502FA05F4C5F1C7
:1003A00020051EBF22FA05FC44EA0C04203556EA5B
:1003B000044C4FEA144418BF641C4FF000084FF07F
:1003C0000009904271EB030C39D3002919BFB1FA2F
:1003D00081F701FA07F6B0FA80F700FA07F6C7F1DD
:1003E00020071EBF20FA07FC46EA0C062037B6FBA2
:1003F000F4FCA7EB0507103F07F01F0BCBF120061D
:100400000CFA0BFB2CFA06F644BFB3460026202F4D
:10041000A4BF5E464FF0000B5BEA060C08BF4FF02E
:10042000010B19EB0B09ABFB027C48EB0608C01B68
:1004300006FB02CC0BFB03CC71EB0C01C1E70B46B6
:10044000024641464846BDE8F08B13B54FF0000028
:100450004FF00001AFF30080BDE81C407047032A55
:1004600040F2308010F0030C00F0158011F8013BD1
:10047000BCF1020F624498BF11F801CB00F8013BB8
:1004800038BF11F8013BA2F1040298BF00F801CB7C
:1004900038BF00F8013B11F0030300F02580083A53
:1004A000C0F0088051F8043B083A51F804CBA0E8AA
:1004B0000810F5E7121D5CBF51F8043B40F8043BFF
:1004C000AFF30080D20724BF11F8013B11F801CB34
:1004D00048BF11F8012B24BF00F8013B00F801CB05
:1004E00048BF00F8012B704710B5203AC0F00B80D0
:1004F000B1E81850203AA0E81850B1E81850A0E828
:100500001850BFF4F5AF5FEA027C24BFB1E8185081
:10051000A0E8185044BF18C918C0BDE810405FEAF1
:10052000827C24BF51F8043B40F8043B08BF70476D
:10053000D20728BF31F8023B48BF11F8012B28BF72
:1005400020F8023B48BF00F8012B70474FF0000233
:1005500000B5134694469646203922BFA0E80C50B9
:10056000A0E80C50B1F12001BFF4F7AF090728BF94
:10057000A0E80C5048BF0CC05DF804EB890028BF10
:1005800040F8042B08BF704748BF20F8022B11F039
:10059000804F18BF00F8012B7047704770477047B5
:1005A000754600F02BF8AE4605006946534620F02C
:1005B0000700854618B020B5FFF7C8FEBDE820400B
:1005C0004FF000064FF000074FF000084FF0000B0F
:1005D00021F00701AC46ACE8C009ACE8C009ACE8C2
:1005E000C009ACE8C0098D46704710B50446AFF3AA
:1005F00000802046BDE81040FFF733BE004870473A
:10060000887D002001491820ABBEFEE726000200CD
:100610007047F0B50025541E1CE00023561B761EC3
:1006200015E000EB830E50F82370DEF804C0674538
:100630000CDD40F823C0CEF80470CF1811F803E0A9
:1006400097F801C001F803C087F801E05B1C9E42E7
:10065000E7DC6D1CA542E0DBF0BD70B5FF2605466A
:10066000002481780BE0A86800EB0410827B012A4B
:1006700003D1C27B0AB1427B4AB1641CE4B2A142FD
:10068000F1D8A878A04200D92646304670BD00F0C7
:100690009BFDF6E72DE9F041354C1021354D617099
:1006A0000421A17095F85810E170A4F5887161607B
:1006B0008031A1604031E16040312161A988E1824F
:1006C0002989218395ED030A0020BCEEC00A10EEB3
:1006D000101A618395ED0A0ABCEEC00A10EE101ADA
:1006E000A183E96C012921D1A988F2EE040A01EB6A
:1006F00081024FF6FF7101EA4202E2822A8902EB8F
:10070000820201EA4201218395ED030A20EE200ACC
:10071000BCEEC00A10EE101A618395ED0A0A20EEB5
:10072000200ABCEEC00A10EE101AA18300226168F4
:1007300001EBC001401C0A716178C0B28142F6D859
:1007400000264FF001080DE0A06800EB06173846C0
:1007500000F03AFD05EB860087F80E80007E761CDF
:10076000F873F6B2A078B042EED8BDE8F081000090
:10077000E07C002048040020F0B5044600202075ED
:1007800014E0616801EBC0010A796AB90968A28BBB
:10079000914209DD237DE26842F82310227D216920
:1007A0008854217D491C2175401CC0B2617881426A
:1007B000E7D8207DFF2106E0E26842F82010226998
:1007C0001154401CC0B262788242F5D82046FFF72F
:1007D00044FF227D0746022A5AD3FF2F58D0D4E97E
:1007E0000301FFF716FF00264FE0E368A08B012509
:1007F00053F82620824241DB701C0EE053F820C0E3
:10080000B4F81AE0ACEB020CF44509DC6D1C94F86A
:1008100003C0EDB2AC4503D9401CC0B28142EDD853
:10082000022D2BD32046FFF718FF0746FF2825D0BF
:10083000A0787219B7FBF0F100FB1170A1686FF09E
:10084000030301EB0010E16803EB820231F826108C
:100850000180E168895A41800571C17B41730021A3
:100860000AE022694318525C5A716368491C03EB21
:10087000C202437B1371C9B2A942F2D37019401E60
:10088000C0B2FF2F04D0401CC6B2217DB142ACD80B
:10089000F0BD2DE9F041064600251CE0706800EB34
:1008A000C50898F80400A0B900270FE0B068F178F7
:1008B00000EB07142079884206D242462146304692
:1008C00000F02FFC01280BD07F1CFFB2B078B8429B
:1008D000ECD86D1CEDB27078A842DFD8BDE8F0818D
:1008E000002160184079FF280AD0491CC9B20829A4
:1008F000F7D32079401C2071617B88F80410E8E769
:1009000060184571F5E72DE9F04100250646A84637
:1009100033E0706800EBC5073A7962B30020B17824
:1009200007E0B36803EB0014637B9A4203D0401CDA
:10093000C0B28142F5D8814202D887F804801AE01B
:100940003A462146304600F0ECFBA0B987F8048017
:10095000217981B1002009E022185279AA4203D1FD
:100960002044FF21417103E0401CC0B28142F3D812
:100970002079401E20716D1CEDB27078A842C8D855
:10098000BDE8F08103F078B9F8B504460079002697
:10099000FE2520B101280FD0FE281AD1F8BD20462F
:1009A00000F01AF80128657002D025716671F8BD53
:1009B000012020716571F8BD009610234FF4445159
:1009C0002046A26907F06EF8D4E90601102200F073
:1009D0009BF865702671EDE72DE9F041464E04461F
:1009E000464A0020A7693369054602F5347123B1F0
:1009F000012B2CD0022B4FD15DE0A24217D1B06D5C
:100A0000C11700EB517121F00701401AC1B2204615
:100A1000FFF7B8FF07E000BF17F81510284602F0EF
:100A20008DFC6D1CEDB2B06DA842F5DC0DE0A1426D
:100A30000BD132490020A3698A6932F8102023F8CB
:100A40001020401C80B21028F5D3082220E0A242DA
:100A50000FD110212046FFF795FF06E017F815107B
:100A6000284602F06BFC6D1CEDB2B06DA842F5DCBF
:100A70003FE0A1423DD121490020A3698A6932F8B3
:100A8000102023F81020401C80B21028F5D330E04D
:100A9000D4E9060100F08CF91949D4F898324A6873
:100AA0000D68B3FBF2F4AC4203D0B3FBF2F0086084
:100AB0000120BDE8F081A2420DD1124E002500BFF9
:100AC00006EB4500017CE8B202F038FC6D1CADB2CB
:100AD000082DF5D30DE0A1420BD108490020A369F0
:100AE0008A6932F8102023F81020401C80B21028A8
:100AF000F5D31022CCE7000048040020C8040020F1
:100B0000CC1A00208075002010B5002306E000BF3D
:100B100030F8134021F813405B1C9BB29342F7D38B
:100B200010BD000010B5002306E000BF50F82340C0
:100B300041F823405B1C9BB29342F7D310BD0000E9
:100B40002DE9F84F00220092D0E90954A246002472
:100B5000C66A036AC268204614E000BF33F9107009
:100B6000FF2F0DD152F8207000EE107A05EB8407AC
:100B7000B8EEC00A87ED000A2AF81400641CE4B23B
:100B8000401CC0B28842E9D3012C04D92246514608
:100B9000284600F0F1F9DFF814B1002047F6FF7C99
:100BA000FF276346B946002146E000BF05EB8102FE
:100BB0009BED0A0AD2ED000AF4EEC00AF1EE10FA3B
:100BC00006DAB1EE401AF4EEC10AF1EE10FA31D8AD
:100BD0004A1CD2B2B1EE401A10E000BF05EB820809
:100BE000D8ED001AF4EEC01AF1EE10FA08DAF4EEBD
:100BF000C11AF1EE10FA03D9521CD2B2A242EDD3BF
:100C0000A14217D2A24215D205EB820898ED000A44
:100C100070EE600A00EE103AB8EEC00AF4EEC00AB8
:100C2000F1EE10FA06D2BDEEE00A91460F4610EE44
:100C3000103A1BB2491CC9B2A142B7D363452ED0AA
:100C4000FF2F2CD0B9F1FF0F29D004280FD23AF88A
:100C5000192000EB4001521C26F811203AF8172009
:100C600006EB4101521C4A80401C8B80C0B29FEDB4
:100C7000100A05EB8901042881ED000A05EB8701C4
:100C800081ED000A8CD30DE000EB4002401C26F8F9
:100C9000121006EB4202C0B25180918000E00021A8
:100CA0000428F1D30098BDE8F88F00004804002024
:100CB00000000000F8B504464079FE25002620B16A
:100CC000012810D0FE281DD1F8BD204600F01EF8E6
:100CD000012803D0667025716571F8BD65702571B6
:100CE00001206071F8BD00960C2341F201212046DD
:100CF000E26A06F0D7FE0128F4D1D4E90B010C22F8
:100D0000FFF702FF657025716671F8BD10B50446E6
:100D100025482649026901F5347022B1012A15D00F
:100D2000022A39D128E0A14201D1082111E0A042D4
:100D300032D11E490020E36ACA6A32F8102023F833
:100D40001020401C80B20C28F5D325E0A14204D12C
:100D500010212046FFF7F4FE1EE0A0421CD11349EB
:100D60000020E36ACA6A32F8102023F81020401CE1
:100D700080B20C28F5D30FE0A1420DD0A0420BD1D8
:100D80000A490020E36ACA6A32F8102023F81020CA
:100D9000401C80B20C28F5D3D4E90B01BDE810400B
:100DA0000C2200F005B8000048040020C804002010
:100DB00070B504460020034609E000BF34F9135023
:100DC00031F91360B54200D001205B1C9BB2934205
:100DD000F4D370BD70B504460020034609E000BF9F
:100DE00054F8235051F82360B54200D001205B1C19
:100DF0009BB29342F4D370BDF8B504464078002608
:100E0000FE2520B1012816D0FE282BD121E0204656
:100E100000F02AF8012809D06088401C80B2608068
:100E2000FA2807D366806570267102E001206070A1
:100E300025716571F8BD009620234FF4405120467E
:100E4000626906F02FFED4E903011022FFF76AFE63
:100E500007E0608841F28831401C80B2608088429F
:100E6000E8D366806670E3E770B504464048414ABF
:100E70000023056902F53470022125B1012D25D02A
:100E8000022D4AD14BE0A24204D16169E06805F02D
:100E9000CFFE19E0A04217D1364A0020E568D3689A
:100EA00053F8203045F820305369656933F8203015
:100EB00025F8203001EB800355696669401CED5A26
:100EC00080B2F5520828E9D3082221E0A24204D1D9
:100ED0006169E06805F0ACFE28E0A04246D1254AF1
:100EE0000020E568D36853F8203045F82030536976
:100EF000656933F8203025F8203001EB800355690F
:100F00006669401CED5A80B2F5521028E9D32DE0F5
:100F1000D4E90301FFF75EFF0346184670BDA24205
:100F20000AD101226169E06806F032F802226169A3
:100F3000E06806F02DF819E0A04217D10D4A002014
:100F4000E568D36853F8203045F820305369656967
:100F500033F8203025F8203001EB800355696669AD
:100F6000401CED5A80B2F5521028E9D31022CFE789
:100F700048040020C8040020F0B5002426E0002624
:100F80000123171B1CE000BF00EB8305D5ED000A11
:100F900015ED010AF4EEC00AF1EE10FA0ED245ED9D
:100FA000010A85ED000A01EB430631F813C036F85B
:100FB000025C26F802CC21F8135001265B1CDBB240
:100FC0009F42E1DC002E03D0641CE4B29442D6D3ED
:100FD000F0BD0000F0B5002319E000250122CE1A73
:100FE0000FE000BF00EB820750F822C057F8044C16
:100FF000A44504DA47F804CC40F822400125521CED
:10100000D2B29642EEDC002D03D05B1CDBB28B42E9
:10101000E3D3F0BDFEE70000014800F05DB9000039
:1010200080280020014800F057B90000E028002087
:10103000014800F051B90000C0270020014800F02D
:101040004BB9000020280020014800F045B90000FD
:1010500040290020014800F03FB90000002700208F
:10106000014800F039B90000A0290020014800F033
:1010700033B900006027002001681823CAB2103A73
:10108000B2FBF3F2054B6FF30901032A9B5CC365C6
:1010900000D9091D8165084670470000D487000803
:1010A00010B5014600208B698A6A4FF0C07453B1B5
:1010B000B3F5005F15D072B1012A0CD0022A0AD014
:1010C000032A09D104E01AB1012A06D0022A03D169
:1010D000C96AC90100D5012010BDC96AA142FAD070
:1010E00010BD002AF7D0012AF2D0022AF3D0032A39
:1010F000F3D010BD30B50468256825F4802525603F
:10110000046863608368402B036803D099600068BB
:10111000C26030BD9A600068C16030BD704772B671
:10112000FEE730B5044612680D8800204B88AA42BD
:1011300003DB9A4201DC012030BD9A4205DD648B5D
:10114000531BA342F8DC4A80F5E7AA42F4DA648B29
:101150009B1AA342F0DC0A80EDE700009FED160A1F
:10116000164A082921D200281FD003281DD202EBDD
:10117000401000EB810090EDBB0A1148016D71B188
:101180000268A2F5DA436C3B09D1DFED0E0A60EE8E
:10119000200A00EE101AB8EEC01A80EE810AC06C68
:1011A00020B1F2EE040A20EE200A7047F6EE000AA3
:1011B00030EE200A7047000000000000AC00002064
:1011C0004804002000007A44002101804180017120
:1011D0004173FF224318491CC9B25A710829F9D337
:1011E000704730B50546002417E0A868EA7800EBA0
:1011F0000410017991420CD802290AD3417B41B1F4
:101200000188AA8B914204D34388934201D3994227
:1012100001D9FFF7D9FF641CE4B2A878A042E4D852
:1012200030BD2DE9F0410446876D00F0D1FA064645
:1012300094F835000025022806D08020606584F8E7
:1012400034500120BDE8F0812068016821F01601CA
:1012500001602068416921F080014161206C08B97A
:10126000A06C20B12068016821F0080101602068AD
:10127000016821F0010101600CE000F0A9FA801B77
:10128000052807D920206065032084F8350084F8FC
:101290003450D7E720680068C007EED194F85C109E
:1012A0003F208840B860012084F8350084F834502D
:1012B0000020C7E790F83510022903D0802141654E
:1012C00001207047052180F835100068016821F081
:1012D00001010160002070472DE9F84304464FF0FA
:1012E0000009CDF8009063484FF41651A56D0068D1
:1012F000B0FBF1F72E6894F85C10082000FA01F1B9
:1013000031420FD021680A6852070BD50A6822F0D3
:1013100004020A6094F85C108840A860606D40F098
:101320000100606594F85C104FF0010808FA01F0C4
:10133000304208D021684969090604D5A860606D6B
:1013400040F00200606594F85C1004208840304250
:1013500008D021680968890704D5A860606D40F04D
:101360000400606594F85C1010208840304218D06A
:1013700021680968090714D5A86020680168490335
:1013800004D50068000308D5A16C07E00168C90511
:1013900003D4016821F008010160216C09B12046E5
:1013A000884794F85C1020208840304231D0216872
:1013B0000968C9062DD5A86094F83500052820686D
:1013C000016806D0490347D5006800031DD4616C4D
:1013D0001CE021F0160101602068416921F08001C4
:1013E0004161206C08B9A06C20B12068016821F02F
:1013F0000801016094F85C103F208840A86084F8E0
:10140000358084F83490216D1FE0E16B09B12046EE
:101410008847606D00282BD0606DC00714D0052070
:1014200084F835002068016821F00101016000980E
:10143000401C0090B84203D820680068C007F6D16D
:1014400084F8358084F83490E16C002910D001B024
:101450002046BDE8F04308470168C905D5D40168B6
:1014600021F01001016084F8358084F83490CCE7D5
:10147000BDE8F883180000202DE9F041044600F093
:10148000A7F906465CB1022084F83500002584F8EF
:1014900034502068016821F0010101600DE0012055
:1014A000BDE8F08100F094F9801B052805D92020C3
:1014B0006065032084F83500F2E720680068C00703
:1014C000F0D12268116820480140D4E90103184393
:1014D000D4E903363343184363691843A3691843B7
:1014E000E3691843236A18430843616A042903D156
:1014F000D4E90B1319430843106020684069666AF9
:1015000020F0070130460E43012704280CD1A06AC1
:101510000643E06A40B12046FFF7C2FD20B14020FB
:10152000606584F83570BAE7206846612046FFF7A9
:10153000A3FD94F85C203F2191408160656584F8AB
:1015400035700020ACE700003F8010F02DE9F0413D
:101550000446866D90F83400002501280DD0012046
:1015600084F8340094F835700020012F07D084F8F7
:10157000340002252846BDE8F0810220FBE702275F
:1015800084F8357060652046FFF7B4FD94F85C1070
:101590003F208840B0602068016841F0160101607A
:1015A000206C20B12068016841F0080101602068CA
:1015B000016841F001010160DCE700002DE9F84F0E
:1015C000DFF8BCA10022012503264FF00F090AF124
:1015D000040BAAF1040E00BF0B6805FA02F42340C5
:1015E000A34270D10F7907F00307012F01D0022F1A
:1015F00016D187684FEA420806FA08FC27EA0C076A
:10160000D1F80CC00CFA08FC4CEA070CC0F808C072
:101610004768A7430C79C4F3001494403C434460EA
:101620000C79E443A4070AD0C4684FEA420C06FAD6
:101630000CF7BC438F6807FA0CF72743C7600C7997
:1016400004F00304022C12D1D40800EB840CDCF863
:1016500020405707FF0E09FA07F824EA0804D1F8DA
:10166000108008FA07F848EA0408CCF820800468DB
:101670004FEA420C06FA0CF7BC430F7907F0030758
:1016800007FA0CF7274307604C6814F4403F70D00A
:101690003C4C276847F480472760246822F0030702
:1016A00004F480440094384C07EB040CDCF8084840
:1016B00097074FEA177809FA08F7BC43334FB84247
:1016C00002D1002724E054E0314FB84201D1012774
:1016D0001EE0304FB84201D1022719E02E4FB84228
:1016E00001D1032714E02D4FB84201D104270FE0A8
:1016F0002B4FB84201D105270AE02A4FB84201D149
:10170000062705E0284FB84201D1072700E0082747
:1017100007FA08F72743CCF80878DAF8004057466C
:10172000D1F804C09C435FEACC2C00D51C433C603C
:10173000DBF800405F46D1F804C09C435FEA8C2C84
:1017400000D51C433C60DEF800407746D1F804C069
:101750009C435FEA8C3C00D51C433C60084F083F2B
:101760003C68D1F804C09C435FEACC3C00D51C43E4
:101770003C60521C102AFFF42FAFBDE8F88F000028
:10178000083C014044380240003001400000024063
:101790000004024000080240000C02400010024019
:1017A0000014024000180240001C0240006908407A
:1017B00000D001207047426921EA02030A4043EA4F
:1017C0000241816170470AB1816170470904FBE7FA
:1017D00001488068704700000C00002070B50400CC
:1017E00025D094F83D00002520B984F83C502046CF
:1017F00000F04CFA242084F83D002068016821F0B4
:10180000010101602068016841F400410160206825
:10181000016821F40041016000F004FC4D4A616858
:10182000914201D84C4900E04C49884201D2012044
:1018300070BD4B492368B0FBF1F15E6826F03F06AE
:101840000E435E606368934206D94FF49673594322
:101850004FF47A73B1FBF3F12368491C1E6A26F03A
:101860003F06314319626168914210D84900401E19
:10187000B0FBF1F2521CC2F30B02042A01D2042085
:1018800022E0B0FBF1F0401CC0F30B001CE0A268AA
:10189000F2B301EBC10303EB0116431EB3FBF6F3F6
:1018A0005B1C43F480431B0549D092B301EBC1029A
:1018B00002EB0111401EB0FBF1F0401CC0F30B0025
:1018C00040F4804040F400402168CA694CF6FF7340
:1018D0009A431043C861D4E90710014320680268A5
:1018E00022F0C00211430160D4E9030101432068E2
:1018F000826848F2FF339A4311438160D4E90501BD
:1019000008432168CA6822F0FF021043C86001E062
:101910000EE016E02068016841F0010101602564D5
:10192000202084F83D00256384F83E50002070BDDF
:1019300001EB4106431EB3FBF6F35B1CB3E701204A
:10194000C2E701EB4101401EB0FBF1F0401CC0F3C7
:101950000B00B7E7A086010080841E0000093D004F
:1019600040420F002DE9FF4F83B09A46DDE9119701
:1019700093460446DDF84080FFF72AFF054694F8B9
:101980003D00202870D1192301227149204600957D
:1019900001F0D2FB0028F5D194F83C00012863D077
:1019A000012084F83C0020680168C90703D1016860
:1019B00041F0010101602068016821F400610160CB
:1019C000222084F83D00402084F83E000026266452
:1019D000C4F82480A4F82A90608D20855D48E062D8
:1019E000CDE9007553465A462046049901F0ACFAF9
:1019F00000287CD1208DD0B1012821D00228206878
:101A000024D0416980690090208D032869D801287D
:101A10002BD0514902283B464FF00002009559D087
:101A20008846204601F088FB002860D13CE0206811
:101A3000416981690091016841F40071016077E0BA
:101A40002068016821F480610160F0E7016821F4F9
:101A5000806101602068016841F4006101602068D4
:101A600041698069009063E06FE02A46394620466C
:101A700001F0E1FB98BB20680069616A08704EE0E4
:101A80002068016841F40071016020680069616AA2
:101A90000870606A401C6062218D491E2185618D3D
:101AA000491E6185216838E02068016821F4806161
:101AB000016020680069616A0870606A401C6062A9
:101AC000208D401E2085608D401E60853B46002293
:101AD00041460095204601F02FFB00B9D0E706E013
:101AE000FFE72A463946204601F0A5FB18B1012040
:101AF00007B0BDE8F08F20680069616A0870606A0D
:101B0000401C6062218D491E2185618D491E6185C1
:101B100021684A69D24352070AD409690170606A90
:101B2000401C6062208D401E2085608D401E6085B7
:101B3000208D00287FF468AF202084F83D0084F8D1
:101B40003E6084F83C600020D2E70220D0E700002D
:101B5000020010000000FFFF040001002DE9FF4F0C
:101B600083B09A46DDE9119793460446DDF840803C
:101B7000FFF72EFE054694F83D0020287FD119235B
:101B8000012240492046009501F0D6FA002876D17E
:101B900094F83C00012872D0012084F83C002068B1
:101BA0000168C90703D1016841F0010101602068A3
:101BB000016821F400610160212084F83D0040208B
:101BC00084F83E0000262664C4F82480A4F82A90F5
:101BD000608D20852C48E062CDE9007553465A4659
:101BE0002046049901F02EFA70B930E02A463946B1
:101BF000204601F053FB58B1206C042804D1206822
:101C0000016841F400710160012007B0BDE8F08F68
:101C1000606A216800780861606A401C6062218DFA
:101C2000491E89B22185628D521E628522685369E0
:101C3000DB435B070BD469B100781061606A401C1C
:101C40006062208D401E2085608D401E6085208D45
:101C50000028CBD12A463946204601F047FA002811
:101C6000CAD154F83D0B016841F400710160202095
:101C700004F81E09E67766770020C6E7FFE7022032
:101C8000C3E70000020010000000FFFF10B586B09F
:101C9000044614216846FEF759FC1449206888421E
:101CA00021D113480021026842F00202026000685C
:101CB00000F0020005904FF4407000901220CDE932
:101CC0000101032003900420049069460948FFF7AE
:101CD00075FC07481030016841F40011016000688C
:101CE00000F40010059006B010BD00000054004044
:101CF00030380240000402400248816802781144F2
:101D0000816070470C0000200B4810B5016841F459
:101D100000710160016841F480610160016841F473
:101D200080710160032000F09FF80F2000F006F89A
:101D300000F050F8002010BD003C024030B50546D0
:101D40001F4887B00024016841F01001016000685D
:101D500006A900F01000009001A800F043F90498D3
:101D6000A8B100F05FF940001649174AB0FBF1F145
:101D70001648491E026040F2E732C0E90324C0E978
:101D80000114846100F0A0FB040003D015E000F012
:101D900049F9E9E70D4800F0D9FB04000DD13620E0
:101DA00000F034F8102D07D200222946362000F02A
:101DB0003BF80748056000E0012407B0204630BD2D
:101DC0004038024040420F0000100040002A00202E
:101DD000100000200C4882B0016841F4804101608D
:101DE000006800F4804000900748001F016841F03F
:101DF000805101600068002200F0805000900F21A7
:101E0000901E02B000F010B844380240002809DBF0
:101E100000F01F02012191404009800000F1E02004
:101E2000C0F8001170470000F0B40E4B1B680C4660
:101E3000C3F30223C3F10705042D00D90425191D9E
:101E4000072901D2002300E0DB1E012606FA05F176
:101E5000491E214099409E40761E16403143F0BCF9
:101E600002F0ECBA0CED00E0064900F00702086849
:101E70004FF6FF03184040EA0220034A104308606F
:101E8000704700000CED00E00000FA05BFF34F8F33
:101E900005480168054A01F4E06111430160BFF3A0
:101EA0004F8F00BFFDE700000CED00E00400FA05D5
:101EB0002DE9F0470E46050065D0DFF81481D8F80B
:101EC0000000F7B200F00700B04207D288F80070B7
:101ED000D8F8000000F00700B04254D128683D4C0B
:101EE000810712D5400703D5206840F4E0502060F8
:101EF0002878000703D5206840F4604020602068FF
:101F0000A96820F0F000084320602878C0072DD091
:101F1000304968680839012812D0022813D00328F4
:101F200011D00968890700292DDA216821F0030101
:101F300001432160FFF74CFC814641F2883A0EE0F4
:101F400009688903EFE709688901ECE7FFF740FCBE
:101F5000A0EB0901514502D90320BDE8F0872068B4
:101F6000696800F00C00B0EB810FEFD1D8F80010D9
:101F7000404601F00701B14207D90770006800F040
:101F80000700B04201D00120E7E72878400705D5D7
:101F90002068E96820F4E0500843206028780007B2
:101FA00006D52068296920F4604040EAC10020601D
:101FB00000F058F82168084AC1F30311515CC84089
:101FC0000649086006480068FFF7B8FE0020C4E72D
:101FD000003C024008380240DC870008180000205E
:101FE000100000200F2202600C4A136803F0030364
:101FF0004360136803F0F0038360136803F4E05355
:10200000C36012684FF4E05303EAD202026104484D
:10201000006800F0070008607047000008380240C0
:10202000003C02400448054900680968044AC1F3BD
:102030008221515CC84070471800002008380240D7
:10204000EC8700080448054900680968044AC1F3A0
:102050004231515CC84070471800002008380240E7
:10206000EC870008154810B5006810F00C02144801
:1020700013D01449042A0FD0082A0ED10F4C241F64
:102080002268236802F03F025B0207D52068C0F394
:102090008810A0FB010106E0084610BD2168C1F3CD
:1020A0008811A1FB00010023FEF762F92168C1F34A
:1020B0000141491C4900B0FBF1F010BD0838024055
:1020C0000024F40040787D012DE9F84F04006ED023
:1020D0002078DFF84C93C007A9F104054AD009F134
:1020E00004000168C1F38101012908D00068C0F330
:1020F000810002280AD1D9F80000400206D52868DC
:10210000800337D560680028E1D033E06068B0F51F
:10211000803F10D0B0F5A02F286810D020F4803078
:102120002860286820F4802028606068A8B1FFF744
:102130004FFB06460DE0286840F48030F4E740F499
:1021400080202860F7E700BFFFF742FB801B642870
:1021500073D828688003F7D50CE0FFF739FB0646F3
:1021600005E000BFFFF734FB801B6428F0D8286827
:102170008003F7D42078DFF8AC8280074FF0000AA4
:102180003ED5A748001D016811F00C0F08D000686B
:10219000C0F3810002280BD1D9F80000400207D417
:1021A0002868800716D5E068012800D112E033E1E5
:1021B000E068B8B10120C8F80000FFF709FB064647
:1021C00005E000BFFFF704FB801B0228C0D8286889
:1021D0008007F7D52868216920F0F80040EAC1009F
:1021E00028600DE0C8F800A0FFF7F2FA064604E008
:1021F000FFF7EEFA801B02281FD828688007F7D463
:102200002078000722D5864F87486169703771B101
:1022100001210160FFF7DCFA064604E0FFF7D8FA77
:10222000801B022809D838688007F7D50EE0C0F86F
:1022300000A0FFF7CDFA064605E082E0FFF7C8FAF6
:10224000801B02287DD838688007F7D420784007A3
:1022500068D5DFF8CCB100270BF13C0BDBF80000B0
:10226000C0000BD4DBF8001041F08051CBF8001017
:10227000DBF80000012700F0805000906B4E3068C2
:10228000C00510D4306840F480703060FFF7A0FAC9
:10229000009005E0FFF79CFA0099401A022850D8F8
:1022A0003068C005F6D55E4EA0686C3601280FD0A8
:1022B0000528306810D020F001003060306820F030
:1022C00004003060A068B8B1FFF782FA00900FE018
:1022D000306840F00100F4E740F004003060F7E7B8
:1022E000FFF776FA0099411A41F28830814266D8A8
:1022F00030688007F4D50EE0FFF76AFA009007E037
:10230000FFF766FA0099411A41F28830814256D8A7
:1023100030688007F4D42FB1DBF8001021F0805131
:10232000CBF80010A069C8B33D49091D0968C1F385
:10233000810102294AD00228504607D0C8F860001F
:1023400000E03CE0FFF744FA04463BE04746C8F8AB
:102350006000FFF73DFA064605E000BFFFF738FAD8
:10236000801B02282BD828688001F7D4D4E9070104
:102370000843A16A2E4A490802EB0141626A41EA18
:102380008211084394F82C1040EA0161C9F800104A
:1023900001203866FFF71CFA044606E03EE000BF65
:1023A000FFF716FA001B022809D828688001F7D524
:1023B00034E000BFFFF70CFA001B022802D903200B
:1023C000BDE8F88F28688001F4D427E00128F7D011
:1023D000D9F80000E26900F4800191421CD1226A20
:1023E00000F03F01914217D147F6C071626A014087
:1023F000B1EB821F10D1A26A4FF0FF3300F44031DD
:1024000003EB5202B1EB024F06D194F82C1000F00E
:102410007060B0EB016F01D00120D1E70020CFE761
:102420000438024000004742800E474200700040DE
:102430000000FFFF7047704770B590F83C20012AFC
:1024400032D0012480F83C40022280F83D2003680D
:102450005A689D6822F070060A6832435A60134B2E
:1024600002689A4214D0B2F1804F11D0104B9A42B8
:102470000ED0104B9A420BD00F4B9A4208D00F4B04
:102480009A4205D00E4B9A4202D00E4B9A4204D18A
:10249000496825F080031943916080F83D40002190
:1024A00080F83C10084670BD022070BD000001405D
:1024B0000004004000080040000C004000040140FF
:1024C000004001400018004010B5040003D094F80B
:1024D0003D0010B107E0012010BD002084F83C0051
:1024E000204600F01FF8022084F83D00211D2068DE
:1024F00001F05EFC012084F8460084F83E0084F878
:102500003F0084F8400084F8410084F8420084F8D9
:10251000430084F8440084F8450084F83D0000201E
:1025200010BD000008B500680649884208D1064879
:10253000016841F020010160006800F02000009077
:1025400008BD0000001400404038024090F83D10E3
:10255000012901D001207047022180F83D10016857
:10256000CA6842F00102CA6000681149884214D06A
:10257000B0F1804F11D00F4988420ED00E498842E9
:102580000BD00E49884208D00D49884205D00D492C
:10259000884202D00C49884204D1816801F00701C9
:1025A000062903D0016841F0010101600020704755
:1025B000000001400004004000080040000C004002
:1025C000000401400040014000180040704770B511
:1025D0000446006801694FF00005C943890715D416
:1025E000C168C943890711D4E91E01610120207720
:1025F000206880698007204602D0FFF7E7FF04E0EB
:1026000000F098F8204600F096F8257720680169D8
:10261000C943490717D4C168C943490713D46FF0A8
:1026200004010161022020772068806910F4407F56
:10263000204602D0FFF7CAFF04E000F07BF82046F6
:1026400000F079F8257720680169C943090716D495
:10265000C168C943090712D46FF008010161042061
:1026600020772068C0698007204602D0FFF7AEFFC0
:1026700004E000F05FF8204600F05DF82577206860
:102680000169C943C90617D4C168C943C90613D42F
:102690006FF010010161082020772068C06910F4F4
:1026A000407F204602D0FFF791FF04E000F042F89F
:1026B000204600F040F8257720680169C943C90722
:1026C00008D1C168C943C90704D1891E01612046E8
:1026D00000F032F820680169C943090609D4C168CD
:1026E000C943090605D46FF0800101612046FFF758
:1026F000A1FE20680169C943490609D4C168C943DC
:10270000490605D46FF040010161204600F01EF833
:1027100020680169C94389060BD4C168C943890689
:1027200007D46FF0200101612046BDE87040FFF73B
:1027300082BE70BD7047704700680349884201D16E
:10274000FFF7DABA7047000000100040704770478A
:1027500010B504460068406994F83D10C0F3C010FD
:10276000212911D180B12068143050E8001F21F0D8
:10277000800140E80012002AF5D1606B08B1FEF735
:1027800050FD204601F040FC2068406994F83E105E
:10279000C0F38010222911D180B12068143050E894
:1027A000001F21F0400140E80012002AF5D1A06B83
:1027B00008B1FEF736FD204601F0FFFB002010BDFA
:1027C00070470000F8B5016804460868CA684B699C
:1027D00010F00F0F4FF000055AD003F0010602F47D
:1027E0009077374365D0C10705D0D10503D5216C5B
:1027F00041F001012164410705D5D90703D0216CBF
:1028000041F002012164810705D5D90703D0216C6D
:1028100041F004012164010707D502F02001314392
:1028200003D0216C41F008012164216C00293BD0C8
:10283000800604D5900602D5204601F0F3FB2068FF
:102840004069216CC0F3801001F00801014320466B
:102850002BD001F0B2FB20684069400621D52068EA
:10286000143050E8001F21F0400140E80012002A17
:10287000F5D1A06BA8B16C490165A06BFEF71AFDFC
:10288000002811D0A06B016D01B0BDE8F0400847F1
:1028900083060ED593060CD52046BDE8F84001F01E
:1028A000C1BB2046FFF78CFFF8BDFFF789FF256409
:1028B000F8BD266B2023012E79D1C60677D5D60622
:1028C00075D50868486800904869400640D5A16BF6
:1028D000086840680004000CEAD0A28D8242E7D963
:1028E000E085C869B0F5807F2DD020680C3050E8B5
:1028F000001F21F4807140E80012002AF5D1206801
:10290000143050E8001F21F0010140E80012002AB5
:10291000F5D12068143050E8001F21F0400140E854
:102920000012002AF5D184F83E30256320680C306F
:1029300050E8001F21F0100140E80012002AF5D1F4
:10294000A06BFEF76EFCA08DE18D401A81B229E0EC
:10295000A08DE18D401A81B2E08D0028A8D0002919
:10296000A6D020680C3050E8002F22F4907240E886
:102970000026002EF5D12068143050E8002F22F0F8
:10298000010240E80026002EF5D184F83E30256390
:1029900020680C3050E8002F22F0100240E800239D
:1029A000002BF5D12046FFF7D2FEF8BDFFE7050664
:1029B0002BD5150629D594F83D002128F5D1A0681E
:1029C000B0F5805F01D12069B0B1206A411C21625D
:1029D000216800784860E08C401E0004000CE08410
:1029E000E3D12068C16821F08001C1602068C1681E
:1029F00041F04001C160D8E7206A0088C0F30800B8
:102A00004860206A801C2062E5E74006CDD550066C
:102A1000CBD5CA68204622F04002CA6084F83D3017
:102A200000F056FAC1E70000793E000870B50400D6
:102A300004D094F83D00002510B106E0012070BDDF
:102A400084F83C50204600F023F8242084F83D0010
:102A50002068C16821F40051C160204601F042FBAA
:102A60002068016921F4904101612068416921F0E9
:102A70002A0141612068C16841F40051C1602564A8
:102A8000202084F83D0084F83E00002070BD000046
:102A90002DE9F04F87B0044614216846FDF756FD36
:102AA000C048BF4B1438D4F800C0DFF8F8E2022168
:102AB00003228715002506154FF0070B4FF040093C
:102AC0004FF0006A9C4554D1DEF800C04CF0100C69
:102AD000CEF800C0DEF8003003F010030593036861
:102AE00043F002030360006800F002000590C0207C
:102AF0008DE82300CDE9032B6946AB48FEF75EFD68
:102B0000DFF8AC82A9494046C8F80010C0E901A529
:102B1000C0E90356C8F81450C0E90657C8F8205059
:102B2000C8F82450FEF7A8FC08B1FEF7F8FAA04F49
:102B3000C4F838806037C8F83840C7F80890C7E94B
:102B400003567D61BD619948FD613D6278307D62CB
:102B5000C7E9000A3846FEF78FFC08B1FEF7DFFA36
:102B60006763002205212520BC63FFF75DF925205E
:102B700059E08C4BDFF83C821B1FC44558D1D3F879
:102B800000C04CF4003CC3F800C01B6803F40033E1
:102B90000593036843F008030360006800F0080031
:102BA000059060208DE82300CDE9032B694682481B
:102BB000FEF704FDDFF8F881804908F1C0084046BF
:102BC000C8F80010C0E901A5C0E90356C8F81450C0
:102BD000C0E90657C8F82050C8F82450FEF74CFC4E
:102BE00008B1FEF79CFA764FC4F83880C8F8384030
:102BF000C7F80890C7E903567D61BD616F48FD6164
:102C00003D6218307D62C7E9000A3846FEF734FCA1
:102C100008B1FEF784FA6763002205212620BC6311
:102C2000FFF702F92620FFF7F1F807B0BDE8F08FB3
:102C3000DFF89081C44557D1D3F800C04CF4802C04
:102C4000C3F800C01B6803F480230593036843F0B6
:102C500004030360006800F0040005904FF4406036
:102C60008DE82300CDE9032B69465748FEF7A6FC03
:102C7000DFF84C81514908F1600860394046C8F8D6
:102C80000010C0E901A5C0E90356C8F81450C0E916
:102C90000657C8F82050C8F82450FEF7EDFB08B1DD
:102CA000FEF73DFA464FC4F83880C037C8F83840C0
:102CB000C7F80890C7E903567D61BD613F48FD61D3
:102CC0003D6230387D62C7E9000A3846FEF7D4FB22
:102CD00008B1FEF724FA6763002205212720BC63B0
:102CE000FFF7A2F827209EE7384B9C459DD1DEF8E0
:102CF00000C04CF0200CCEF800C0DEF8003003F02D
:102D000020030593036843F004030360006800F0A8
:102D100004000590C0208DE823000820CDE90320A1
:102D200069462948FEF74AFC2049DFF8A480183993
:102D300040464FF0206AC8F80010C0E901A5C0E97C
:102D40000356C8F81450C0E90657C8F82050C8F810
:102D50002450FEF791FB08B1FEF7E1F91C4FC4F8CF
:102D600038806037C8F83840C7F80890C7E903567C
:102D70007D61BD610D48FD613D6260307D62C7E9E6
:102D8000000A3846FEF778FB08B1FEF7C8F967631A
:102D9000002205214720BC63FFF746F8472042E7A1
:102DA00000100140443802400004024040640240E8
:102DB0000027002000440040000C024088600240D0
:102DC0002028002000480040000802400014014074
:102DD0004029002090F83E30202B0ED159B152B13D
:102DE00090F83C30012B08D0012380F83C300023C0
:102DF000036301F0FDB9012070470220704790F88D
:102E00003E30202B0ED159B152B190F83C30012BFD
:102E100008D0012380F83C300023036301F032BA6C
:102E200001207047022070470449884204D10122E2
:102E300034390248FFF7E3BF70470000F025002057
:102E40007047000070B5044690F83D00202836D148
:102E500091B38AB394F83C00012830D0012084F863
:102E60003C002162A284E28400252564212084F8AC
:102E70003D00636B1348D863636B13481864636B3E
:102E80001248D864606B134605652668606B321D76
:102E9000FEF75CFB21686FF04000086084F83C504E
:102EA0002068143050E8001F41F0800140E8001213
:102EB000002AF5D1002070BDFFE70120FBE70220CA
:102EC000F9E700006F3F0008B13F0008893E0008A5
:102ED000416B09680A6822F001020A600A49006829
:102EE0000968884205D10948017821F00201017082
:102EF00070470549883109688842F9D100224FF4AA
:102F000080610348FEF75FBCF0250020B821002057
:102F1000000002407047FEE701684A69D24352054B
:102F20000FD46FF480624A61002140F8301F2022E4
:102F300042738173026942F004020261017301204D
:102F400070470020704700002DE9F84F04460068E4
:102F500089460B9D01689846174641F480610160DF
:102F60002068016841F48071016000954FF0011BF9
:102F70000022594620460A9B00F0DEF84FF4007A02
:102F800040B120680068C00501D5C4F840A0032006
:102F9000BDE8F88F216809F0FE0008612B4628493A
:102FA00020460A9A00F0FCF8F0BB2068416980696D
:102FB00000902A4620460A9900F070F940B1206C32
:102FC00004283AD12068016841F40071016034E0BE
:102FD000FEB2B8F1010F09D02168380A08612A460B
:102FE00020460A9900F05AF90028E8D120680661C5
:102FF0002A4620460A9900F051F90028DFD12068BE
:10300000016841F480710160009500225946204614
:103010000A9B00F091F80028B3D1216809F0FF0065
:1030200040F00100086100E007E02B46044920461B
:103030000A9A00F0B5F80028AAD00120A8E70000FD
:10304000020001002DE9F843044600680D46DDE961
:10305000089701689846164641F4807101604B4616
:1030600000224FF001112046009700F065F848B1AA
:1030700020680068C00502D54FF40070206403206A
:10308000BDE8F883216805F0FE0008613B464A462A
:103090001549204600F084F888B9206841698069A4
:1030A00000903A464946204600F0F8F848B1206CB6
:1030B000042804D12068016841F4007101600120F6
:1030C000DEE7F5B2B8F1010F09D02168300A0861D6
:1030D0003A464946204600F0E1F80028E7D120684A
:1030E00005610020CCE700000200010070B5164623
:1030F0000D4604460DE02046FFF70EFF08B1012003
:1031000070BD681C05D0FEF763FB801BA84207D882
:1031100035B120684069C0434007ECD4002070BD41
:10312000002044F8300F20216173A073216941F021
:10313000200121612073E2E72DE9F0471E46904609
:103140000D460446C1F30747DDF8209008E0701CE7
:1031500006D0FEF73DFBA0EB0900B0420FD876B1D8
:103160002068012F18D0806925EA00000004000CB7
:1031700014D000214145EAD00020BDE8F0870020AE
:1031800044F8300F20216173A073216941F02001C0
:10319000216120730120F0E74069E5E70121E9E7BB
:1031A0002DE9F0479A4691460E46044600254FF019
:1031B0002008C1F3074725E020684069C043400567
:1031C00014D42068016841F40071016021686FF433
:1031D00080604861256384F83D8084F83E50206C0F
:1031E00040F00400206484F83C501FE0B9F1FF3F38
:1031F00008D0FEF7EDFAA0EB0A0149450CD8B9F169
:10320000000F09D02068012F13D0806926EA000042
:103210000004000C0BD0CFE744F8305F84F80D8039
:10322000A573206940F02000206125730120BDE8CE
:10323000F0874069EAE72DE9F041002590460E4607
:103240000446202717E04069C043C0060CD454F858
:10325000301B6FF01000486144F810596777A5776C
:10326000206A2062257717E0FEF7B2FAA0EB08008B
:10327000B04208D83EB120684169C9434906E2D44A
:103280000020BDE8F08144F8305F6773A5732069C2
:1032900040F02000206125730120F2E770B516464A
:1032A0000D4604460DE02046FFF736FE08B101202A
:1032B00070BD681C05D0FEF78BFA801BA84207D8AA
:1032C00035B120684069C0430006ECD4002070BDD1
:1032D000002044F8300F20216173A073216941F070
:1032E000200121612073E2E770B5642405460129BD
:1032F00011D001F0B7FC6320401EFDD1284601F03B
:10330000BFFC611E491EFDD1284601F0ABFC641EC6
:10331000641EFDD170BD01F0B3FC6320401EFDD1E1
:10332000284601F09FFC611E491EFDD1284601F090
:10333000A7FC641E641EFDD170BD000070B503467D
:1033400000200246012906D002290AD0032906D00E
:10335000042907D101E0012204E0082202E004224E
:1033600000E00222082B15D2C3F1070101EBD17650
:103370000B4DC6F34703042BEC5C0BD226F0010087
:10338000081A10F0FF0F06D004F00F0141EA0210F6
:10339000E854012070BD04F0F0001043F8E700008D
:1033A0009D000020294808B5016841F40011016022
:1033B000016801F400110091016841F4800101608D
:1033C0000068002200F48000009005210C20FEF728
:1033D0002BFD0C20FEF71AFD002205210E20FEF722
:1033E00023FD0E20FEF712FD002205211020FEF71E
:1033F0001BFD1020FEF70AFD002205211120FEF71B
:1034000013FD1120FEF702FD002205213920FEF7F1
:103410000BFD3920FEF7FAFC002205213A20FEF7C9
:1034200003FD3A20FEF7F2FC002205214520FEF7BD
:10343000FBFC4520FEF7EAFC002205214620FEF7B2
:10344000F3FCBDE808404620FEF7E0BC30380240FF
:1034500010B58EB01C220B496846FDF745F80021D7
:10346000684602F0CFFD084C06491C2220601C3142
:1034700007A8FDF739F8002107A802F0C3FD606036
:103480000EB010BD9C870008000000202DE9F04F11
:1034900087B014216846FDF759F8544800250168A3
:1034A00041F010010160016801F01001059101680F
:1034B00041F004010160016801F004010591016817
:1034C00041F080010160016801F08001059101680F
:1034D00041F001010160016801F0010105910168FD
:1034E00041F008010160016801F0080105910168DF
:1034F00041F0020101600068DFF8F48000F0020092
:103500004FF67C040590002221464046FEF75BF909
:10351000DFF8E090002242F20D014846FEF753F931
:10352000DFF8D4B04FF40046002231465846FEF78B
:103530004AF9DFF8C8A07711002239465046FEF755
:1035400042F9012220212E48FEF73DF90094012482
:1035500001940294694640460394FEF72FF842F224
:103560000800CDE9000469464846CDE90245FEF76A
:1035700025F80520CDE900040294694648460394E5
:10358000FEF71CF81820CDE9000569465046029563
:10359000FEF714F8F81CCDE9000569460294404690
:1035A000FEF70CF8CDE9006469465846CDE90245BE
:1035B000FEF704F8CDE9007469465046CDE90245AE
:1035C000FDF7FCFF9F20CDE90005694602945846AF
:1035D000FDF7F4FF20208DE8310069460848039488
:1035E000FDF7ECFF07B0BDE8F08F00003038024077
:1035F0000010024000080240000C0240000002409F
:10360000000402400D4810B50B4901600C494160AF
:1036100000214FF480428160C0E903124161816161
:10362000C1610162FEF7DAF8002803D0BDE810405E
:10363000FDF775BD10BD0000005400401C210020A6
:10364000801A06001CB500240E4800940C49019411
:1036500001605321C0E901144FF6FF718461C1601C
:10366000FEF732FF08B1FDF75AFD009469460548A0
:103670000194FEF7E1FE002801D0FDF750FD1CBDCE
:1036800000140040702100200C4810B50A49016068
:103690004FF4E1314160002181600C22C160C0E93A
:1036A00004128161C161FFF7C1F9002803D0BDE8B0
:1036B0001040FDF734BD10BD00100140F025002082
:1036C0000C4810B50A4901604FF4E1314160002116
:1036D00081600C22C160C0E904128161C161FFF701
:1036E000A5F9002803D0BDE81040FDF718BD10BDB6
:1036F00000440040342600200C4810B50A490160FF
:103700004FF4E1314160002181600C22C160C0E9C9
:1037100004128161C161FFF789F9002803D0BDE877
:103720001040FDF7FCBC10BD00480040782600208A
:103730000C4810B50A4901604FF4E13141600021A5
:1037400081600C22C160C0E904128161C161FFF790
:103750006DF9002803D0BDE81040FDF7E0BC10BDB6
:1037600000140140BC260020FEE700000A48D0F803
:103770000813491CC0F8081308490969012907D032
:10378000022903D00B2903D00C2903D100F039B949
:1037900000F02AB870470000AC0000204804002068
:1037A000D0F80813C822B1FBF2F302FB1311002971
:1037B00016D1B0F84E1341F02001A0F84E1309497C
:1037C0000969012902D00B2905D101E0022100E09D
:1037D0000C2180F85F130021A0F8521380F84C13DD
:1037E000704700004804002010B5044600F09CF823
:1037F000204600F0D6F801280BD1B4F8041304F2E7
:103800000120085CA52804D12046BDE8104000F046
:103810004FB810BD70B504460020B4F84E138A06A8
:1038200043D521F02000A4F84E0320480069012868
:1038300001D00B2801D184F8040194F85F0384F8C7
:103840000501062084F806017E2184F8071184F81A
:10385000080104F209100C2102F074FE94F86003D0
:1038600084F82101002084F8600304F59170102190
:1038700002F0AEFF04F5B170102102F04BFE7F2183
:1038800004F5827084F85E13054600F0C7FE94F8D4
:103890005E13030A4A1C84F85E234B5594F85E13AA
:1038A0004A1C84F85E234855012070BD480400205E
:1038B00030B5027900214479022A01D00C2A0CD1BA
:1038C000184B012C1B6906D00B2C06D10B2B04D1F5
:1038D0000C2A03D003E0012BFAD030BD02228379F9
:1038E000862BFAD1C379222BF7D100EB421400BF0B
:1038F00000EB810204EB8103157A83F8EC52557AD0
:1039000083F8ED52957A83F8EE52491CD27A89B247
:1039100083F8EF220829EBD300EB8101097A80F8C4
:10392000611330BD4804002070B50446FFF738FF2E
:1039300094F84C03012128B1002501280DD002285C
:103940002AD11CE0B4F85203401C80B2A4F8520300
:103950000F2801D384F84C1370BD2046FFF75AFF9F
:103960000128F9D1206894F85E2304F58271436B35
:103970009847022084F84C03A4F8545370BDB4F85F
:103980005403421CA4F854233C2801D384F84C135C
:1039900094F806030128F1D184F84C53A4F852534B
:1039A00070BD2DE9F0410446002690F80603354627
:1039B000012823D1002084F80603B4F80413C81E9C
:1039C000FD281BD204F2022004F20322085C8A5C68
:1039D000891E02EB002087B204F5017000F01EFE84
:1039E000B84206D00AE060196D1C90F8041201710B
:1039F000ADB2B4F80403A842F5D801263046BDE8BC
:103A0000F08110B5044600F043F82046FFF7C9FFE7
:103A1000012804D12046BDE8104000F001B810BDD7
:103A200010B5044600796179012801D00B282BD10B
:103A3000022901D1012805D0144A12698A4223D1F2
:103A40000B2821D1A07906281ED1E0797E281BD130
:103A5000207A062818D104F109000C2104F0D6FAC6
:103A600094F8210084F8610304F12200102104F08D
:103A7000EBFA04F16200102104F0AAFAB4F858033A
:103A800040F02000A4F8580310BD000048040020B6
:103A900070B5044690F8560318B10025012818D1D6
:103AA0000BE0B4F85C03401C80B2A4F85C030A2865
:103AB00002D3012084F8560370BD204600F00CF8B4
:103AC0000128F9D1206894F85E2304F58271436BD4
:103AD000984784F8565370BD70B504460020B4F87A
:103AE000581305468A065FD521F02000A4F8580334
:103AF0003148006984F80401022856D00C2856D0B9
:103B00006079862184F80611222184F8071104EBDC
:103B10004016E8B201F002FB06EB85006D1CADB269
:103B200080EDBB0A082DF4D35FF0000006EB8001A6
:103B300004EB800291F8EC3282F8083191F8ED3212
:103B400082F8093191F8EE3282F80A31401C91F87E
:103B5000EF1280B282F80B110828E7D304EB800142
:103B600094F8602381F80821002284F8602394F8F7
:103B7000622381F80921062101EB8000C1B204F51E
:103B8000827084F85E13054600F048FD94F85E13D9
:103B9000030A4A1C84F85E234B5594F85E134A1CB2
:103BA00084F85E234855012070BD012000E00B2001
:103BB00084F805010220A4E7480400200D480C49C0
:103BC00000F5417201604A61911C026891610268CE
:103BD00000F58271D161026800F501711162002166
:103BE000A0F8041380F806130068816A08470000F3
:103BF000000B0020AC000020FEE710B54478002345
:103C0000096994420BD3427006E0426851F82340A0
:103C100042F833405B1CDBB242789A42F5D810BDC3
:103C20000C4910B50B888C880989234419440A4B28
:103C300089B240F2E5741960024661430020C1F385
:103C40000B018A4204D142F2CD00C3E901200120D8
:103C500010BD0000CC6E002010040020054A052392
:103C600003EB00109268104402680A6040684860E4
:103C700070470000E07C002030B50C4C0A46054639
:103C800001462046FFF7B9FF2046FDF7AAFA204675
:103C9000FCF739FE2046FCF7FCFD2046FCF76CFDE6
:103CA00029462046BDE8304000F034BBE07C0020CF
:103CB000012002F09BF9FBE7012002F097F900F0E8
:103CC0008DFCF9E710B5502080F31188BFF34F8FBA
:103CD000BFF36F8F04F0B8FA18B104494FF0805069
:103CE0000860002080F3118810BD000004ED00E0A2
:103CF00030B593B030216846FCF728FC14210CA89D
:103D0000FCF724FC1E480025016841F08051016049
:103D1000006800F0805011901A48016841F4804119
:103D200001600068022400F480401190012000909E
:103D3000000401908001CDE90640192008904FF45D
:103D4000A870CDE9090404200B906846FEF7BCF981
:103D500008B172B6FEE70CA90F2081E831004FF4DC
:103D6000A0500F904FF48050109005210CA8FEF742
:103D70009FF8002801D072B6FEE713B030BD0000F6
:103D800040380240007000400248016841F4700170
:103D90000160704788ED00E003480168491C01603C
:103DA0000248FEF714BC000008000020002A002092
:103DB000F0B50268254C264D264E274F274B4FF075
:103DC000804CA04209D0604507D0A84205D0B0423F
:103DD00003D0B84201D0984204D122F0700E4A6854
:103DE00042EA0E02A0421BD0604519D0A84217D06B
:103DF000B04215D0B84213D0984211D0184DA84205
:103E00000ED0184DA8420BD0174DA84208D0174D20
:103E1000A84205D0164DA84202D0164DA84203D1A3
:103E200022F44075CA682A434D6922F080022A4371
:103E300002608A68C2620A688262A04201D0984227
:103E400001D10969016301214161F0BD0000014018
:103E50000004004000080040000C00400004014045
:103E6000004001400044014000480140001800406B
:103E7000001C00400020004010B5806B0021C1856F
:103E8000C184FEF79DFC10BD70B5846B206840694D
:103E900094F83D10C0F3C0100025212904D118B1B9
:103EA000E584204600F0B0F82068406994F83E10A0
:103EB000C0F38010222904D118B1E585204600F016
:103EC0007CF8206C40F0100020642046FEF778FC5F
:103ED00070BD10B50146806B09680968C9052FD40B
:103EE0000021C18501680C3151E8002F22F4807255
:103EF00041E80023002BF5D10168143151E8002F6F
:103F000022F0010241E80023002BF5D101681431B1
:103F100051E8002F22F0400241E80023002BF5D1A8
:103F2000202180F83E10016B012909D101680C3174
:103F300051E8002F22F0100241E80023002BF5D1B8
:103F4000016B012902D0FEF76FFF10BD818DFEF7D6
:103F5000FEFB10BD10B5806B016B012902D0FEF78E
:103F60006FFF10BD818D4908FEF7F1FB10BD10B544
:103F70000146806B09680968C90516D40021C1840F
:103F80000168143151E8002F22F0800241E800233B
:103F9000002BF5D101680C3151E8002F42F04002AE
:103FA00041E80023002BF5D110BDFEF791FF10BDB5
:103FB00010B5806BFEF7AEFF10BD01680C3151E803
:103FC000002F22F4907241E80023002BF5D1016804
:103FD000143151E8002F22F0010241E80023002BA8
:103FE000F5D1016B012909D101680C3151E8002F8D
:103FF00022F0100241E80023002BF5D1202180F8A7
:104000003E1000210163704701680C3151E8002F18
:1040100022F0C00241E80023002BF5D1202180F8D6
:104020003D10704708B590F83E10222901D00220BB
:1040300008BD82684FF480539A4201D1016921B1D1
:10404000816A9A421BD04AB10AE00268816A5268CA
:10405000C2F308020A80816A891C08E0026972B111
:104060000268526802F07F020A70816A491C81620C
:10407000C18D491E0904090CC18503D019E00268ED
:104080005268F1E70168CA6822F02002CA6001683C
:10409000CA6822F48072CA6001684A6922F001028B
:1040A0004A61202180F83E10016B012903D0FEF700
:1040B000BBFE002008BD0021016301680C3151E8FE
:1040C000002F22F0100241E80023002BF5D10168F7
:1040D0000A68D20602D50A6849680091818DFEF708
:1040E00036FBE6E770B5044600680169E26821F432
:1040F0004051114301612169A068E2690843616987
:10410000114308432168CA6849F20C639A43024389
:10411000CA6020684169A26921F44071114341617C
:1041200031492068884202D03049884202D1FDF7E7
:1041300089FF01E0FDF776FFE2690023192164257C
:104140003226B2F5004F626828D0A0FB0101930F20
:104150009200FCF70DF90146B0FBF5F06FF0180284
:10416000504301EB800006EB0010B0FBF5F000F0CF
:10417000F002B1FBF5F002EB0012B1FBF5F06FF0CD
:104180001803584301EB800006EB0010B0FBF5F07C
:1041900000F00F0021681044886070BDA0FB010191
:1041A00092185B41FCF7E4F80146B0FBF5F0020120
:1041B000B1FBF5F06FF01803584301EB800006EBFC
:1041C000C000B0FBF5F000F0F80002EB4002B1FBDC
:1041D000F5F0584301EB800006EBC000B0FBF5F0B2
:1041E00000F00700D6E70000001001400014014075
:1041F00038B5816282850025134604460564222075
:1042000084F83E00A26B1C48D063A26B1B4810646C
:10421000A26B1B48D064A06B0A4605652168A06BA1
:10422000091DFDF793F9206801684068009084F843
:104230003C50206948B120680C3050E8001F41F420
:10424000807140E80012002AF5D12068143050E84F
:10425000001F41F0010140E80012002AF5D120685A
:10426000143050E8001F41F0400140E80012002ADD
:10427000F5D1002038BD0000D33E0008553F0008AE
:10428000893E000881628285C28500210164222264
:1042900080F83E2080F83C10016921B10168CA68AD
:1042A00042F48072CA6001684A6942F001024A61C0
:1042B0000068C16841F02001C16000207047000023
:1042C00010B5044800F036F8BDE810400148FEF78C
:1042D00079BA0000F025002010B5044800F052F82B
:1042E000BDE810400148FEF76DBA000034260020FA
:1042F00010B5044800F06EF8BDE810400148FEF724
:1043000061BA0000782600200148FEF75BBA000081
:10431000BC2600200022896907E0436803EBC20342
:104320001B7921F81230521CD2B243789342F4D850
:104330007047FEE738B5114C0168206881421CD1F6
:104340000968C943C90618D401684068009020462E
:10435000FEF7FEF9A06B0068416809480122C1F52B
:10436000807180F85822A0F8561200F155012046BD
:10437000BDE838401202FEF72DBD38BDF025002003
:10438000C804002038B5114C0168206881421CD156
:104390000968C943C90618D40168406800902046DE
:1043A000FEF7D6F9A06B0068416809480122C1F503
:1043B000807180F82825A0F8261500F225312046C6
:1043C000BDE838401202FEF705BD38BD3426002096
:1043D000C804002038B5174C01682068814227D1F5
:1043E0000A68D243D20618D401684068009020467B
:1043F000FEF7AEF9A06B006841680F480122C1F5D5
:10440000807180F80623A0F8041300F5017120469E
:10441000BDE838401202FEF7DDBC0A68D2435206FE
:1044200003D50968C943090602D4016840680090B1
:1044300038BD000078260020AC0000200907090ED6
:10444000002804DB00F1E02080F80014704700F041
:104450000F0000F1E02080F8141D70470E4910B5E0
:1044600002468C6D00200D4B0969062C0BD0082CE0
:1044700008D10120002905D00320012902D193424F
:1044800000D1012010BD0029FCD002200129F9D162
:104490009342F7D1002010BD48040020C80400203A
:1044A0002DE9FE4F00278B468118B846B946B1F575
:1044B000804F3CD815460646DFF87CA022E000BFBE
:1044C00006EB080086B206F03F00C0F14004AC42A3
:1044D00000D32C460A2000F093FBDAF80C20DAF81F
:1044E00014100092CDE90141BAF8041010233246AD
:1044F000DAF80000FDF736FA070007D040F2411164
:10450000AAF81810A5B1002FDAD011E00BEB0900C2
:1045100022460A49FBF7A3FF09EB0400A0461FFA55
:1045200080F9A5EB080005042D0CC9D100E0012796
:104530003846BDE8FE8F0000C00B0020507B0020F5
:104540002DE9FE4F00271446064620448B46B94607
:10455000B846B0F5804F39D80E2000F091FBDFF857
:1045600074A026E006EB090086B206F03F00C0F119
:104570004005A54200D325460BEB08012A46164804
:10458000FBF76DFF0A2000F03BFBDAF80820DAF8B1
:1045900014100092CDE90151BAF8041010233246EC
:1045A000DAF80000FDF7DAFA070006D07B21AAF856
:1045B000181064B1002FD5D009E008EB0500A9461A
:1045C0001FFA80F8A4EB090084B2F2E7012738460D
:1045D000BDE8FE8FC00B0020907B0020084810B57E
:1045E0000168491C016001F0AFFB00F0F9FBFFF727
:1045F000BDF802F0FDFFBDE8104001F029BC00004D
:10460000A800002010B5002400212046FEF796FEE9
:10461000641CE4B2082CF7D310BD000070B50C4D3B
:10462000FF22134605F5807606E000BF10F8014B27
:104630005C402B5D5340325D491EF7D24FF6FF7050
:1046400000EA022000F47F40184480B270BD0000F0
:10465000F487000870B500242DED028B25469FEDF0
:104660001E8A2646D8B1082816D8401EC0B200F0CF
:10467000ADFA00BF00EB85016D1CEDB24E630A2D53
:10468000F8D3002100EB8102491C82ED218AC9B2D6
:1046900082ED2C8A0B29F5D3BDEC028B70BD204630
:1046A00000F094FA0146002001EB8002401CC0B2E9
:1046B00056630A28F8D3002001EB8002401C82EDEB
:1046C000218AC0B282ED2C8A0B28F5D3641CE4B297
:1046D000082CE4D3E0E700000000000030B5002122
:1046E000134C0A460B4680B108280DD8401EC0B2B4
:1046F00000EB800004EB001101EB4200521C8382AE
:10470000D2B203850A2AF7D330BD01EB8102002023
:1047100004EB021202EB4005401CAB82C0B22B85B9
:104720000A28F7D3491CC9B20929EED330BD0000CD
:104730008078002010B50020074B0446052103F1C6
:10474000200200BF23F8104022F81010401CC0B215
:104750001028F7D310BD00008075002010B5B0F808
:104760005A2200240A49A2F50453023B0ED1B0F8A4
:104770005E220124A2F525435A3B07D10122A0F86D
:104780006022A1F86022104602F01AFF204610BDF8
:10479000C804002010B5B0F85A2200210E2A05D115
:1047A0000121A0F8B41203F0FBF80121084610BD66
:1047B00070B50446B0F8B202002501280CD1B4F857
:1047C000C802012550B101280FD0022814D00026BC
:1047D00003281AD0A4F8C862284670BD204602F00B
:1047E00073FB0028F8D001200CE0204602F05EFAAE
:1047F0000028F1D0022005E0204602F027FB002827
:10480000EAD00320A4F8C802E6E7204602F0A6FAA0
:104810000028E1D0A4F8C862A4F8B2620025DBE762
:10482000F0B5002690F8B9C2A1B001230446314684
:10483000354601AABCF1800F17D00CDCBF484FF001
:104840000707BCF1090F74D2DFE80CF092A2B9D0CF
:10485000737373F0EE00ACF1810CBCF1060FF2D271
:10486000DFE80CF0152535455568B4F8B40208B1F9
:10487000812056E1D4F898026421B0FBF1F201FBEB
:104880001200002802D1204602F032FC53E1D4E9A4
:10489000A601814202D90A1A282A04D28142F5D2FD
:1048A000401A2828F2D3204602F00EFB3EE0D4E95D
:1048B000A601814202D90A1A282A04D28142E5D2ED
:1048C000401A2828E2D3204602F0C0FA2EE0D4E9AC
:1048D000A601814202D90A1A282A04D28142D5D2DD
:1048E000401A2828D2D3204602F075FA1EE0D4E9F7
:1048F000A601814202D90A1A282A04D28142C5D2CD
:10490000401A2828C2D3204602F0D0F90EE0D4E99C
:10491000A601814202D90A1A282A04D28142B5D2BC
:10492000401A2828B2D3204602F018FA00282ED1C7
:1049300001E1F9E0D4E9A601814202D90B1A282B42
:1049400004D2814213D2401A282810D31023002009
:10495000411C09B222F8101008469942F8DB43F6D0
:1049600001112046009503F003F984F8B952E2E002
:10497000D4E9A601814202D90A1A282A04D2814226
:1049800051D2401A28284ED3204602F087FBC5E0BA
:10499000D4E9A603834202D91F1A282F04D28342E6
:1049A00041D2C01A28283ED322F81150491C09B21E
:1049B0002029F9DB8BB24FF440510095ABE0D4E9EC
:1049C000A603834202D91F1A282F04D283422AD277
:1049D000C01A282827D322F81150491C09B21029DF
:1049E000F9DB8BB24FF44451009594E0D4E9A6036F
:1049F000834204D9A3EB000CBCF1280F04D28342FC
:104A000011D2C01A28280ED322F81150491C09B21D
:104A10000C29F9DB8BB241F201212046009503F00D
:104A2000A7F884F8B97286E014E0FFE7D4E9A6128B
:104A30008A4202D9571A282F04D28A427BD2891A75
:104A4000282978D30088ADF8040001AA4FF48051DA
:104A5000009560E0D4E9A6128A4202D9531A282BA5
:104A600004D28A4267D2891A282964D38188ADF892
:104A700004100189ADF8061090ED030A162301AA6F
:104A8000BDEEC00A10EE101AADF8081030F8101F75
:104A9000ADF80A108188ADF80C100189ADF80E1040
:104AA0008189ADF81010018AADF81210818AADF835
:104AB000141090ED060ABDEEC00A10EE101AADF803
:104AC0001610018FADF81810818EADF81A10018EF6
:104AD000ADF81C10818BADF81E10018CADF82010C4
:104AE000818CADF8221040F2B341ADF82410ADF83E
:104AF0002610818FADF82810B0F84010ADF82A10BC
:104B0000B0F84410ADF82C10B0F84800ADF82E0005
:104B100041F20A010095204603F02AF894F8B90200
:104B2000401C84F8B90206E0B4F8B602012802D1AC
:104B3000A4F8A432012621B03046F0BD480400207C
:104B400070B50446B0F8A402002501280FD1094829
:104B50000125006910B10220A4F8BC02B4F9BC120E
:104B6000204602F03DFA10B10020A4F8A402284625
:104B700070BD00004804002070B5054690F84C0058
:104B80000024122808D001242846FFF749FE0128F6
:104B900002D1122085F84C00204670BD70B5054644
:104BA000094800240068A0F50051CD3909D101243D
:104BB0002846FCF721F92846FBF7E6FE2846FCF7D5
:104BC00079F8204670BD0000180400200549082827
:104BD00006D200EB8001C1EB8010024901EB80019D
:104BE0000846704760670020014890F861037047ED
:104BF000AC00002001480068704700000800002059
:104C000000B501464FF47A7203E01046491E00F0E9
:104C100003F80029F9D100BD00EB8000C00000E0DE
:104C2000401E0028FCD17047064910B5064A31F8ED
:104C3000101052F82000FCF7B9FD002800D0012028
:104C400010BD0000428A0008D40A00200349044A2B
:104C500031F8101052F82000FCF7ADBD248A00088E
:104C6000980A00200449054A31F8101052F8200033
:104C70000122FCF7A8BD0000248A0008980A002041
:104C80000449054A31F8101052F820000022FCF7C0
:104C90009ABD0000248A0008980A002070477047D7
:104CA000704770477047000070B5007814460D4695
:104CB000012803D0022803D020B10DE0074809E005
:104CC000074807E0012291020648FCF77CFD2246D6
:104CD00029460548FEF7B6F8002070BDF0250020F3
:104CE0003426002000000240782600202DE9F04103
:104CF00088B0DFF8BC80002001466D4645F82010E2
:104D0000401CC0B20828F9D3002601E0192E34D285
:104D10000024601DC0B2FFF7B3FF641CE4B2082C8E
:104D2000F7D30A20FFF778FF0024601DC0B2FFF719
:104D300099FF641CE4B2082CF7D30A20FFF76CFF3C
:104D40005FF00004671C55F82400400045F824007B
:104D5000F8B2FFF769FF55F82410084445F824001D
:104D6000FCB2082CEED30024601DC0B2FFF788FF10
:104D7000641CE4B2082CF7D302E01420FFF74CFFC8
:104D8000761CF6B21B2EC1D35FF0000303EB830049
:104D9000C0EB831255F8231008EB820001F038FDB8
:104DA0005B1CDBB2082BF1D308B0BDE8F08100003A
:104DB0006067002070B50024084DFFF797FF00BF23
:104DC00004EB8400C0EB841005EB800000F048F990
:104DD000641CE4B2082CF3D370BD000060670020AF
:104DE00010B54FF4FA6000F07DF8012818D100F0FA
:104DF0001DF8012814D10B4C6079002810D12079BE
:104E0000401CC0B2207109280AD300F01DFA02F03C
:104E1000C7FD054901206071A1F8B602A1F8860519
:104E200010BD000084000020C80400202DE9F047D8
:104E30002B4D00240327A9780120A04626460529EA
:104E400004D2DFE801F003050F1A4200A87043E026
:104E5000601DC0B2FFF706FF641CE4B2082CF7D354
:104E60000220F3E7601DC0B2FFF70AFF641CE4B242
:104E7000082CF7D3AF70AE812EE0A98940F28A22C8
:104E8000491C89B2A981914202D3AE81EE70DDE75F
:104E9000DFF84C9009F10E0919F80400012805D13A
:104EA000601CC0B2FFF7C0FE01280CD0641CE4B245
:104EB000082CF1D3E878411CE9700A280CD90420A9
:104EC000A870EE7008E0AF70FBE7FFF773FFAF70FC
:104ED000AE81EE704FF001084046BDE8F08700005B
:104EE000840000202DE9F05F594F01462DED028B23
:104EF0000026F8883546884278D8401CF8803878F3
:104F00005449002401F1100B4FF0010808286DD21C
:104F1000DFE800F0040F2398981B3270701DC0B2B8
:104F2000FFF7AEFE761CF6B2082EF7D387F80080A6
:104F300089E0701DC0B2FFF795FE761CF6B2082E10
:104F4000F7D3052038703C817DE03889401C80B261
:104F500038810A2877D9022072E08846701DC0B2D5
:104F6000FFF78EFE28F81640761CF6B2082EF5D311
:104F7000062038707C8166E07A89B946521C7A81B5
:104F80008A46771CF8B2FFF74FFE20B93AF81610A0
:104F9000491C2AF81610FEB2082EF2D3B9F80A00FE
:104FA00040F28A214A4688424DD350780021564625
:104FB0005B46474636F811C08046BCF1320F01EB24
:104FC000410C9C4402D30CF8007001E00CF8004046
:104FD000491CC9B20829EDD308F10100C0B25070D4
:104FE000032804D3072089F800002CE02AE089F880
:104FF000004028E0C246A046154C9FED178BD946CD
:105000000E34002106EB4603084603EB0902135C4D
:10501000401C1944C0B2C9B20328F8D3084603F0B3
:105020002FFA53EC182B03F079FB02D804F806A0F2
:1050300001E004F80680761CF6B2082EE1D30820C1
:10504000387000E00125BDEC028B2846BDE8F09FDA
:105050008400002038670020CCCCCCCCCCCC0040E5
:1050600030B504460020A17887B0012940D16D46B3
:1050700004EB8001496845F82010401CC0B20728A5
:10508000F6D307212846FBF7A5FF00202062022067
:10509000216A55F82020401C1144C0B22162052825
:1050A000F6D30846032190FBF1F16162D4F8E020C9
:1050B000002000BF04EB80035B6BDAB1994203DA96
:1050C000401CC0B20A28F5D300EE901A04EB800011
:1050D000F8EEE00A90ED210A20EE800AD0ED2C0ACD
:1050E00030EE800AD4ED390AC4ED3A0A84ED390A6B
:1050F00007B030BD9942E7DDE2E70000014600203D
:10510000054A082906D201EB8100C0EB811002EBB1
:105110008000406A704700006067002010B50446B8
:105120002DED028BDFED188A1848B0EE688A806892
:1051300003F08FF99FED161B53EC112B03F0F0F9E0
:1051400003F04AF900EE100A1348082C0BD204EBC6
:105150008401C1EB841100EB8100D0ED390A90EDA0
:10516000371A30EEC18AB4EEC08AF1EE10FA01DBD4
:10517000B0EE408A0948005D08B9B0EE688AB0EE2A
:10518000480ABDEC028B10BD00000000480400205E
:105190009A9999999999F13F6067002092000020AF
:1051A000F0B5244C00231A4603EB8300C0EB8310B8
:1051B000002104F8203004EB80008270C27002628B
:1051C000C0F8242000EB8105491CC9B26A600A2995
:1051D000F8D3194D002100BF00EB810755F821607D
:1051E000FE654618491CC9B286F828200A29F3D35F
:1051F00000219FED120ADFED120A00BF00EB8105CE
:10520000491C85ED210AC9B2C5ED2C0A0B29F5D33D
:1052100001219FED0C0A5B1C80ED370AC0F8E020ED
:1052200080ED390A80ED3A0ADBB24170082BBBD31E
:10523000F0BD000060670020F4890008124DA03A1C
:10524000E1DA85C30000000010B511495FF00000ED
:1052500000EB8002C2EB801201EB8202401C92ED57
:10526000390AC0B282ED370A0828F1D3FFF762FA93
:10527000FFF7C8F90020074A014600BF02EB4003D0
:10528000401CC0B2A3F85C100428F7D310BD000086
:10529000606700204804002070B50446B0F85A0248
:1052A000002542F20111884214D1B4F85E020125B2
:1052B000A0F5E061E5390DD10120A4F86402A4F85D
:1052C000660294F86C0204F51974FFF707FA207A65
:1052D000FFF7C0F9284670BDB0F85A220021B2F598
:1052E000045F12D10022A0F86622B0F86C32B0F947
:1052F0005E220121934208D00123A0F86832082AD7
:1053000003DCB0F85E22A0F86C22084670472DE955
:10531000F04104460026B0F866023546012836D131
:10532000B4F85A02B0F5145F31D342F20A51884200
:105330002DD2B4F95E120126A1F59052FE3A26D183
:105340000121A4F8621294F8B812C7B241F0010129
:1053500084F8B812B4F86C02E0B1082817D8401EDF
:10536000C0B2FFF7CBFEC11700EBD150451294F845
:105370006C023946401EC0B202F05AFC94F86C022E
:105380002BB2401EC0B20122394600F075FE3046F5
:10539000BDE8F0812846FFF7B1FEC11700EBD15000
:1053A00044123946284602F043FC23B20122394612
:1053B000284600F061FE6D1CEDB2082DEAD30122F3
:1053C00023B239460820E0E72DE9F0410446B0F861
:1053D0005A024FF00008A0F5085046460A2835D278
:1053E00094F8B812C7B241F0010184F8B812A4F8D9
:1053F0006E0204EB8701B4F95E02C1F87002B4F9E1
:105400005E52B4F86C024FF0010860B1401EC0B2A9
:105410002A46394602F0DAF894F86C022A46401E11
:10542000C0B2394610E02A463946304602F0CEF87E
:105430002A463946304600F033FE761CF6B2082E76
:10544000F1D32A463946304600F02AFE4046BDE8F0
:10545000F081B0F85A32002141F20312934207D191
:10546000B0F85E320121934202D10122A0F8AC22B1
:1054700008467047B0F85A32002141F202129342B6
:1054800007D1B0F85E320121934202D10122A0F887
:10549000AA2208467047B0F85A32002141F20112A0
:1054A000934207D1B0F85E320121934202D101222A
:1054B000A0F8A4220846704710B5B0F85A2200217F
:1054C000A2F50453033B11D1B0F85E320121A3F5DC
:1054D000E0640A46E53C04D0A3F58064B23C03D006
:1054E00004E0A0F8A02201E0A0F8A622084610BD22
:1054F000B0F85A220021A2F50453043B09D1B0F8B8
:105500005E220121A2F54073F23B02D10122A0F8F4
:10551000AE2208467047000010B5B0F85A220024A9
:105520000A49A2F50453023B0ED1B0F85E220124D1
:10553000A2F525435A3B07D10122A0F86022A1F829
:105540006022104602F03CF8204610BDC80400203E
:1055500070B5B0F85A1200250A46A1F580511F29EE
:105560007BD801250B463E492C46202B62D2DFE832
:1055700003F01061616161616161616114181C2552
:1055800029616161612D363C4044486161614C553F
:10559000595DB0F95E220A6059E0B0F95E224A60B6
:1055A00055E0B0F95E228A6051E0B0F95E2200EE6B
:1055B000102AB8EEC00A81ED030A48E0B0F95E2275
:1055C0000A6144E0B0F95E224A6140E0B0F95E222F
:1055D00000EE102AB8EEC00A81ED0A0A37E0B0F9F1
:1055E0005E228A64A0F8B04231E0B0F95E224A64DB
:1055F0002DE0B0F95E220A6429E0B0F95E22CA62A9
:1056000025E0B0F95E220A6321E0B0F95E22CA64A7
:105610001449A0F8B242A1F8824518E0B0F95E2220
:105620000A6514E0B0F95E224A6510E0B0F95E2226
:105630008A650CE0A2F580530F3B032B07D801EBE2
:105640008201A1F5A041B0F95E32C1F8DC3F90F8CB
:10565000B81241F0020180F8B812284670BD00006F
:1056600048040020C804002010B504460020B4F807
:105670005A12A1F5A852103A0AD1B4F95E02FEF707
:10568000CFFA94F8B80240F0020084F8B802012082
:1056900010BD10B5B0F85A120024A1F5CC42663AFC
:1056A00007D1B0F95E02A0F525415A3901D1FCF7C6
:1056B000EDFB204610BD10B5B0F85A2200210E2A8D
:1056C00005D10121A0F8B41202F06AF901210846BF
:1056D00010BD0000B0F85A220021A12A04D1034ACB
:1056E00090F85E020121107008467047C019002032
:1056F00070B50446B0F8B202002501280CD1B4F808
:10570000C802012550B101280FD0022814D000266C
:1057100003281AD0A4F8C862284670BD204601F0BC
:10572000D3FB0028F8D001200CE0204601F0BEFA9F
:105730000028F1D0022005E0204601F087FB002878
:10574000EAD00320A4F8C802E6E7204601F006FBF1
:105750000028E1D0A4F8C862A4F8B2620025DBE713
:1057600070B50546B0F8B0020024012807D1012425
:10577000284601F093FC10B10020A5F8B0022046A5
:1057800070BD0000F0B50446002094F8B9C2A1B085
:1057900005260123F4490546024601AFBCF1080F76
:1057A0007ED008DCBCF1080F1FD2DFE80CF0566693
:1057B00088A1B9F8F6F5BCF12A0F72D00CDCBCF167
:1057C000090F6FD0BCF10A0F6DD0BCF10B0F6BD07D
:1057D000BCF1290F09D1B6E0BCF1800F0AD0BCF1B1
:1057E000810F19D0BCF1820F30D0B4F8B602012875
:1057F0007DD0B5E1B4F8B40208B18120B5E0D4F8A9
:1058000098026421B0FBF1F201FB12000028F0D1F4
:10581000204601F06DFCA3E1D44ED4F89802B6F90D
:105820000410B0FBF1F201FB12000028E1D1B6F93F
:105830000210204601F0D4FB0128DAD1B6F90200AB
:10584000411C71801928D4DB82208EE0B4F8B602A6
:105850000128CED184F8B92282E1D4E9A60181429F
:1058600002D90A1A282A04D28142C2D2401A282810
:10587000BFD3204601F012FC1DE0D4E9A6138B42F1
:1058800002D95E1A282E04D28B42B2D2C91A282914
:10589000AFD327F81020401C00B22028F9DB04E029
:1058A000BFE065E021E135E145E1009283B23A468F
:1058B0004FF44051B1E094F8B902401C55E0D4E9EE
:1058C000A6138B4202D95E1A282E04D28B4290D2A4
:1058D000C91A28298DD327F81020401C00B210289F
:1058E000F9DB009283B23A464FF4445195E034E13B
:1058F000D4E9A6138B4202D95E1A282E04D28B4219
:1059000089D2C91A282986D327F81020401C00B252
:105910000C28F9DB009283B23A4641F201217CE087
:10592000D4E9A610884202D9421A282A04D2884211
:105930001DD2081A28281AD3204601F0C5FA0028DB
:1059400015D0292011E0D4E9A601814202D90A1A12
:10595000282A04D281420AD2401A282807D3204696
:1059600001F0A4F9002802D02A2084F8B902F7E057
:10597000D4E9A601814202D90A1A282A04D2814216
:1059800009D2401A282806D3204601F024FA00281C
:1059900001D084F8B962E3E02CE019E0FFE7D4E934
:1059A000A6138B4202D95E1A282E04D28B427DD2D6
:1059B000C91A28297AD3411C09B227F810100846C1
:1059C0001029F8DB8BB200923A4643F6011124E02D
:1059D000D4E9A601814202D90A1A282A04D28142B6
:1059E00064D2401A282861D3B4F9BC12204601F0D1
:1059F000F7FA60E7D4E9A660B04202D9871B282FE6
:105A000004D2B04252D2301A28284FD308880092CC
:105A1000ADF8040001AA4FF48051204602F0A8F826
:105A200049E7D4E9A603834202D91E1A282E04D2DC
:105A300083423BD2C01A282838D38888ADF80400A6
:105A40000889ADF8060091ED030ABDEEC00A10EE1C
:105A5000100AADF8080031F8100FADF80A00888878
:105A6000ADF80C000889ADF80E008889ADF810007B
:105A7000088AADF81200888AADF8140091ED060A84
:105A8000BDEEC00A10EE100AADF81600088FADF892
:105A90001800888EADF81A00088EADF81C00888BAF
:105AA000ADF81E00088CADF8200000E054E0888CB2
:105AB000ADF8220040F2B340ADF82400ADF8260066
:105AC000888FADF82800B1F84000ADF82A00B1F891
:105AD0004400ADF82C00B1F848000092ADF82E005B
:105AE00016233A4641F20A0197E7D4E9A60181421A
:105AF00002D90E1A282E04D2814231D2401A282807
:105B00002ED3B4F86C020092ADF804003A464FF47C
:105B1000045182E7D4E9A601814202D90A1A282A4F
:105B200004D281421CD2401A282819D313212046BE
:105B300001F0C4FBBFE6D4E9A601814202D90A1AEA
:105B4000282A04D281420BD2401A282808D32046A2
:105B500001F07CF90028EDD102E0A4F8A43201257F
:105B600021B02846F0BD000048040020C41A0020DF
:105B700070B50546B0F8CA02002401280BD1074EC3
:105B80000124307838B9284601F06AFB18B10020AA
:105B90003070A5F8CA02204670BD0000C41A00206B
:105BA00070B50446B0F8A6020025012809D10125E8
:105BB000B4F9C012204601F013FA10B10020A4F885
:105BC000A602284670BD70B50446B0F8AC020025A8
:105BD000012809D10125B4F9C412204601F000FAC8
:105BE00010B10020A4F8AC02284670BD70B5044680
:105BF000B0F8AA020025012809D10125B4F9C6127E
:105C0000204601F0EDF910B10020A4F8AA022846C0
:105C100070BD70B50446B0F8A8020025012809D16E
:105C20000125B4F9C612204601F0DAF910B10020BE
:105C3000A4F8A802284670BD70B50446B0F8A402C6
:105C40000025012809D10125B4F9BC12204601F034
:105C5000C7F910B10020A4F8A402284670BD70B5A1
:105C60000446B0F8A0020025012809D10125B4F9A5
:105C7000BE12204601F0B4F910B10020A4F8A00231
:105C8000284670BD70B50446B0F8A2020025012870
:105C900009D10125B4F9BA12204601F0A1F910B1D9
:105CA0000020A4F8A202284670BD70B50446B0F8E2
:105CB000AE020025012809D10125B4F9C2122046FF
:105CC00001F08EF910B10020A4F8AE02284670BD94
:105CD00070B5054690F84C000024122808D0012425
:105CE0002846FFF74FFD012802D1122085F84C000D
:105CF000204670BD70B505460A4800240068A0F52E
:105D00000051CD390CD101242846FBF775F82846FF
:105D1000FAF73AFE2846FAF7CDFF284601F0EEF9E9
:105D2000204670BD1804002001460020A1F10902A0
:105D3000022A06D201EB4100024901EB400010F8B3
:105D4000310C7047C06E00202DE9F04100F042F8A0
:105D50001E4C0027012620781D4D00284FF00A0018
:105D600003D0FFF7E1FF60B10CE0FFF7DDFF012892
:105D700008D12670A5F86062A5F8306501F020FC16
:105D800000E02770607800284FF0090006D0FFF788
:105D9000CBFF002800D16770BDE8F081FFF7C4FF9A
:105DA0000128F9D16670A07810F0010100F101001E
:105DB000A07006D00029EFD0A5F8A462A5F87465FC
:105DC000EAE7A5F8A262A5F87265E5E79A00002067
:105DD000C804002070B5104D002400BF04EB440639
:105DE00015F81600FEF720FF05EB46010871CA788A
:105DF000824209D18A78521CD2B28A70322A05D3E3
:105E000032228A70487101E000228A70641CE4B278
:105E1000C870022CE2D370BDC06E002030B50020E7
:105E20000A4B01465FF0010500F1090200EB400456
:105E3000401C03F8142003EB4402C0B29170D170EF
:105E40001171517155700228EED330BDC06E002023
:105E50002DE9F04100241B4F264600F037F81A4880
:105E6000406901282BD13D1D385D295D814201D05B
:105E700028550126641CE4B2042CF5D3012E1ED152
:105E8000002400262F5DF8074FF0000002D0FEF737
:105E9000E9FE01E0FEF7F4FE7F0801210320FDF793
:105EA00023FA761CF6B2082EEDD3641CE4B2042C5F
:105EB000E7D3BDE8F04101210220FDF715BABDE8A6
:105EC000F08100009D0000204804002010B5FEF77E
:105ED00091FE4FF47A71B0FBF1F201FB1200002841
:105EE00004D1BDE810400D20FEF7B0BE10BD10B5C6
:105EF0000020FEF7B7FE0120FEF7B4FE0220FEF7F9
:105F0000BFFE0320FEF7BCFE0420FEF7B9FE012011
:105F1000FEF7A8FE00210420FDF7E6F9012102208A
:105F2000FDF7E2F9BDE810400120FEF7A9BE000030
:105F3000FBF7EAFEFDF7DCFEFDF7A8FAFDF732FA03
:105F4000FDF780FBFDF7D8FBFDF79EFBFDF75AFB45
:105F5000FDF7EEFBFDF7B4FB4FF4807422461A49BF
:105F60001A48FCF737FF19480068C16841F0100172
:105F7000C160224616491748FCF72CFF15480068F7
:105F8000C16841F01001C160224613491348FCF773
:105F900021FF12480068C16841F01001C160FFF79D
:105FA0003DFFFFF7A4FFFFF7FBF800F0E3FFFDF76D
:105FB00005FE00F0DFFA00F07DFBFAF76BFBFDF762
:105FC00047FA00F01AF8FEE71D050020F025002032
:105FD000ED07002034260020B002002078260020A3
:105FE00001460020842900D0C81C704710B500B9B4
:105FF000012001F05BFF002010BD10B501F07CFF17
:10600000002010BD7FB50D4604464169B0F9080077
:1060100081B1A16971B1FFF7E3FFD4E905128DE801
:106020000700D4E900102B46226902F0E2F8039041
:1060300004B070BDFFF7D4FF03A9CDE90001208AA9
:106040002B4682B2D4E9001002F0A6F8012801D054
:106050000020EDE70398EBE7082809D80A2907D2C2
:10606000044B00EB800003EB001000EB41000285C5
:10607000704700008078002030B508280DD80A2924
:106080000BD200EB80050548012400EB051020F839
:10609000114000EB41008282038530BD80780020F2
:1060A000082809D80A2907D2044B00EB800003EB2B
:1060B000001000EB410082877047000080780020CC
:1060C0002DE9F041184C0F460546E6682068001D92
:1060D00001F024FE38B9206890F82C100120884087
:1060E000216981432161681C07D137B12168BDE86E
:1060F000F0410E48091D01F055BE20683544B542F7
:106100004560216805D2A06BBDE8F041091D01F092
:1061100031BE606B091D01F02DFEA06A854200D2E0
:10612000A562BDE8F08100001C000020242B0020A7
:106130002DE9F041054601F041FE2E4CA068401CBF
:10614000A06020682C4F10B1606940B32DE025603D
:10615000A068012829D1002606EB860007EB800005
:1061600001F0FAFD761C072EF6D323488C3001F09F
:10617000F3FD2148A03001F0EFFD1F48B43001F0DD
:10618000EBFD1D48C83001F0E7FD1B48DC3001F095
:10619000E3FD19488C3060631430A06305E020688B
:1061A000E96AC06A884200D82560606A401C606263
:1061B000E96A0120226988401043206101EB8100D7
:1061C00007EB8000291D01F0EDFD01F017FE60696D
:1061D00000280CD02068E96AC06A884207D20749C3
:1061E0004FF080500860BFF34F8FBFF36F8FBDE853
:1061F000F08100001C000020482A002004ED00E08F
:1062000010B5044690F8510058B101280CD002286E
:106210000FD0502080F31188BFF34F8FBFF36F8FE3
:10622000FEE7206B01F0FEFD2046BDE8104001F0C6
:10623000F9BD10BD10484FF47051420706D0C01D83
:106240000D4920F00700411AC1F570510B4A002397
:106250000144C2E900030839183A21F0070111602E
:106260004B600B600B1AC0E9001393604FF00040C5
:106270005360506170470000382B002070000020F0
:10628000144E154CA6F1C8074FF08058DFF84C901B
:1062900012E000BF01F092FDF068C568281D01F012
:1062A0003DFDA068401EA0606068401E606001F077
:1062B000A5FD2846FFF7A4FF60680028EAD13868EA
:1062C0000128F9D9C9F80080BFF34F8FBFF36F8F52
:1062D000F2E70000102B00201C00002004ED00E07D
:1062E0002DE9F0479A46DDE9098481466FF0030302
:1062F000206B03EB82021044089E20F0070778070A
:1063000007D0502080F31188BFF34F8FBFF36F8FFA
:10631000FEE7002561B1002023180A5C83F83420D1
:106320000A5C12B1401C1028F6D384F8435001E0F7
:1063300084F83450072E00D30626E662C4E91165BE
:10634000201D01F014FD04F1180001F010FD24617E
:10635000C6F107006462A061E56484F850505246BB
:106360004946384600F0C0F82060B8F1000F01D06F
:10637000C8F80040BDE8F08730B5114900E011468B
:106380000A688242FBD34B685C18844203D14068A0
:1063900018444860084643681C18944209D1084CC8
:1063A000183C2468A24209D052681A4442600A6824
:1063B00012680260814200D0086030BD0460F9E7D5
:1063C000700000200648416B096829B1416BC9681B
:1063D000C9684968816270474FF0FF31FAE70000F1
:1063E0001C00002008484068401C4FF0500080F31B
:1063F000118804D0BFF34F8FBFF36F8FFEE7BFF359
:106400004F8FBFF36F8FFEE7780000202DE9F0413A
:106410000546002701F0A6FD324E306808B9FFF7A7
:1064200009FF706905424ED1C5B3083568070ED023
:1064300005F00700C0F108000544680707D05020A8
:1064400080F31188BFF34F8FBFF36F8FFEE72DB33B
:106450007068854237D82348183001460C6801E03F
:1064600020460C466168A94202D221680029F7D172
:1064700031688C4227D0076821680160606808375E
:10648000411B10290FD96019420708D0502080F312
:106490001188BFF34F8FBFF36F8FFEE713E04160AA
:1064A0006560FFF769FF61687068401A7060B268E4
:1064B000904200D2B060706901430020C4E900013D
:1064C000F068401CF06001F025FF780707D05020ED
:1064D00080F31188BFF34F8FBFF36F8FFEE738460D
:1064E000BDE8F0815800002010B5031F4FF0807404
:1064F0001C601B1F21F001011960191F044B0B6068
:1065000014390A60091F6FF0020244380A6010BD96
:10651000E563000830B5002210290FD8084B0BE0C6
:1065200033F8124000EB4205240A00F8124013F839
:106530001240521C6C70D2B28A42F1D330BD0000BE
:106540008075002030B500220C290FD8084B0BE0D5
:1065500033F8124000EB4205240A00F8124013F809
:106560001240521C6C70D2B28A42F1D330BD00008E
:10657000407600202DE9F047ADF5B16D40F284552D
:1065800029466846F9F7E2FF4FF0000844462A46DC
:1065900069464046FDF784FFDDF88055002876D136
:1065A0004FF4B0616846FEF739F8A8427ED1EA465A
:1065B00008F0FF00FEF70AFB814604F10A000026FE
:1065C00087B209F1340512E05AF8241002C55AF8CE
:1065D0002400C11700EBD150314640F34F22761C06
:1065E000F6B208F0FF00FFF737FD641CA4B2BC420E
:1065F000EAD307F10A00002486B209F15C050EE037
:106600005AF8271002C53AF82700214602B2641C46
:10661000E4B208F0FF00FFF743FD7F1CBFB2B742B2
:10662000EED306F10B0080B209F18401534607E076
:1066300003EB8602761C92ED000AB6B2A1EC010AC9
:106640008642F5D300F10B0189B209F1B00207E0EF
:1066500003EB8004401C94ED000A80B2A2EC010A16
:106660008842F5D3481C80B209F1DC0208E000BF83
:1066700003EB8104491C94ED000A89B2A2EC010AE3
:106680008142F5D3411C8CB209F1E00105E00DE037
:1066900053F82020401C04C180B2A042F8D308F176
:1066A00001001FFA80F8B8F1080F81D30DF5B16D24
:1066B000BDE8F08770B59AB064216846F9F746FFE7
:1066C0000024642269464FF4C060FDF7E9FE189D7E
:1066D000002874D160216846FDF7A0FFA8426ED162
:1066E000384A0098694610603748019A0260029A59
:1066F0004260039A82609DED040A80ED030A059AC8
:106700000261069A426107225FF00B0351F82250A2
:1067100000EB8406641C521C92B2E4B2B5619A424A
:10672000F4D301EB8203521C93ED000A92B280ED88
:106730000A0A51F82230521C92B2C36251F8223038
:10674000521C92B2036351F82230521C92B243633E
:1067500051F82230521C92B2836351F82230521CFD
:1067600092B2C36351F82230521C92B2036451F8C2
:106770002230521C92B2436451F82230521C92B221
:10678000836451F82230521C92B2C36451F8223013
:10679000521C92B2036551F82230521C92B24365EA
:1067A00051F82210816502690848022A02D13E226E
:1067B000A0F8BC22062902D13021A0F8BC121AB0E0
:1067C00070BD00001404002048040020C80400200C
:1067D00030B50022102917D80C4B13E053F8224093
:1067E000240E00F8224053F82240250C00EB8204CE
:1067F000657033F822502D0AA57013F82250521CF0
:10680000E570D2B28A42E9D330BD0000C0740020E6
:10681000C278072A03D30022C27001228270C27894
:10682000B1F1807F00EB820201D3A1F100715160D0
:10683000C178491CC1707047F8B5B0F86C120025DA
:10684000082901D90020F8BD384C79B1491E617082
:106850002278374E00215AB1012A20D0022A35D0A1
:10686000032A4AD0217001252846F8BD0821EEE709
:10687000D0E9A623934202D99F1A142F04D293423F
:10688000F2D2D21A142AEFD362780A2302EB8202E0
:1068900006EB021200914FF40C5114323FE0D0E9A4
:1068A000A623934202D99F1A142F04D29342DBD21B
:1068B000D21A142AD8D362780A2302EB820206EB9A
:1068C000021200914FF41051283228E0D0E9A6239B
:1068D000934202D99F1A142F04D29342C4D2D21ADF
:1068E000142AC1D362780A2302EB820206EB021259
:1068F00000914FF408513C3211E0D0E9A6239342B5
:1069000002D99E1A142E04D29342ADD2D21A142A5E
:10691000AAD3009100F51B7201234FF4045101F03A
:1069200027F92078401C20709EE70000AC0400206E
:106930008078002030B40022404D0123404C1146A5
:1069400080F84D20A8421ED104F58875C5604035F9
:10695000056140354561403585612035C56120358B
:10696000056220354562403585622035C56218359F
:106970000563344D45632D1D85632D1DC5632D1D98
:1069800005642D1D1CE0304DC56040350561403566
:106990004561403585612035C0E907544035456281
:1069A000403585622035C56218350563254DAD1E1D
:1069B00045632D1D85632D1DC5632D1D05642D1D8E
:1069C0004564A0F8B23280F85410056D00F25623E9
:1069D0006B61056D9B1CAB61056D00F15503EB61AF
:1069E000056D2B62A0F8561280F858124FF6FF730F
:1069F000A0F85A32A0F85C12A0F85E12A0F86A1251
:106A00005823A0F86C32A0F86E12A0F866120F4955
:106A100000EB820551F82230521CD2B2C5F8703218
:106A20000A2AF5D30021FF2224F81120491CC9B2FB
:106A30001029F9D3006D816A30BC084798070020FF
:106A4000C0750020B6040020C0740020F48900083E
:106A5000F8B5B0F86C120025082901D90020F8BD5E
:106A6000214C59B1491E61712179204E002339B161
:106A700001291CD0237101252846F8BD0821F2E721
:106A8000D0E9A6128A4202D9571A142F04D28A4298
:106A9000F2D2891A1429EFD36179009301EB8101B5
:106AA00006EB01120A234FF40C51143215E0D0E921
:106AB000A6128A4202D9571A142F04D28A42DBD274
:106AC000891A1429D8D36179009301EB810106EB6F
:106AD00001120A234FF41051283201F049F82079AD
:106AE000401C2071C8E70000AC0400208078002022
:106AF000F8B50446406C1D4E0025B0F90010A6F113
:106B000040022B4629B1012918D0038001252846CF
:106B1000F8BDD4E9A601814202D90E1A142E04D27E
:106B20008142F4D2401A1428F1D3009320234FF469
:106B30004051204601F01CF8012014E0D4E9A601E0
:106B4000814202D90A1A142A04D28142DFD2401AA1
:106B50001428DCD30093102332464FF444512046CE
:106B600001F006F80220616C0880D0E780750020F3
:106B7000F8B5B0F86C220025082A01D90020F8BD2C
:106B8000204C00214AB1E270A2781F4E3AB1012A8E
:106B90001CD0A17001252846F8BDE170F4E7D0E9CA
:106BA000A623934202D99F1A142F04D29342F2D201
:106BB000D21A142AEFD3E2780A2302EB820206EB00
:106BC000021200914FF40C51143215E0D0E9A623C3
:106BD000934202D99F1A142F04D29342DBD2D21AC5
:106BE000142AD8D3E278009102EB820206EB02125B
:106BF0000A234FF41051283200F0BAFFA078401C4D
:106C0000A070C8E7AC0400208078002070B505466D
:106C1000B0F868020024012807D101242846FFF7B4
:106C20000BFE10B10020A5F86802204670BD0000E0
:106C30002DE9F0411B4E0F46054600242046FEF785
:106C40006DFA306D70B13168A1F5DA426C3A09D154
:106C5000DFED150A60EE200A00EE100AB8EEC01A49
:106C600080EE810AF06CB8B1F2EE040A20EE200A40
:106C700007EB8401BDEEC00A10EE100A45F82400AF
:106C8000001427F8240035F82400641CE4B248807E
:106C9000082CD3D3BDE8F081F6EE000A30EE200ACE
:106CA000E6E700004804002000007A442DE9F8439C
:106CB000054600270121FDF7D1FB00EB0010A96C70
:106CC000102202EB80028C5E2A6C142606EB8006F2
:106CD000B2F900308E5993FBF4F204FB12324FF0FC
:106CE000180C36F9126093FBF4F20CEB800C04FBE9
:106CF000123251F80CC002EB42020CEB8202DFF8B8
:106D000058C0DCF84CC0BCF1000F0BD093FBF4F280
:106D100004FB12321C2303EB800002EB42020858F2
:106D200000EB82024FF000080623B1B22846CDF8EE
:106D3000008000F0B7FE012803D1296C0888401CB0
:106D40000880286CB0F90010A14202DBA0F8008096
:106D500001273846BDE8F88348040020F8B504460A
:106D600000260421FDF77AFB00EB0010A16C38220D
:106D700002EB80028D5E226C3C2707EB8007B2F9A4
:106D80000020CF5992FBF5F305FB132337F813C00E
:106D900092FBF5F305FB1322402303EB800002EB8B
:106DA00042020858002700EB420202231FFA8CF12E
:106DB0002046009700F076FE012803D1216C088858
:106DC000401C0880206CB0F90010A94201DB07804C
:106DD00001263046F8BDF8B5044600260321FDF72C
:106DE0003DFB00EB0010A16C2C2202EB80028D5EBB
:106DF000226C302707EB8007B2F90020CF5992FBB5
:106E0000F5F305FB132337F813C092FBF5F305FBED
:106E10001322342303EB800000270858022300EBE1
:106E200082021FFA8CF12046009700F03BFE0128F9
:106E300003D1216C0888401C0880206CB0F9001038
:106E4000A94201DB078001263046F8BDF8B50446AB
:106E500000260221FDF702FB00EB0010A16C2022AE
:106E600002EB80028D5E226C242707EB8007B2F9CB
:106E70000020CF5992FBF5F305FB132337F813C01D
:106E800092FBF5F305FB1322282303EB800002EBB2
:106E900042020858002700EB820206231FFA8CF1F9
:106EA0002046009700F0FEFD012803D1216C0888E0
:106EB000401C0880206CB0F90010A94201DB07805B
:106EC00001263046F8BD00002DE9F84300270546AD
:106ED0003946FDF7C3FA00EB0010A96C2A6C0426B2
:106EE00031F92040B2F9003006EB800693FBF4F252
:106EF00004FB12328E594FF0080C0CEB800C36F963
:106F0000126093FBF4F204FB123251F80CC002EB56
:106F100042020CEB8202DFF858C0DCF84CC0BCF136
:106F2000000F0BD093FBF4F204FB12320C2303EBA3
:106F3000800002EB4202085800EB82024FF000088A
:106F40000623B1B22846CDF8008000F0ABFD012841
:106F500003D1296C0888401C0880286CB0F9001007
:106F6000A14202DBA0F8008001273846BDE8F88383
:106F70004804002010B50448FFF7DCFCBDE81040D1
:106F80000248FFF7D7BC0000C80400209807002083
:106F90002DE9F043002491460E460746032A1CD2F1
:106FA0004FEAC900A0F1080808EB0400C5B2214669
:106FB0004846FAF7D3F8BDEEC00A06EB8501641C1B
:106FC00010EE100AE4B247F82500001426F8250058
:106FD00037F825004880082CE6D3BDE8F083000090
:106FE0001CB50E4A002352680192ADF80610D0E994
:106FF000A6128A4202D9541A142C04D28A420AD206
:10700000891A142907D300210091022301AA84219F
:1070100000F0AEFD012318461CBD00001C8A0008CC
:1070200070B50546B0F862020024012807D101249A
:107030002846FFF70DFD10B10020A5F8620220469A
:1070400070BD70B50546B0F860020024012803D079
:10705000FDF7CAFD01280DD10124FEF7F5F800F077
:107060009FFC2846FFF744FD20B10020A5F86002F0
:1070700000F0A0FA204670BD70B50546B0F8640275
:107080000024012807D101242846FFF771FD10B123
:107090000020A5F86402204670BD00001CB512490E
:1070A000124A002309680191BDF8041092F84820A3
:1070B000C9B241EA0221ADF80410D0E9A6128A4211
:1070C00002D9541A142C04D28A420AD2891A1429D9
:1070D00007D300210091022301AA822100F048FD7C
:1070E000012318461CBD00001C8A0008480400202B
:1070F000002301220E2100F091BC00002DE9F04197
:10710000064627480025C06A40B3304600F04EF8D6
:10711000244C2548002721784FF0010839B1012976
:107120000DD002291BD003292ED0277003E000F0D8
:10713000D3F9012801D001252EE0677028E061789D
:10714000415C304600F0BAF8012825D16078401C37
:10715000607002202070D6F8980260601CE0807A8F
:107160006178401E884202D14FF4966001E04FF4EE
:107170006170A060D4E90112D6F8980211448842E7
:107180000AD30320207007E0807A6178884202D910
:1071900084F8008000E027702846BDE8F0810000F8
:1071A00048040020BC1E0020007D00202DE9F04393
:1071B00085B00024294D03AE4FEA040905EBC4074E
:1071C00003A920464237FCF749FD00210A4608463C
:1071D000335C17F800C0634509D005EB440C3B5401
:1071E000ACF8629005EB040C01238CF86A30335C38
:1071F000FF2B05D003F1010C0DF801C0491C89B229
:10720000401C1A44C0B292B20828E1D3B2F5FF6F15
:1072100004D02F1997F86A0001280AD005EB440121
:10722000A1F86290641CE4B2042CC7D305B0BDE899
:10723000F08305EB4400B0F86220521C92B2A0F833
:107240006220B2F5FA7FEDD3A0F86290C9B2684629
:1072500000F068F987F86A90E4E700000C7D0020F0
:1072600000B5154AA1B00021136901AAA3B1012BF1
:1072700012D0022B17D000BF22F81110491C09B2FE
:107280000829F9DB00228BB2009201AA43F6011112
:1072900000F008FC21B000BD22F81110491C09B211
:1072A0001029F9DBEEE701F1080322F81130491C3F
:1072B00009B20829F7DBE5E7480400207CB51D4A40
:1072C0000023126801921C4A146C651E632D06D8B7
:1072D000BDF80650EDB245EA0424ADF80640132986
:1072E00008D1BDF8064092F84420E4B244EA0222F4
:1072F000ADF806201322B1FBF2F402FB14110122B7
:1073000002EB0121ADF80410D0E9A6128A4202D99D
:10731000541A142C04D28A420AD2891A142907D387
:1073200000210091022301AAA02100F021FC0123E9
:1073300018467CBD588A0008480400202DE9F05FFB
:1073400044688046002594F858022F462E460128AE
:1073500075D194F85500A9465A286ED194F8560074
:10736000A5286AD1B4F85612062953D394F85700C9
:10737000C91E81424ED194F8581080294AD08129E3
:1073800004D0822946D0832944D116E094F85A606B
:10739000C01EB0423ED194F859A00BE0E01990F81D
:1073A0005B200AEB0700C1B2404600F062F80543DB
:1073B0007F1CBFB2B742F1D32CE094F85B70001F82
:1073C00000EBD070B7EB600F24D194F859004FF662
:1073D000FF7101EA002094F85A2000F47F40104425
:1073E0001FFA80FA8B4613E004EB460010F85C1F8E
:1073F0000BEA0121407801F47F41084482B20AEB94
:10740000060081B2404600F03FF80543761CB6B254
:10741000BE42E9D3D4F8980241F2883188420CD9AF
:10742000E80702D000F008F901E0A80705D500F050
:1074300091F9D8F8041081F8B89284F85892BDE810
:10744000F09F00002DE9F04100240546042746681E
:107450000AE000BF686907EBC4014158304688471D
:10746000012804D0641CE4B2287CA042F2D8BDE814
:10747000F081034600205B68002904D183F8542082
:10748000012183F84D1070472DE9F047446800272B
:107490004FF6FF78A4F85A1206463D46A4F85E223D
:1074A000414513D04FF004090AE000BFF16809EB31
:1074B000C50009582046884701280AD06D1CEDB246
:1074C000307AA842F2D800BFA4F85A823846BDE804
:1074D000F08794F8B872F7E711490246002091F856
:1074E0007830002B1BD091F8770000EB400303EBC2
:1074F000C000084403681360436853600389138124
:10750000807A907211F8770F0622401CB0FBF2F3DC
:1075100002FB130008704878401E48700120704735
:107520000C7D00201F4A10B592F87830062B38D217
:10753000072936D292F8763003EB430404EBC303F9
:10754000134404681C6044685C6004891C81807A70
:10755000987292F87630122003EB430404EBC303D5
:107560001344585492F87630132003EB430404EB91
:10757000C30313440B44891C587092F8760000EB47
:10758000400303EBC0001044817212F8760F06210D
:10759000401CB0FBF1F301FB130010709078401C0D
:1075A000907010BD0C7D0020014981F86203704786
:1075B000AC000020014981F861037047AC00002055
:1075C000014981F860037047AC00002008280BD205
:1075D0000A2909D200EB8003C3EB8010034B03EBB5
:1075E000800000EB8100C2657047000060670020EA
:1075F000104810B54168D1F89822521CC1F8982261
:10760000C069D0F89812491CC0F898120948FFF7D1
:1076100095FE084818300446FFF790FE0548FFF72E
:1076200011FF2046FFF70EFFBDE81040A520FFF731
:10763000BBBF0000680A00202DE9F041434E00273F
:107640003D464FF4B078F8B2FDF7C0FA05F10A01F3
:1076500089B200F13402434606E09D4202D210CACC
:1076600046F825406D1CADB28D42F6D301F10A02F9
:1076700092B200F15C0406E0994202D220CC46F8B6
:107680002150491C89B29142F6D302F10B0189B213
:1076900000F1840409E09A4205D2B4EC010A06EB39
:1076A000820585ED000A521C92B28A42F3D301F1A1
:1076B0000B0292B200F1B00409E0994205D2B4EC99
:1076C000010A06EB810585ED000A491C89B2914249
:1076D000F3D3511C8CB200F1DC0109E09A4205D2CF
:1076E000B1EC010A06EB820585ED000A521C92B24C
:1076F000A242F3D3611C8DB2E03006E09C4202D27C
:1077000002C846F82410641CA4B2AC42F6D37F1C15
:10771000BFB2082F97D3A1003046FCF77FFF46F891
:107720002400641CA0B2B0F5B17F0DD24FF6FF71FA
:1077300001EA800231460020FCF702FF002803D155
:1077400003490888401C0880BDE8F081D86E0020FD
:107750004404002070B5904B8E4C0021586B8F4A2A
:10776000401C5863012020CA44F82150491C89B2AA
:107770008142F8D30246401C874904E020C944F8FE
:107780002250521C92B28242F8D30146401C1B1D6B
:1077900004E004CB44F82120491C89B28142F8D38B
:1077A00001467D4A401C083204E008CA44F82130F2
:1077B000491C89B28142F8D30146774A401C0C32F9
:1077C00008E000BFB2EC010A04EB8103491C89B256
:1077D00083ED000A8142F5D301466F4A401C103206
:1077E00004E008CA44F82130491C89B28142F8D328
:1077F0000146694A401C143204E008CA44F82130AA
:10780000491C89B28142F8D30146634A001D1832EF
:1078100004E008CA44F82130491C89B28142F8D3F7
:1078200001465D4A401C283208E000BFB2EC010A64
:1078300004EB8103491C89B283ED000A8142F5D330
:107840000146554A401C2C3204E008CA44F8213055
:10785000491C89B28142F8D301464F4A401C30325C
:1078600004E008CA44F82130491C89B28142F8D3A7
:107870000146494A401C343204E008CA44F8213029
:10788000491C89B28142F8D30146434A401C383230
:1078900004E008CA44F82130491C89B28142F8D377
:1078A00001463D4A401C3C3204E008CA44F82130FD
:1078B000491C89B28142F8D30146374A401C403204
:1078C00004E008CA44F82130491C89B28142F8D347
:1078D000314A411C443204E008CA44F82030401CBC
:1078E00080B28842F8D3481C2B4A80B2483204E068
:1078F00008CA44F82130491C89B28142F8D3411C9E
:10790000254A89B24C3204E008CA44F82030401CB1
:1079100080B28842F8D3481C1F4A80B2503204E03B
:1079200008CA44F82130491C89B28142F8D3411C6D
:107930008DB21949543104E004C944F82020401C98
:1079400080B2A842F8D3681C81B21348583004E0D2
:1079500004C844F825206D1CADB28D42F8D32046F2
:10796000A900FCF75BFE44F825006D1CA8B219289D
:107970000FD84FF6FF7101EA800221464FF4C06034
:10798000FCF7DEFD002804D10349091F4888401C8C
:10799000488070BD5C74002048040020140400205E
:1079A0002DE9F04F1B4C002004F180029FED1A0AD4
:1079B00001464FF6FF75A2F1400602F14008FF2391
:1079C00002F1600902F1800702F1A00A02F5987B3A
:1079D00002F5B87E44F8201002EB800C22F820104B
:1079E000ACF8021046F8205028F8101029F8103092
:1079F0000AEB800C27F810308CED000A0BEB800CA2
:107A00008CED000A2EF81010401CC0B21028E1D3F3
:107A1000BDE8F08FC07400200000000070B504467F
:107A2000D4E9A605854202D92E1A142E04D2854225
:107A30002BD2401B142828D34FF6FF70814224D24A
:107A400088184FF6FE75401EA8421ED25A2084F8B0
:107A50005501A52084F85601042084F8570183209D
:107A600084F85801080A84F8590184F85A1184F8F6
:107A70005B21012B0AD00722206D04F25511436BC4
:107A80009847D4F89802C4F89C0270BD042104F50C
:107A9000AC70FCF7C3FD010A84F85C1184F85D0149
:107AA0000922E9E72DE9F04104461D46D4E9A6364E
:107AB0004FF0000C069F60469E4204D9A6EB030ED1
:107AC000BEF1140F04D29E4240D29B1B142B3DD317
:107AD0004FF6FF73994239D24B194FF6FE765B1E73
:107AE000B34233D25A2384F85531A52384F8563152
:107AF000032303EB450384F85731822684F8586149
:107B00000E0A84F8596184F85A110BE032F810100B
:107B100004EB40064FEA112C86F85BC1401C86F846
:107B20005C1180B2A842F1D3012F12D05FF00600A1
:107B300000EB450082B2206D04F25511436B98476B
:107B4000D4F898024FF0010CC4F89C026046BDE8DE
:107B5000F081194604F5AC70FCF760FD04EB4501BB
:107B6000020A81F85B2181F85C010820E0E700004F
:107B70002DE9F04104461D46D4E9A6360020069FB3
:107B80009E4204D9A6EB030CBCF1140F04D29E4212
:107B90003ED29B1B142B3BD34FF6FF73994237D237
:107BA0004B194FF6FE765B1EB34231D25A2384F84E
:107BB0005531A52384F85631032303EB450384F89C
:107BC0005731822684F858610E0A84F8596184F886
:107BD0005A110BE032F8021B04EB40064FEA112C5D
:107BE00086F85BC1401C86F85C1180B2A842F1D3D4
:107BF000012F0FD05FF0060000EB450082B2206D30
:107C000004F25511436B9847D4F89802C4F89C02CB
:107C1000BDE8F081194604F5AC70FCF7FFFC04EBFD
:107C20004501020A81F85B2181F85C010820E3E745
:107C300030B5082866D20A2964D200EB8002C2EB74
:107C40008010354A02EB800202EB8100536A4363E5
:107C500001235418002984F8283053D094F8274081
:107C6000012C06D1D0E90C45A54200DD0023C2F865
:107C7000E030D0E916431C1B00EE104AD0E90C544A
:107C8000F8EEC00A651B00EE105A0929B8EEC01ABA
:107C900080EE810A00EE903A01EE104AF8EEE00A1A
:107CA000B8EEC11A80ED210A40EE410AC0ED2C0A5F
:107CB0001CD2046EE31A00EE103AD0E90D53F8EE30
:107CC000C00A5D1B00EE105AB8EEC01A80EE810AA1
:107CD00000EE904A01EE103AF8EEE00AB8EEC11A52
:107CE00080ED220A40EE410AC0ED2D0A01290AD09A
:107CF000092907D192ED2A0A82ED2B0A92ED350A65
:107D000082ED360A30BD92ED220A82ED210A92ED13
:107D10002D0A82ED2C0A30BD60670020D0E90132C7
:107D200001699A60D0E901235A604A68824201D110
:107D300082684A60002202610868401E0860086884
:107D400070470000034B036003F15400086080207B
:107D500010607047C81E002000F108014FF0FF328C
:107D6000C0E90112C160016100210160704700217A
:107D70000161704730B50B685A1C02D000F108024F
:107D800002E0026904E02246546825689D42FAD95F
:107D900053684B6099608A60516008610168491CB2
:107DA000016030BD42684A6093688B609368596097
:107DB000916008610168491C01607047502080F3A0
:107DC0001188BFF34F8FBFF36F8F0A494868401C7B
:107DD000486001280CD10848006810F0FF0F07D058
:107DE000502080F31188BFF34F8FBFF36F8FFEE7F2
:107DF000704700007800002004ED00E00849486862
:107E000028B1401E486001D180F31188704750208E
:107E100080F31188BFF34F8FBFF36F8FFEE7000031
:107E20007800002070B500282AD0164DA0F1080473
:107E300060686969084207D1502080F31188BFF358
:107E40004F8FBFF36F8FFEE722683AB1502080F367
:107E50001188BFF34F8FBFF36F8FFEE788436060D9
:107E600000F080F860686968084468602046FEF7A2
:107E700083FA2869401C2861BDE8704000F04ABAC6
:107E800070BD0000580000204FF0E020002101618B
:107E9000816105494FF47A720968B1FBF2F1491E1C
:107EA00041610721016170471800002010B50200F0
:107EB00014D00F48006B38B1502080F31188BFF305
:107EC0004F8FBFF36F8FFEE700F04CF80021104694
:107ED000FEF7F6F800F01EFA002807D105494FF02A
:107EE00080500860BFF34F8FBFF36F8F10BD00004D
:107EF0001C00002004ED00E010B586B000240394BF
:107F000005AA04A903A80494FFF71CFFDDE90301F7
:107F10000094CDE9011000230EA11048059A00F04D
:107F200068F90F490028C86211D0502080F31188E9
:107F3000BFF34F8FBFF36F8F4FF0FF308862012088
:107F40004861CC6006B0BDE8104000F0ABB806B0A8
:107F500010BD000049444C4500000000816200084B
:107F60001C0000200248016B491C0163704700009F
:107F70001C0000201448016B11B10121C161704740
:107F80000021C1610169B1FA81F1C1F11F0101EB69
:107F900081020E4951F822306BB101EB820101F1EF
:107FA00008034A6852684A609A4201D152684A609E
:107FB000D16801607047502080F31188BFF34F8F64
:107FC000BFF36F8FFEE700001C000020482A00204E
:107FD00070B50022102916D800250B4B11E000BF08
:107FE00023F8125010F8124000EB4206240204F469
:107FF0007F4423F812407678344423F81240521C10
:10800000D2B28A42ECD370BD8075002070B50022D8
:108010000C2916D800250B4B11E000BF23F8125095
:1080200010F8124000EB4206240204F47F4423F8C7
:1080300012407678344423F81240521CD2B28A425D
:10804000ECD370BD4076002070B50022102921D9F4
:1080500070BD124B002400EB820543F8224010F85B
:108060002240240204F47F4443F822406E783444D2
:108070000B4E06EA042443F82240AE78344424022E
:1080800024F0FF0443F82240ED782C4443F82240CA
:10809000521CD2B28A42DCD370BD0000C0740020F2
:1080A00000FFFF001CB537480168374A914207D1ED
:1080B000502080F31188BFF34F8FBFF36F8FFEE71F
:1080C00000683149491E884207D1502080F3118849
:1080D000BFF34F8FBFF36F8FFEE72C4908780190F5
:1080E000FF20087008788DF800009DF800009DF8CA
:1080F000002000F0F000904207D0502080F311885B
:10810000BFF34F8FBFF36F8FFEE79DF80000204C49
:1081100000F0500020700720A06005E09DF80020CE
:1081200052008DF80020401E9DF800201206F5D464
:10813000A060032807D0502080F31188BFF34F8F31
:10814000BFF36F8FFEE74FF44070A0600198087096
:108150000C482030016841F470010160016841F071
:1081600070410160FFF790FE00206060F8F7A4F80E
:108170000848016841F040410160F8F789F80020A3
:108180001CBD000000ED00E071C20F4100E400E002
:108190007800002034EF00E02DE9FF5F8346DDE941
:1081A0000E87994616468A469000FEF72FF905007D
:1081B0001CD05420FEF72AF9040014D000202563B7
:1081C00084F85100CDE90240CDE900874B463246A4
:1081D00051465846FEF784F82046FDF7A9FF0120D6
:1081E00004B0BDE8F09F2846FFF71CFE4FF0FF30BB
:1081F000F6E7F0B585B0DDE90B640A9DA6B1DCB108
:10820000542700972663022684F85160002604AFA5
:10821000CDE90246CDE90057FEF762F82046FDF7AA
:1082200087FF049805B0F0BD502080F31188BFF39C
:108230004F8FBFF36F8FFEE7502080F31188BFF39D
:108240004F8FBFF36F8FFEE72DE9F0412F4C0026D3
:10825000206B28B1A069401CA0613046BDE8F081C8
:10826000E5686D1CE56013D1606B006838B1502083
:1082700080F31188BFF34F8FBFF36F8FFEE7606B02
:10828000A16B6163A063206A401C2062FEF79AF82C
:10829000A06ADFF87C80854209D3606B0068A0B1DA
:1082A000606BC068C7687868854211D2A062206898
:1082B000C06A00EB800158F82100012800D901268E
:1082C000E0690028C9D00126C7E74FF0FF30EDE78D
:1082D000381DFFF723FDB86A18B107F11800FFF742
:1082E0001DFDF96A0120226988401043206101EBDD
:1082F000810108EB8100391DFFF754FDF86A216800
:10830000C96A8842C9D30126C7E700001C000020C3
:10831000482A00202DE9F0472C4D00242746286BE1
:1083200038B1FFF74BFD286B401E2863286B40B126
:1083300046E0502080F31188BFF34F8FBFF36F8F5B
:10834000FEE7A968224E0120D1B3A6F1B409804608
:108350003068E8B1F068C46804F11800FFF7DEFC8B
:10836000201DFFF7DBFCE06A2A6908FA00F11143DF
:10837000296100EB800109EB8100211DFFF712FD4F
:10838000E06A2968C96A8842E2D3C5F81C80DFE741
:108390000CB1FEF717F8AC6944B14646FFF754FF3D
:1083A00000B1EE61641EF9D10020A861E86938B11E
:1083B0000849012738070860BFF34F8FBFF36F8F5D
:1083C000FFF71CFD3846BDE8F08700001C000020C8
:1083D000FC2A002004ED00E021F00042A2F16052EE
:1083E000B2F5801F01F0004328BFD2F17F6C0BD99A
:1083F0005FEA001C43EAC20242EB507018BF7047AC
:1084000028BF20F001007047B2F5801FBCBF18469E
:1084100070474FEA410C1CF5001F02D2084600F0DD
:10842000B8B970B500F026F900000089FFF7F6BF73
:108430004FF00040A0F580007047491058BFC1F1CF
:1084400040415B1058BFC3F140438B42EFF30080C3
:10845000704710F0004248BF4042B0FA80F310FA73
:1084600003F10AD0C3F11D0303F580634FEA4150C5
:1084700002EB035202EBD12170474FF0000070472E
:10848000B0FA80F310FA03F10AD0C3F11D0303F52B
:1084900080634FEA41504FEA035202EBD12170470B
:1084A0004FF000007047000051EA030C17D41CF590
:1084B000801F58BFBCF5801F00F10680994218BF8D
:1084C000704708BF9042704707D711F5801F58BF0B
:1084D00013F5801F19D499427047894270471CF5E3
:1084E000801F08D5BCF5801FF7D58B4218BF704799
:1084F00008BF824270474FF4001C1CEB410F38BF8D
:108500001CEB430F01D28B42704770B500F0B2F8FC
:10851000922449004FF000514FF08053FFF78DBF78
:10852000DFF848C170B51CEA111E1EBF1CEA131506
:108530009EEA0C0F95EA0C0F00F06F8081EA0304AD
:1085400023EA4C134EEAD47E21EA4C1141F4801107
:1085500043F48013AE44A1FB024CA0FB0365AEF1D3
:108560007F7E361955EB0C05A1FB034C4CF1000343
:10857000A0FB021C16EB0C06654153F100030942F7
:1085800018BF46F0010613F4007F0BD14FEA033108
:108590004FEA0530340341EA155140EA16506FF0B6
:1085A00003020AE04FEAC3214FEAC520F40241EA80
:1085B000555140EA56506FF0020202EB2E4201EB99
:1085C000025585EACE710AD05FEA440C18BF24F048
:1085D000004450F1000041F1000120EAD47040F263
:1085E000FE7C624500D270BDA84214BF4FF08044AB
:1085F0004FF04044002E08BF0024BEF1806FA8BF9A
:10860000A1F1C041BDE8704080F282804FF00000CF
:1086100001F1C04101F0004170479EEA0C0F0CEAE5
:10862000131518BF95EA0C0F06D04FF0000081EA31
:10863000030E0EF0004170BD00F01CF88900013EF1
:1086400000F007B800F009B84FEA430C5FEA5C5C41
:1086500008D081EA030100F05BB84FEA410C5FEA01
:108660005C5CF6D14FF00000014970470000FF0745
:108670000000F87F0EF1020E2EF0030E5EF8046B80
:10868000364205D4012A43EB030515F5001F12D825
:10869000012841EB010C1CF5001F0CD80ED14FEA4C
:1086A000D17C15F5001F0CEB4C0C0CF1020C08BF33
:1086B0004CEBD37C04E04FF0080C01E04FEAD37C94
:1086C0000CEB4C0526FA05F606F00706B6F1040C8D
:1086D00006D20EEB860CBDE870404CF0010C6047F2
:1086E000DFE80CF0090B02024FF000414FF00000F0
:1086F000A1F5002170BD19461046012851EB010477
:1087000018BFD4F5001484BF002001F0004170BDF3
:108710000808A0F500114FEA3101704753EA010C37
:1087200017D41CF5801F58BFBCF5801F00F10680D0
:108730008B4218BF704708BF8242704707D713F5B6
:10874000801F58BF11F5801F19D48B4270479B4280
:1087500070471CF5801F08D5BCF5801FF7D59942DE
:1087600018BF704708BF904270474FF4001C1CEBC5
:10877000430F38BF1CEB410F01D2994270470FB431
:108780000CBC03BCFFF7C1BE4FF04070E1EE100A15
:108790007047FF2141EAD050C00570475C8A00084D
:1087A000B13C000800000000000000008000000054
:1087B0000000000000000000688A0008B93C0008C2
:1087C000FDFF0000000000000004000000000000A9
:1087D0000000000000061016000610160000000041
:1087E0000000000001020304060708090000000061
:1087F0000102030400C1814001C0804101C08041E9
:1088000000C1814001C0804100C1814000C1814060
:1088100001C0804101C0804100C1814000C1814050
:1088200001C0804100C1814001C0804101C0804140
:1088300000C1814001C0804100C1814000C1814030
:1088400001C0804100C1814001C0804101C0804120
:1088500000C1814000C1814001C0804101C0804110
:1088600000C1814001C0804100C1814000C1814000
:1088700001C0804101C0804100C1814000C18140F0
:1088800001C0804100C1814001C0804101C08041E0
:1088900000C1814000C1814001C0804101C08041D0
:1088A00000C1814001C0804100C1814000C18140C0
:1088B00001C0804100C1814001C0804101C08041B0
:1088C00000C1814001C0804100C1814000C18140A0
:1088D00001C0804101C0804100C1814000C1814090
:1088E00001C0804100C1814001C0804101C0804180
:1088F00000C1814000C0C101C30302C2C60607C750
:1089000005C5C404CC0C0DCD0FCFCE0E0ACACB0BBF
:10891000C90908C8D81819D91BDBDA1A1EDEDF1FEF
:10892000DD1D1CDC14D4D515D71716D6D21213D3DF
:1089300011D1D010F03031F133F3F23236F6F7378F
:10894000F53534F43CFCFD3DFF3F3EFEFA3A3BFB7F
:1089500039F9F83828E8E929EB2B2AEAEE2E2FEF2F
:108960002DEDEC2CE42425E527E7E62622E2E3239F
:10897000E12120E0A06061A163A3A26266A6A767CF
:10898000A56564A46CACAD6DAF6F6EAEAA6A6BAB3F
:1089900069A9A86878B8B979BB7B7ABABE7E7FBF6F
:1089A0007DBDBC7CB47475B577B7B67672B2B3735F
:1089B000B17170B05090915193535292965657970F
:1089C000559594549C5C5D9D5F9F9E5E5A9A9B5BFF
:1089D00099595898884849894B8B8A4A4E8E8F4FAF
:1089E0008D4D4C8C4484854587474686824243831F
:1089F000418180400000000032000000640000005F
:108A0000C8000000F4010000E8030000D0070000E7
:108A1000B80B0000A00F000088130000236460EA78
:108A2000015A3500001000200008008000400400BA
:108A30000800100020004000002001000400008019
:108A40002000000401000200040008001000800063
:108A500001000200080010000131006464656661D5
:108A6000756C745461736B006170705461736B3119
:108A70004D730000948A000800000020C81E00000A
:108A8000C4010008B0940008C81E00202067000040
:108A90002802000892000112010462100D00045E19
:108AA00024F4000112AA01012B310005FF0B002064
:108AB000000101FF0101FF010162011ECD6A0310E7
:108AC00006ACF7FF1FE8045006107AFF1FAC083011
:108AD0000820F4F01F5000F80443907510ADD40343
:108AE000338813076E405004FE02F603A3A0403003
:108AF0001E646B04921E045E327F044F1A04F3035B
:108B0000026D08F82FB01864040C04FF0100406CDB
:108B10000401FF015D0A03EBFFFFC20E4A5805077F
:108B2000100B80360031003500380034080A50310F
:108B3000D02A14D00804FF020080D001FF01096789
:108B4000D00A1501D01006C80400200F081C06C466
:108B50001900201125062C053C1A0020740A2C054A
:108B60009807002028061006C015002005A212D084
:108B7000080005230010024004920804120C105251
:108B8000041C02150C0461385200047F05055F0ABD
:108B9000021602D41D150B10069D4C0008A30412EA
:108BA000A50412A90C12A104129F04033C01064063
:108BB000023D024014061C210020A0444C07907B7B
:108BC0000020507B200B6E64D00B00FF00901190B2
:108BD000219031904190519061907190819091904D
:108BE000A190B190C190D190E190F190019111913B
:108BF0002191319141915191619171918191919125
:108C0000A191B191C191D191E191F1910192119212
:108C100021923192419251926192719281929192FC
:108C2000A192B192C192D192E192F19201931193EA
:108C300021933193419351936193719381939193D4
:108C4000A193B193C193D193E193F19301B011B08A
:108C500001941194219431944194519461947194AC
:108C600081949194A194B194C194D194E194F1949C
:108C70000195119521953195419551956195719584
:108C800081959195A195B195C195D195E195F19574
:108C9000019611962196319641965196619671965C
:108CA00081969196A196B196C196D196E196F1964C
:108CB0000197119721973197419751976197719734
:108CC00081979197A197B197C197D100FF0097E144
:108CD00097F19701B111B1019811982198319841FC
:108CE0009851986198719881989198A198B198C17C
:108CF00098D198E198F19801991199219931994168
:108D00009951996199719981999199A199B199C153
:108D100099D199E199F199019A119A219A319A413F
:108D20009A519A619A719A819A919AA19AB19AC12B
:108D30009AD19AE19AF19A019B119B219B319B4117
:108D40009B519B619B719B819B919BA19BB19BC103
:108D50009BD19BE19BF19B01B211B2019C119C2123
:108D60009C319C419C519C619C719C819C919CA1DB
:108D70009CB19CC19CD19CE19CF19C01A011A021C3
:108D8000A031A041A051A061A071A081A091A0A19B
:108D9000A0B1A0C1A0D1A0E1A0F1A001A111A101A9
:108DA0009E119E219E319E419E519E619E719E818B
:108DB0009E919EA19EB19EC19ED19EE19EF19E017B
:108DC0009F119F219F319F419F519F612C1E9F7139
:108DD0009F819F919FA19FB19FC19FD19FE19FF1D3
:108DE0009F01B311B33000B700746427036007011B
:108DF00000300077010C838101188381011883D230
:108E0000021883D2023083220448832204481004CB
:108E10002E00C51822283C6006012E0085010C8317
:108E20007F0118837F011883D0021883D00230831A
:108E3000210448832104181C040F00282B0412224B
:108E40007810040000960C431F040C4007540128BE
:108E50000210F80C90040F008C24928C24728C2445
:108E6000830D0248838A024883480348830D0248E1
:108E7000838A024883480348321490321C6C329B28
:108E800090410C324A903118330114906124928C35
:108E900024728C248312024883940248833E034840
:108EA0008312024883940248833E03481C04A000B6
:108EB0008B3E0B10041200026C6005A0004B010CED
:108EC00083F1011883F10118834203308342033098
:108ED0008393044883930430100410007E04141E0E
:108EE0003E0161017E0061013E01B2027E00B202DC
:108EF0003E0103047E0003043E011300E7B83A205C
:108F00001860051300B9010C92BB1892BB1883635B
:108F1000011883630118830B0248830B024892C532
:108F20001892C518836D0360836D03608315046018
:108F30008315044892BD1892BD1810041300D2780E
:108F40003A167860051300C3010C92BB1892BB1847
:108F50008363011883630118830B0248830B024863
:108F600092C51892C518836D0360836D03608315E5
:108F700004608315044892BD1892BD1818042D0092
:108F80003D48361AE812AF0C52FF0C180459013D47
:108F90006C3A1A5490042D007E24927E24927E24F2
:108FA00092BF2492BF2472BF48832B026C83AD0210
:108FB0006C8348036C832B026C83AD026C83480383
:108FC0006C832B026C83AD026C8348036C0116D852
:108FD0001004540144903A14FC0116D89004540132
:108FE00085240114D870045401C6480118D8816C36
:108FF0000118D8816C0118D8816C18063E007300E6
:1090000094282D800360053E0064010C92E61892BE
:10901000E618838E0118838E011883360248833642
:10902000024892F11892F1188399036083990360C2
:10903000834104608341044892E91892E9181004BE
:109040000B005F0410045001B30812B30810125B48
:10905000015F005B01500103025F0003025001BD8C
:109060000812BD08101265035F00650350010D046E
:109070005F000D045001B50812B508450041FA70B3
:109080000419052C0CC118721E0C1E06C20A1EDC27
:1090900008141FF00DF0081C050E00200CD20A1257
:1090A000FC1012B00C2005400F00202050061C0CB4
:1090B0000020D00C123C0C4F3010680A125C181EB5
:1090C00080100D2D5410C3600C4483800C4421206B
:1090D00052A044210C92C04412E028438C1478D250
:1090E000E44483040D44215443240D44216012447C
:1090F000284F4014F00A1264281298442D6C15224F
:1091000068C8115C2C061011002012401121341186
:109110000C43A8122012AC2C4380130C92CC4412A6
:10912000EC6C3EA4DC0D1C050000954727111DEAE0
:10913000054F5D472F1143794B1022B11825D421DB
:109140001010060300004370081D5811129D10ED09
:1091500098090D168809ED8009ED70092D60091C2C
:10916000045600600C083E3CC405600556004901E9
:109170000C83DC011883DC0118836203188362030B
:109180003083E8043083E804307C045600773C08E0
:10919000116C7D3C0883DC0118116C7D6C088362C6
:1091A0000318116C713083E80430116C7D6C082C4D
:1091B0000413066172123D0C0812630C52FF0C126C
:1091C000EA0C6DEC0490041306A72492A72492A73E
:1091D0002492E82492E82492E848832F016C832F9C
:1091E000016C832F016C0114906C05E5066700A4E7
:1091F000040116909004E506AD240114909004E556
:1092000006EE480114906C05E5063501A4041E8C99
:10921000E6084D8C075C0600008C0006A4071D5A6A
:109220000882021883120218839803308398031867
:10923000831E0548831E05308F3707E0031E1E522C
:10924000091C061E000401A436091006A40104012D
:109250002A4C2C0D2A030401B0041400B0040401AC
:1092600000041ED4380E1F581BF80C11041E0900F0
:109270000412F41012E8104F541C000412141C5273
:10928000C00C1234184F141D00041254304F081D26
:10929000D4031EF86C0E1F441644034E16AC031282
:1092A00008084C07041700209417200412201C4FB4
:1092B00024182C041230284390184412400C4F8478
:1092C00018D403832C1D882D4404834C1D882D54F1
:1092D00004126C104FB01D8804838C1D8812AC28BA
:1092E00052F888C3041E88C3141E88122C204F50C5
:1092F0001EB404833C1E88124C0C12B0046D9D12E7
:109300004FB756F4034F6956F4034F5155F4034FCA
:109310005354F4032275081D5D0F2297081D45055F
:1093200013D952081E0708062108151122B918156D
:109330004D22F10820050A0000194010060B00001C
:10934000C953081D6505220F0820050D0000D560D2
:109350001E0E200A4E566C044FD15C6C0452F178FC
:109360004F855C6C0443395C78435F5C7843A15B58
:109370007843AB5C7843135C7843C75B7843ED5B21
:109380007843615778430D6C784379707843217046
:10939000783DC4041D45102271301D180F4FF55C37
:1093A000F4045E50DE100F84D007F80E2D10076D08
:1093B000FC049EB3140583920218839202188379E9
:1093C00004189E79FC049EB3FC049EB3FC048392B3
:1093D0000218839202189E79E404BE79E4049E7018
:1093E00030049E70C0049E70C0049EC930049EC9A3
:1093F000C0049EC9C0049E2330049E23C0049E2343
:10940000C00401146C9C04E506769C0401146C9C59
:1094100004E506D19C0401146C7C04E5062B9C0435
:109420009EEB9C049EEB9C049EC69C049EC69C04E2
:109430002D4804810C0D148404127D541E7D840477
:109440001E58E00410065802040142341E427C04F7
:109450000D8248101E98480E4774640860059800F5
:109460000C010C831C0218831C021883A203308396
:10947000A20318A1F0FD8C10EC189D119D219D31C7
:109480009D419D519D619D719D819D919DA19DB12C
:109490009D70100D1260100146A08328054803142A
:1094A0002805B86D741A0005008403000000000050
:040000050800018965
:00000001FF
