:020000040800F2
:10000000F881002031030008D13A0008EF2D0008E4
:10001000413600087D0F000875410008000000000F
:100020000000000000000000000000007102000855
:100030008510000800000000CD020008253B0008E4
:100040004B0300084B0300084B0300084B03000858
:100050004B0300084B0300084B0300084B03000848
:100060004B0300084B0300084B0300084B03000838
:10007000810F00084B0300088D0F00084B03000898
:10008000990F0008A50F00084B0300084B03000858
:100090004B0300084B0300084B0300084B03000808
:1000A0004B0300084B0300084B0300084B030008F8
:1000B0004B0300084B0300084B0300084B030008E8
:1000C0004B0300084B0300084B0300084B030008D8
:1000D0004B03000821410008394100085141000844
:1000E0004B0300084B0300084B0300084B030008B8
:1000F0004B0300084B0300084B0300084B030008A8
:100100004B0300084B0300084B0300084B03000897
:100110004B0300084B030008F93B00084B030008A1
:100120004B030008B10F0008BD0F00084B03000887
:100130004B0300084B0300084B0300084B03000867
:100140004B0300084B0300084B0300084B03000857
:100150004B030008C90F0008D50F000869410008CB
:100160004B0300084B0300084B0300084B03000837
:100170004B0300084B0300084B030008000000007D
:100180004B0300084B03000800F002F800F060F891
:100190000AA090E8000C82448344AAF10107DA45E2
:1001A00001D100F055F8AFF2090EBAE80F0013F0D4
:1001B000010F18BFFB1A43F00103184780860000A7
:1001C000A086000010F8013B0A4413F0030408BFA6
:1001D00010F8014B1D1108BF10F8015B641E05D01B
:1001E00010F8016B641E01F8016BF9D1002D15D0D8
:1001F00010F8014B03F00C030C2BA1EB04040ABF15
:1002000010F8013BA4EB8314A4EB032405F10103D4
:1002100014F8016B5B1E01F8016BF9D5914238BFF0
:1002200010F8013BD1D3704700230024002500269D
:10023000103A28BF78C1FBD8520728BF30C148BF49
:100240000B6070471FB508F083F91FBD10B510BDD6
:1002500000F0A6F91146FFF7F5FF05F0A1FD00F04B
:10026000C4F903B4FFF7F2FF03BC00F0CBF90000C0
:100270002C4B19680868B0E8F04F80F30988BFF389
:100280006F8F4FF0000080F311887047000000006E
:1002900008480068006880F308884FF0000080F389
:1002A000148862B661B6BFF34F8FBFF36F8F00DF64
:1002B00000BF00BF08ED00E0DFF80C00016841F46A
:1002C00070010160704700BF88ED00E0EFF3098026
:1002D000BFF36F8F134B1A681EF0100F08BF20ED8D
:1002E000108A20E9F04F106009B44FF0500080F3FD
:1002F0001188BFF34F8FBFF36F8F07F01FFD4FF0D3
:10030000000080F3118809BC19680868B0E8F04F54
:100310001EF0100F08BFB0EC108A80F30988BFF3FD
:100320006F8F70471C000020EFF3058070470000BE
:100330000948804709480047FEE7FEE7FEE7FEE779
:10034000FEE7FEE7FEE7FEE7FEE7FEE704480549B5
:10035000054A064B70470000E93B00088901000888
:10036000F8790020F8810020F87D0020F87D002039
:1003700053EA020C00F069802DE9F04B4FF00006C3
:10038000002B1FBFB3FA83F503FA05F424FA05F630
:100390005E4012BF1643B2FA82F502FA05F4C5F1C7
:1003A00020051EBF22FA05FC44EA0C04203556EA5B
:1003B000044C4FEA144418BF641C4FF000084FF07F
:1003C0000009904271EB030C39D3002919BFB1FA2F
:1003D00081F701FA07F6B0FA80F700FA07F6C7F1DD
:1003E00020071EBF20FA07FC46EA0C062037B6FBA2
:1003F000F4FCA7EB0507103F07F01F0BCBF120061D
:100400000CFA0BFB2CFA06F644BFB3460026202F4D
:10041000A4BF5E464FF0000B5BEA060C08BF4FF02E
:10042000010B19EB0B09ABFB027C48EB0608C01B68
:1004300006FB02CC0BFB03CC71EB0C01C1E70B46B6
:10044000024641464846BDE8F08B13B54FF0000028
:100450004FF00001AFF30080BDE81C407047032A55
:1004600040F2308010F0030C00F0158011F8013BD1
:10047000BCF1020F624498BF11F801CB00F8013BB8
:1004800038BF11F8013BA2F1040298BF00F801CB7C
:1004900038BF00F8013B11F0030300F02580083A53
:1004A000C0F0088051F8043B083A51F804CBA0E8AA
:1004B0000810F5E7121D5CBF51F8043B40F8043BFF
:1004C000AFF30080D20724BF11F8013B11F801CB34
:1004D00048BF11F8012B24BF00F8013B00F801CB05
:1004E00048BF00F8012B704710B5203AC0F00B80D0
:1004F000B1E81850203AA0E81850B1E81850A0E828
:100500001850BFF4F5AF5FEA027C24BFB1E8185081
:10051000A0E8185044BF18C918C0BDE810405FEAF1
:10052000827C24BF51F8043B40F8043B08BF70476D
:10053000D20728BF31F8023B48BF11F8012B28BF72
:1005400020F8023B48BF00F8012B70474FF0000233
:1005500000B5134694469646203922BFA0E80C50B9
:10056000A0E80C50B1F12001BFF4F7AF090728BF94
:10057000A0E80C5048BF0CC05DF804EB890028BF10
:1005800040F8042B08BF704748BF20F8022B11F039
:10059000804F18BF00F8012B7047704770477047B5
:1005A000754600F02BF8AE4605006946534620F02C
:1005B0000700854618B020B5FFF7C8FEBDE820400B
:1005C0004FF000064FF000074FF000084FF0000B0F
:1005D00021F00701AC46ACE8C009ACE8C009ACE8C2
:1005E000C009ACE8C0098D46704710B50446AFF3AA
:1005F00000802046BDE81040FFF733BE004870473A
:100600009479002001491820ABBEFEE726000200C5
:10061000704700002DE9F04F00242DED048B83B0CE
:100620000F46D0E908ABD0F82890D0F81080866942
:10063000BF48D0ED038A90ED0A8AC06C012805D12D
:10064000B2EE040A68EE808A28EE008A102F7CD968
:1006500003B0BDEC048BBDE8F08F3AF914300020F4
:10066000DDB2BD4245D258F8242058F82510F1EEED
:10067000680AA2EB010C00EE10CAB8EEC00AB4EE94
:10068000E00AF1EE10FA34DB00EE10CAB8EEC00A50
:10069000B4EEE80AF1EE10FA2BD800EE102AF8EECC
:1006A000C00AB1EE480AF4EEC00AF1EE10FA08DD15
:1006B00000EE902AF8EEE00AF4EEC80AF1EE10FA25
:1006C00017D300EE901AF8EEE00AF4EEC00AF1EE4D
:1006D00010FA08DD00EE101AB8EEC00AB4EEC80A2F
:1006E000F1EE10FA05D336F9141036F915209142BF
:1006F00000D0012036F8141041B358F8242058F8DF
:100700002510A2EB010C00EE10CAF8EEC00AB1EE03
:10071000680AF4EEC00AF1EE10FA32DB00EE10CAFD
:10072000B8EEC00AB4EEE80AF1EE10FA29D800EEED
:10073000102AF8EEC00AB1EE480AF4EEC00AF1EE53
:1007400010FA0BDD00EE902A01E046E018E0F8EE2A
:10075000E00AF4EEC80AF1EE10FA12D300EE901A95
:10076000F8EEE00AF4EEC00AF1EE10FA08DD00EE51
:10077000101AB8EEC00AB4EEC80AF1EE10FA00D3AF
:1007800048B3FF2B02D0FF202AF81400102D06D208
:100790003AF91500FF2802D0FF202AF8150036F993
:1007A000140048B1C0B205F063FF0021204602F0FA
:1007B00031FD002026F81400102D0CD236F915005A
:1007C00048B1C0B205F054FF0021284602F022FDD6
:1007D000002026F81500641CE4B2BC42FFF43DAFD3
:1007E00000242046B1EE489A25E000BF36F81010EC
:1007F000F9B958F8201000EE101AB8EEC00AB4EE9D
:10080000C90AF1EE10FA08D300EE101AB8EEC00AC9
:10081000B4EEC80AF1EE10FA0BDD00EE101A0BEB85
:100820008401B8EEC00A81ED000A29F81400641CA6
:10083000E4B2401CC0B2B842D8D32246494658461A
:1008400000F04EFB0025641E6EE000BF09EB450082
:1008500019F815B080780090BB4563D20098B84273
:1008600060D258F82B1000EE101AB8EEC00AB4EEA1
:10087000C90AF1EE10FA08D300EE101AB8EEC00A59
:10088000B4EEC80AF1EE10FA4CDD009A58F82200D6
:1008900000EE100AB8EEC00AB4EEC90AF1EE10FA82
:1008A00008D300EE100AB8EEC00AB4EEC80AF1EEA2
:1008B00010FA37DD081A00EE100AF1EE680AB8EEF9
:1008C000C00AB4EEE00AF1EE10FA2BDB00EE100ADB
:1008D000B8EEC00AB4EEE80AF1EE10FA22D804F03D
:1008E000A5F8019026F81B00DDE9000126F810109C
:1008F00000982AF81B0000982AF810B0019838B127
:100900000098401CC1B20BF10100C0B206F014FD0A
:100910005846019902F07EFCDDE9000102F07AFC04
:100920006D1CEDB26D1CEDB2A5428FDB90E60000B0
:1009300048040020F8B5044600790026FE2520B1C1
:1009400001280FD0FE281AD1F8BD204600F01AF871
:100950000128657002D025716671F8BD01202071F3
:100960006571F8BD009610234FF444512046A269EA
:1009700006F07CFFD4E90601102200F079F86570DA
:100980002671EDE770B53649364A04460B690020FA
:1009900002F5347123B1012B19D0022B31D13EE085
:1009A000A24204D108212046FFF734FE0DE0A14207
:1009B0000BD12C490020A3698A6932F8102023F852
:1009C0001020401C80B21028F5D3082215E0A24266
:1009D00004D110212046FFF71DFE3EE0A1423CD18C
:1009E00020490020A3698A6932F8102023F81020DA
:1009F000401C80B21028F5D32FE0D4E9060100F0A6
:100A00008BF91949D4F898324A680D68B3FBF2F4AF
:100A1000AC4203D0B3FBF2F00860012070BDA242EB
:100A20000DD1124E002500BF06EB4500017CE8B257
:100A300002F0F0FB6D1CADB2082DF5D30DE0A14224
:100A40000BD108490020A3698A6932F8102023F8E5
:100A50001020401C80B21028F5D31022CDE70000F2
:100A600048040020D4040020701C002030730020B3
:100A700010B5002306E000BF30F8134021F8134002
:100A80005B1C9BB29342F7D310BD000010B500234E
:100A900006E000BF50F8234041F823405B1C9BB2A6
:100AA0009342F7D310BD00002DE9F84F00220092C9
:100AB000D0E90954A2460024C66A036AC2682046E7
:100AC00014E000BF33F91070FF2F0DD152F82070E1
:100AD00000EE107A05EB8407B8EEC00A87ED000A35
:100AE0002AF81400641CE4B2401CC0B28842E9D366
:100AF000012C04D922465146284600F0F1F9DFF8CE
:100B000014B1002047F6FF7CFF276346B946002159
:100B100046E000BF05EB81029BED0A0AD2ED000A18
:100B2000F4EEC00AF1EE10FA06DAB1EE401AF4EE75
:100B3000C10AF1EE10FA31D84A1CD2B2B1EE401A15
:100B400010E000BF05EB8208D8ED001AF4EEC01AE1
:100B5000F1EE10FA08DAF4EEC11AF1EE10FA03D948
:100B6000521CD2B2A242EDD3A14217D2A24215D258
:100B700005EB820898ED000A70EE600A00EE103A6C
:100B8000B8EEC00AF4EEC00AF1EE10FA06D2BDEEDD
:100B9000E00A91460F4610EE103A1BB2491CC9B24A
:100BA000A142B7D363452ED0FF2F2CD0B9F1FF0F50
:100BB00029D004280FD23AF8192000EB4001521C2A
:100BC00026F811203AF8172006EB4101521C4A8002
:100BD000401C8B80C0B29FED100A05EB89010428F0
:100BE00081ED000A05EB870181ED000A8CD30DE051
:100BF00000EB4002401C26F8121006EB4202C0B285
:100C00005180918000E000210428F1D30098BDE8D4
:100C1000F88F00004804002000000000F8B50446EA
:100C20004079FE25002620B1012810D0FE281DD1D4
:100C3000F8BD204600F01EF8012803D0667025712B
:100C40006571F8BD6570257101206071F8BD009671
:100C50000C2341F201212046E26A06F007FE01283A
:100C6000F4D1D4E90B010C22FFF702FF6570257166
:100C70006671F8BD10B5044625482649026901F59C
:100C8000347022B1012A15D0022A39D128E0A142BC
:100C900001D1082111E0A04232D11E490020E36AAF
:100CA000CA6A32F8102023F81020401C80B20C28A9
:100CB000F5D325E0A14204D110212046FFF7F4FE30
:100CC0001EE0A0421CD113490020E36ACA6A32F830
:100CD000102023F81020401C80B20C28F5D30FE020
:100CE000A1420DD0A0420BD10A490020E36ACA6A92
:100CF00032F8102023F81020401C80B20C28F5D3C5
:100D0000D4E90B01BDE810400C2200F005B800004A
:100D100048040020D404002070B504460020034697
:100D200009E000BF34F9135031F91360B54200D027
:100D300001205B1C9BB29342F4D370BD70B5044696
:100D40000020034609E000BF54F8235051F8236007
:100D5000B54200D001205B1C9BB29342F4D370BD1E
:100D6000F8B5044640780026FE2520B1012816D0AB
:100D7000FE282BD121E0204600F02AF8012809D0D6
:100D80006088401C80B26080FA2807D36680657056
:100D9000267102E00120607025716571F8BD009632
:100DA00020234FF440512046626906F05FFDD4E9EC
:100DB00003011022FFF76AFE07E0608841F28831E4
:100DC000401C80B260808842E8D366806670E3E7AA
:100DD00070B504464048414A0023056902F5347065
:100DE000022125B1012D25D0022D4AD14BE0A2428E
:100DF00004D16169E06805F05FFE19E0A04217D1F7
:100E0000364A0020E568D36853F8203045F8203092
:100E10005369656933F8203025F8203001EB8003F1
:100E200055696669401CED5A80B2F5520828E9D32D
:100E3000082221E0A24204D16169E06805F03CFE8D
:100E400028E0A04246D1254A0020E568D36853F83F
:100E5000203045F820305369656933F8203025F893
:100E6000203001EB800355696669401CED5A80B261
:100E7000F5521028E9D32DE0D4E90301FFF75EFF16
:100E80000346184670BDA2420AD101226169E0689A
:100E900005F0C2FF02226169E06805F0BDFF19E0BC
:100EA000A04217D10D4A0020E568D36853F82030DE
:100EB00045F820305369656933F8203025F8203033
:100EC00001EB800355696669401CED5A80B2F5520A
:100ED0001028E9D31022CFE748040020D4040020D2
:100EE000F0B5002426E000260123171B1CE000BFFC
:100EF00000EB8305D5ED000A15ED010AF4EEC00AFA
:100F0000F1EE10FA0ED245ED010A85ED000A01EB73
:100F1000430631F813C036F8025C26F802CC21F8FB
:100F2000135001265B1CDBB29F42E1DC002E03D094
:100F3000641CE4B29442D6D3F0BD0000F0B50023A7
:100F400019E000250122CE1A0FE000BF00EB820756
:100F500050F822C057F8044CA44504DA47F804CCF2
:100F600040F822400125521CD2B29642EEDC002D00
:100F700003D05B1CDBB28B42E3D3F0BDFEE7000085
:100F8000014800F015B9000030260020014800F0AB
:100F90000FB9000090260020014800F009B90000B8
:100FA00070250020014800F003B90000D025002082
:100FB000014800F0FDB80000F0260020014800F0D4
:100FC000F7B80000B0240020014800F0F1B800009C
:100FD00050270020014800F0EBB800001025002049
:100FE00001681823CAB2103AB2FBF3F2054B6FF353
:100FF0000901032A9B5CC36500D9091D8165084668
:10100000704700009C85000810B5014600208B69E0
:101010008A6A4FF0C07453B1B3F5005F15D072B156
:10102000012A0CD0022A0AD0032A09D104E01AB1FD
:10103000012A06D0022A03D1C96AC90100D50120BC
:1010400010BDC96AA142FAD010BD002AF7D0012A0A
:10105000F2D0022AF3D0032AF3D010BD30B50468D1
:10106000256825F480252560046863608368402B2B
:10107000036803D099600068C26030BD9A60006860
:10108000C16030BD704772B6FEE700009FED160AE2
:10109000164A082921D200281FD003281DD202EBAE
:1010A000401000EB810090EDBB0A1148016D71B159
:1010B0000268A2F5DA436C3B09D1DFED0E0A60EE5F
:1010C000200A00EE101AB8EEC01A80EE810AC06C39
:1010D00020B1F2EE040A20EE200A7047F6EE000A74
:1010E00030EE200A7047000000000000AC00002035
:1010F0004804002000007A442DE9F0410446876D41
:1011000000F0D2FA064694F835000025022806D0F1
:101110008020606584F834500120BDE8F0812068AB
:10112000016821F0160101602068416921F0800109
:101130004161206C08B9A06C20B12068016821F0E1
:10114000080101602068016821F0010101600CE0E4
:1011500000F0AAFA801B052807D92020606503202B
:1011600084F8350084F83450D7E720680068C00759
:10117000EED194F85C103F208840B860012084F8DC
:10118000350084F834500020C7E790F83510022964
:1011900003D08021416501207047052180F835107A
:1011A0000068016821F00101016000207047000023
:1011B0002DE9F84304464FF00009CDF8009063484C
:1011C0004FF41651A56D0068B0FBF1F72E6894F846
:1011D0005C10082000FA01F131420FD021680A6842
:1011E00052070BD50A6822F004020A6094F85C10DA
:1011F0008840A860606D40F00100606594F85C1064
:101200004FF0010808FA01F0304208D0216849691E
:10121000090604D5A860606D40F00200606594F88E
:101220005C1004208840304208D021680968890792
:1012300004D5A860606D40F00400606594F85C100F
:1012400010208840304218D021680968090714D559
:10125000A86020680168490304D50068000308D528
:10126000A16C07E00168C90503D4016821F00801F9
:101270000160216C09B12046884794F85C10202059
:101280008840304231D021680968C9062DD5A86050
:1012900094F8350005282068016806D0490347D531
:1012A000006800031DD4616C1CE021F01601016090
:1012B0002068416921F080014161206C08B9A06C6F
:1012C00020B12068016821F00801016094F85C10E9
:1012D0003F208840A86084F8358084F83490216DE0
:1012E0001FE0E16B09B120468847606D00282BD0D4
:1012F000606DC00714D0052084F8350020680168AF
:1013000021F0010101600098401C0090B84203D810
:1013100020680068C007F6D184F8358084F83490DE
:10132000E16C002910D001B02046BDE8F043084729
:101330000168C905D5D4016821F01001016084F865
:10134000358084F83490CCE7BDE8F883180000209D
:101350002DE9F041044600F0A7F906465CB10220F1
:1013600084F83500002584F834502068016821F0A5
:10137000010101600DE00120BDE8F08100F094F969
:10138000801B052805D920206065032084F83500DE
:10139000F2E720680068C007F0D122681168204891
:1013A0000140D4E901031843D4E903363343184319
:1013B00063691843A3691843E3691843236A184310
:1013C0000843616A042903D1D4E90B131943084384
:1013D000106020684069666A20F0070130460E43BD
:1013E000012704280CD1A06A0643E06A40B12046D8
:1013F000FFF70AFE20B14020606584F83570BAE737
:10140000206846612046FFF7EBFD94F85C203F2101
:1014100091408160656584F835700020ACE700007C
:101420003F8010F02DE9F0410446866D90F83400BD
:10143000002501280DD0012084F8340094F835707F
:101440000020012F07D084F8340002252846BDE88B
:10145000F0810220FBE7022784F8357060652046A2
:10146000FFF7FCFD94F85C103F208840B0602068D6
:10147000016841F016010160206C20B1206801680C
:1014800041F0080101602068016841F0010101603C
:10149000DCE700002DE9F84FDFF8BCA100220125B0
:1014A00003264FF00F090AF1040BAAF1040E00BF46
:1014B0000B6805FA02F42340A34270D10F7907F0BC
:1014C0000307012F01D0022F16D187684FEA420887
:1014D00006FA08FC27EA0C07D1F80CC00CFA08FC45
:1014E0004CEA070CC0F808C04768A7430C79C4F35E
:1014F000001494403C4344600C79E443A4070AD0B0
:10150000C4684FEA420C06FA0CF7BC438F6807FA2E
:101510000CF72743C7600C7904F00304022C12D1A6
:10152000D40800EB840CDCF820405707FF0E09FAC2
:1015300007F824EA0804D1F8108008FA07F848EA06
:101540000408CCF8208004684FEA420C06FA0CF735
:10155000BC430F7907F0030707FA0CF7274307602E
:101560004C6814F4403F70D03C4C276847F48047E7
:101570002760246822F0030704F480440094384C68
:1015800007EB040CDCF8084897074FEA177809FACC
:1015900008F7BC43334FB84202D1002724E054E09F
:1015A000314FB84201D101271EE0304FB84201D17E
:1015B000022719E02E4FB84201D1032714E02D4F26
:1015C000B84201D104270FE02B4FB84201D10527C3
:1015D0000AE02A4FB84201D1062705E0284FB84259
:1015E00001D1072700E0082707FA08F72743CCF8BE
:1015F0000878DAF800405746D1F804C09C435FEA07
:10160000CC2C00D51C433C60DBF800405F46D1F891
:1016100004C09C435FEA8C2C00D51C433C60DEF880
:1016200000407746D1F804C09C435FEA8C3C00D56B
:101630001C433C60084F083F3C68D1F804C09C4301
:101640005FEACC3C00D51C433C60521C102AFFF4DE
:101650002FAFBDE8F88F0000083C0140443802403D
:101660000030014000000240000402400008024037
:10167000000C02400010024000140240001802401A
:10168000001C02400069084000D0012070474269F8
:1016900021EA02030A4043EA0241816170470AB12C
:1016A000816170470904FBE70148806870470000CA
:1016B0000C00002070B5040025D094F83D000025F2
:1016C00020B984F83C50204600F04CFA242084F8DD
:1016D0003D002068016821F0010101602068016877
:1016E00041F4004101602068016821F4004101607B
:1016F00000F004FC4D4A6168914201D84C4900E079
:101700004C49884201D2012070BD4B492368B0FB8F
:10171000F1F15E6826F03F060E435E606368934217
:1017200006D94FF4967359434FF47A73B1FBF3F132
:101730002368491C1E6A26F03F063143196261681E
:10174000914210D84900401EB0FBF1F2521CC2F386
:101750000B02042A01D2042022E0B0FBF1F0401C6D
:10176000C0F30B001CE0A268F2B301EBC10303EB72
:101770000116431EB3FBF6F35B1C43F480431B05C9
:1017800049D092B301EBC10202EB0111401EB0FB44
:10179000F1F0401CC0F30B0040F4804040F40040E6
:1017A0002168CA694CF6FF739A431043C861D4E9B3
:1017B000071001432068026822F0C0021143016053
:1017C000D4E9030101432068826848F2FF339A4359
:1017D00011438160D4E9050108432168CA6822F0F9
:1017E000FF021043C86001E00EE016E020680168C7
:1017F00041F0010101602564202084F83D0025634B
:1018000084F83E50002070BD01EB4106431EB3FB3F
:10181000F6F35B1CB3E70120C2E701EB4101401E78
:10182000B0FBF1F0401CC0F30B00B7E7A08601004D
:1018300080841E0000093D0040420F002DE9FF4F4B
:1018400083B09A46DDE9119793460446DDF840805F
:10185000FFF72AFF054694F83D00202870D1192390
:10186000012271492046009501F0D2FB0028F5D1F4
:1018700094F83C00012863D0012084F83C002068E3
:101880000168C90703D1016841F0010101602068C6
:10189000016821F400610160222084F83D004020AD
:1018A00084F83E0000262664C4F82480A4F82A9018
:1018B000608D20855D48E062CDE9007553465A464B
:1018C0002046049901F0ACFA00287CD1208DD0B1DB
:1018D000012821D00228206824D041698069009025
:1018E000208D032869D801282BD0514902283B4676
:1018F0004FF00002009559D08846204601F088FB41
:10190000002860D13CE0206841698169009101684C
:1019100041F40071016077E02068016821F4806182
:101920000160F0E7016821F48061016020680168CE
:1019300041F400610160206841698069009063E0C2
:101940006FE02A463946204601F0E1FB98BB20684B
:101950000069616A08704EE02068016841F4007116
:10196000016020680069616A0870606A401C6062FA
:10197000218D491E2185618D491E6185216838E0D0
:101980002068016821F48061016020680069616A53
:101990000870606A401C6062208D401E2085608D4A
:1019A000401E60853B46002241460095204601F0DE
:1019B0002FFB00B9D0E706E0FFE72A46394620466C
:1019C00001F0A5FB18B1012007B0BDE8F08F206839
:1019D0000069616A0870606A401C6062218D491E5E
:1019E0002185618D491E618521684A69D24352076C
:1019F0000AD409690170606A401C6062208D401E33
:101A00002085608D401E6085208D00287FF468AFA2
:101A1000202084F83D0084F83E6084F83C6000207B
:101A2000D2E70220D0E70000020010000000FFFF14
:101A3000040001002DE9FF4F83B09A46DDE91197BC
:101A400093460446DDF84080FFF72EFE054694F8E5
:101A50003D0020287FD119230122404920460095CE
:101A600001F0D6FA002876D194F83C00012872D013
:101A7000012084F83C0020680168C90703D101688F
:101A800041F0010101602068016821F400610160FA
:101A9000212084F83D00402084F83E000026266482
:101AA000C4F82480A4F82A90608D20852C48E06238
:101AB000CDE9007553465A462046049901F02EFAA6
:101AC00070B930E02A463946204601F053FB58B140
:101AD000206C042804D12068016841F40071016081
:101AE000012007B0BDE8F08F606A216800780861C6
:101AF000606A401C6062218D491E89B22185628D19
:101B0000521E628522685369DB435B070BD469B1BF
:101B100000781061606A401C6062208D401E208544
:101B2000608D401E6085208D0028CBD12A46394625
:101B3000204601F047FA0028CAD154F83D0B01684D
:101B400041F400710160202004F81E09E6776677F1
:101B50000020C6E7FFE70220C3E7000002001000F4
:101B60000000FFFF10B586B0044614216846FEF75A
:101B7000EDFC14492068884221D1134800210268F5
:101B800042F002020260006800F0020005904FF48B
:101B9000407000901220CDE9010103200390042041
:101BA000049069460948FFF775FC07481030016842
:101BB00041F400110160006800F40010059006B0C7
:101BC00010BD0000005400403038024000040240C4
:101BD0000248816802781144816070470C0000203F
:101BE0000B4810B5016841F400710160016841F4CF
:101BF00080610160016841F480710160032000F0A0
:101C00009FF80F2000F006F800F050F8002010BDFB
:101C1000003C024030B505461F4887B000240168EB
:101C200041F010010160006806A900F0100000906A
:101C300001A800F043F90498A8B100F05FF9400052
:101C40001649174AB0FBF1F11648491E026040F2EE
:101C5000E732C0E90324C0E90114846100F0A0FB6D
:101C6000040003D015E000F049F9E9E70D4800F061
:101C7000D9FB04000DD1362000F034F8102D07D226
:101C800000222946362000F03BF80748056000E0B6
:101C9000012407B0204630BD4038024040420F00CA
:101CA00000100040B0270020100000200C4882B037
:101CB000016841F480410160006800F480400090B8
:101CC0000748001F016841F0805101600068002250
:101CD00000F0805000900F21901E02B000F010B86C
:101CE00044380240002809DB00F01F020121914026
:101CF0004009800000F1E020C0F8001170470000AA
:101D0000F0B40E4B1B680C46C3F30223C3F1070566
:101D1000042D00D90425191D072901D2002300E054
:101D2000DB1E012606FA05F1491E214099409E401E
:101D3000761E16403143F0BC02F0A2BA0CED00E072
:101D4000064900F0070208684FF6FF03184040EA12
:101D50000220034A10430860704700000CED00E0C9
:101D60000000FA05BFF34F8F05480168054A01F4EA
:101D7000E06111430160BFF34F8F00BFFDE700003A
:101D80000CED00E00400FA052DE9F0470E460500D1
:101D900065D0DFF81481D8F80000F7B200F0070032
:101DA000B04207D288F80070D8F8000000F00700B1
:101DB000B04254D128683D4C810712D5400703D565
:101DC000206840F4E05020602878000703D52068A0
:101DD00040F4604020602068A96820F0F0000843CB
:101DE00020602878C0072DD030496868083901285C
:101DF00012D0022813D0032811D0096889070029BE
:101E00002DDA216821F0030101432160FFF74CFC2A
:101E1000814641F2883A0EE009688903EFE70968D4
:101E20008901ECE7FFF740FCA0EB0901514502D91D
:101E30000320BDE8F0872068696800F00C00B0EB73
:101E4000810FEFD1D8F80010404601F00701B142F0
:101E500007D90770006800F00700B04201D00120E8
:101E6000E7E72878400705D52068E96820F4E050C6
:101E7000084320602878000706D52068296920F4E7
:101E8000604040EAC100206000F058F82168084A2C
:101E9000C1F30311515CC840064908600648006858
:101EA000FFF7B8FE0020C4E7003C024008380240BB
:101EB000A485000818000020100000200F220260F6
:101EC0000C4A136803F003034360136803F0F00344
:101ED0008360136803F4E053C36012684FF4E05367
:101EE00003EAD20202610448006800F007000860BB
:101EF0007047000008380240003C02400448054991
:101F000000680968044AC1F38221515CC8407047E7
:101F10001800002008380240B4850008044805492C
:101F200000680968044AC1F34231515CC8407047F7
:101F30001800002008380240B4850008154810B584
:101F4000006810F00C02144813D01449042A0FD072
:101F5000082A0ED10F4C241F2268236802F03F028A
:101F60005B0207D52068C0F38810A0FB010106E0E2
:101F7000084610BD2168C1F38811A1FB00010023B0
:101F8000FEF7F6F92168C1F30141491C4900B0FB95
:101F9000F1F010BD083802400024F40040787D01C3
:101FA0002DE9F84F04006ED02078DFF84C93C0077D
:101FB000A9F104054AD009F104000168C1F38101C7
:101FC000012908D00068C0F3810002280AD1D9F89D
:101FD0000000400206D52868800337D560680028D5
:101FE000E1D033E06068B0F5803F10D0B0F5A02FAD
:101FF000286810D020F480302860286820F48020E1
:1020000028606068A8B1FFF74FFB06460DE028681E
:1020100040F48030F4E740F480202860F7E700BF08
:10202000FFF742FB801B642873D828688003F7D52C
:102030000CE0FFF739FB064605E000BFFFF734FB75
:10204000801B6428F0D828688003F7D42078DFF854
:10205000AC8280074FF0000A3ED5A748001D0168FA
:1020600011F00C0F08D00068C0F3810002280BD1DA
:10207000D9F80000400207D42868800716D5E06828
:10208000012800D112E033E1E068B8B10120C8F8BE
:102090000000FFF709FB064605E000BFFFF704FB61
:1020A000801B0228C0D828688007F7D528682169D6
:1020B00020F0F80040EAC10028600DE0C8F800A058
:1020C000FFF7F2FA064604E0FFF7EEFA801B02285B
:1020D0001FD828688007F7D42078000722D5864FBC
:1020E00087486169703771B101210160FFF7DCFA3F
:1020F000064604E0FFF7D8FA801B022809D83868A2
:102100008007F7D50EE0C0F800A0FFF7CDFA06462D
:1021100005E082E0FFF7C8FA801B02287DD8386806
:102120008007F7D42078400768D5DFF8CCB10027C6
:102130000BF13C0BDBF80000C0000BD4DBF8001007
:1021400041F08051CBF80010DBF80000012700F0CF
:10215000805000906B4E3068C00510D4306840F459
:1021600080703060FFF7A0FA009005E0FFF79CFA5E
:102170000099401A022850D83068C005F6D55E4E46
:10218000A0686C3601280FD00528306810D020F0E8
:1021900001003060306820F004003060A068B8B101
:1021A000FFF782FA00900FE0306840F00100F4E79A
:1021B00040F004003060F7E7FFF776FA0099411A23
:1021C00041F28830814266D830688007F4D50EE04D
:1021D000FFF76AFA009007E0FFF766FA0099411AE4
:1021E00041F28830814256D830688007F4D42FB14C
:1021F000DBF8001021F08051CBF80010A069C8B3C3
:102200003D49091D0968C1F3810102294AD002280C
:10221000504607D0C8F8600000E03CE0FFF744FA01
:1022200004463BE04746C8F86000FFF73DFA064623
:1022300005E000BFFFF738FA801B02282BD828687A
:102240008001F7D4D4E907010843A16A2E4A49085E
:1022500002EB0141626A41EA8211084394F82C10B2
:1022600040EA0161C9F8001001203866FFF71CFA46
:10227000044606E03EE000BFFFF716FA001B022806
:1022800009D828688001F7D534E000BFFFF70CFAC1
:10229000001B022802D90320BDE8F88F28688001BE
:1022A000F4D427E00128F7D0D9F80000E26900F45F
:1022B000800191421CD1226A00F03F01914217D166
:1022C00047F6C071626A0140B1EB821F10D1A26A69
:1022D0004FF0FF3300F4403103EB5202B1EB024FF9
:1022E00006D194F82C1000F07060B0EB016F01D0B3
:1022F0000120D1E70020CFE7043802400000474228
:10230000800E4742007000400000FFFF704770479A
:1023100070B590F83C20012A32D0012480F83C406E
:10232000022280F83D2003685A689D6822F07006FA
:102330000A6832435A60134B02689A4214D0B2F1D1
:10234000804F11D0104B9A420ED0104B9A420BD0B6
:102350000F4B9A4208D00F4B9A4205D00E4B9A422F
:1023600002D00E4B9A4204D1496825F080031943EC
:10237000916080F83D40002180F83C10084670BD17
:10238000022070BD00000140000400400008004031
:10239000000C0040000401400040014000180040D3
:1023A00010B5040003D094F83D0010B107E00120FF
:1023B00010BD002084F83C00204600F01FF80220E9
:1023C00084F83D00211D206801F022FC012084F8E2
:1023D000460084F83E0084F83F0084F8400084F80A
:1023E000410084F8420084F8430084F8440084F8F3
:1023F000450084F83D00002010BD000008B50068CD
:102400000649884208D10648016841F02001016070
:10241000006800F02000009008BD0000001400409B
:102420004038024090F83D10012901D0012070474A
:10243000022180F83D100168CA6842F00102CA60BA
:1024400000681149884214D0B0F1804F11D00F4973
:1024500088420ED00E4988420BD00E49884208D0DF
:102460000D49884205D00D49884202D00C49884266
:1024700004D1816801F00701062903D0016841F009
:10248000010101600020704700000140000400408D
:1024900000080040000C00400004014000400140E2
:1024A00000180040704770B50446006801694FF09D
:1024B0000005C943890715D4C168C943890711D4E8
:1024C000E91E01610120207720688069800720468D
:1024D00002D0FFF7E7FF04E000F098F8204600F094
:1024E00096F8257720680169C943490717D4C16860
:1024F000C943490713D46FF004010161022020771A
:102500002068806910F4407F204602D0FFF7CAFFA0
:1025100004E000F07BF8204600F079F82577206889
:102520000169C943090716D4C168C943090712D410
:102530006FF008010161042020772068C0698007DE
:10254000204602D0FFF7AEFF04E000F05FF820461F
:1025500000F05DF8257720680169C943C90617D4E2
:10256000C168C943C90613D46FF010010161082086
:1025700020772068C06910F4407F204602D0FFF722
:1025800091FF04E000F042F8204600F040F8257783
:1025900020680169C943C90708D1C168C943C9078F
:1025A00004D1891E0161204600F032F820680169DB
:1025B000C943090609D4C168C943090605D46FF0A7
:1025C000800101612046FFF7A1FE20680169C9432F
:1025D000490609D4C168C943490605D46FF04001D2
:1025E0000161204600F01EF820680169C943890690
:1025F0000BD4C168C943890607D46FF0200101617B
:102600002046BDE87040FFF782BE70BD704770473E
:1026100000680349884201D1FFF7DABA7047000029
:10262000001000407047704710B5044600684069CC
:1026300094F83D10C0F3C010212911D180B1206859
:10264000143050E8001F21F0800140E80012002AF9
:10265000F5D1606B08B1FEF74FFD204601F004FC98
:102660002068406994F83E10C0F38010222911D1EF
:1026700080B12068143050E8001F21F0400140E88C
:102680000012002AF5D1A06B08B1FEF735FD2046F7
:1026900001F0C3FB002010BD70470000F8B50168D1
:1026A00004460868CA684B6910F00F0F4FF0000528
:1026B0005AD003F0010602F49077374365D0C10782
:1026C00005D0D10503D5216C41F0010121644107FA
:1026D00005D5D90703D0216C41F00201216481079F
:1026E00005D5D90703D0216C41F00401216401070D
:1026F00007D502F02001314303D0216C41F00801DD
:102700002164216C00293BD0800604D5900602D5B7
:10271000204601F0B7FB20684069216CC0F38010AF
:1027200001F00801014320462BD001F076FB206820
:102730004069400621D52068143050E8001F21F080
:10274000400140E80012002AF5D1A06BA8B16C4905
:102750000165A06BFEF719FD002811D0A06B016D7B
:1027600001B0BDE8F040084783060ED593060CD5AE
:102770002046BDE8F84001F085BB2046FFF78CFFFE
:10278000F8BDFFF789FF2564F8BD266B2023012ED5
:1027900079D1C60677D5D60675D508684868009001
:1027A0004869400640D5A16B086840680004000CE9
:1027B000EAD0A28D8242E7D9E085C869B0F5807F72
:1027C0002DD020680C3050E8001F21F4807140E8C3
:1027D0000012002AF5D12068143050E8001F21F0C3
:1027E000010140E80012002AF5D12068143050E8B9
:1027F000001F21F0400140E80012002AF5D184F8C2
:102800003E30256320680C3050E8001F21F0100195
:1028100040E80012002AF5D1A06BFEF76DFCA08DF8
:10282000E18D401A81B229E0A08DE18D401A81B27C
:10283000E08D0028A8D00029A6D020680C3050E8F0
:10284000002F22F4907240E80026002EF5D1206877
:10285000143050E8002F22F0010240E80026002E3C
:10286000F5D184F83E30256320680C3050E8002F05
:1028700022F0100240E80023002BF5D12046FFF79C
:10288000D2FEF8BDFFE705062BD5150629D594F82D
:102890003D002128F5D1A068B0F5805F01D1206905
:1028A000B0B1206A411C2162216800784860E08C48
:1028B000401E0004000CE084E3D12068C16821F0D0
:1028C0008001C1602068C16841F04001C160D8E763
:1028D000206A0088C0F308004860206A801C2062DB
:1028E000E5E74006CDD55006CBD5CA68204622F094
:1028F0004002CA6084F83D3000F056FAC1E700009B
:10290000D93C000870B5040004D094F83D000025BF
:1029100010B106E0012070BD84F83C50204600F064
:1029200023F8242084F83D002068C16821F4005178
:10293000C160204601F006FB2068016921F4904146
:1029400001612068416921F02A0141612068C16864
:1029500041F40051C1602564202084F83D0084F8D2
:102960003E00002070BD00002DE9F04F87B0044606
:1029700014216846FDF7EAFDC048BF4B1438D4F86F
:1029800000C0DFF8F8E202210322871500250615B2
:102990004FF0070B4FF040094FF0006A9C4554D1AF
:1029A000DEF800C04CF0100CCEF800C0DEF80030AD
:1029B00003F010030593036843F00203036000680B
:1029C00000F002000590C0208DE82300CDE9032B24
:1029D0006946AB48FEF75EFDDFF8AC82A949404688
:1029E000C8F80010C0E901A5C0E90356C8F81450A2
:1029F000C0E90657C8F82050C8F82450FEF7A8FCD4
:102A000008B1FEF740FBA04FC4F838806037C8F823
:102A10003840C7F80890C7E903567D61BD61994801
:102A2000FD613D6278307D62C7E9000A3846FEF7F5
:102A30008FFC08B1FEF727FB6763002205212520E4
:102A4000BC63FFF75DF9252059E08C4BDFF83C8231
:102A50001B1FC44558D1D3F800C04CF4003CC3F848
:102A600000C01B6803F400330593036843F00803B8
:102A70000360006800F00800059060208DE82300E6
:102A8000CDE9032B69468248FEF704FDDFF8F881A3
:102A9000804908F1C0084046C8F80010C0E901A507
:102AA000C0E90356C8F81450C0E90657C8F82050CA
:102AB000C8F82450FEF74CFC08B1FEF7E4FA764F54
:102AC000C4F83880C8F83840C7F80890C7E90356FA
:102AD0007D61BD616F48FD613D6218307D62C7E96F
:102AE000000A3846FEF734FC08B1FEF7CCFA6763FB
:102AF000002205212620BC63FFF702F92620FFF7FC
:102B0000F1F807B0BDE8F08FDFF89081C44557D1E8
:102B1000D3F800C04CF4802CC3F800C01B6803F449
:102B200080230593036843F004030360006800F00A
:102B3000040005904FF440608DE82300CDE9032B9D
:102B400069465748FEF7A6FCDFF84C81514908F169
:102B5000600860394046C8F80010C0E901A5C0E926
:102B60000356C8F81450C0E90657C8F82050C8F8F2
:102B70002450FEF7EDFB08B1FEF785FA464FC4F886
:102B80003880C037C8F83840C7F80890C7E90356FE
:102B90007D61BD613F48FD613D6230387D62C7E9BE
:102BA000000A3846FEF7D4FB08B1FEF76CFA6763FB
:102BB000002205212720BC63FFF7A2F827209EE70B
:102BC000384B9C459DD1DEF800C04CF0200CCEF86F
:102BD00000C0DEF8003003F020030593036843F0E3
:102BE00004030360006800F004000590C0208DE835
:102BF00023000820CDE9032069462948FEF74AFC56
:102C00002049DFF8A480183940464FF0206AC8F800
:102C10000010C0E901A5C0E90356C8F81450C0E986
:102C20000657C8F82050C8F82450FEF791FB08B1A9
:102C3000FEF729FA1C4FC4F838806037C8F83840CE
:102C4000C7F80890C7E903567D61BD610D48FD6175
:102C50003D6260307D62C7E9000A3846FEF778FBC6
:102C600008B1FEF710FA6763002205214720BC6314
:102C7000FFF746F8472042E7001001404438024081
:102C80000004024040640240B024002000440040A0
:102C9000000C024088600240D0250020004800401F
:102CA0000008024000140140F026002090F83E3059
:102CB000202B0ED159B152B190F83C30012B08D0E5
:102CC000012380F83C300023036301F0C1B90120E7
:102CD00070470220704790F83E30202B0ED159B13A
:102CE00052B190F83C30012B08D0012380F83C30E1
:102CF0000023036301F0F6B90120704702207047FA
:102D00000449884204D1012234390248FFF7E3BF65
:102D100070470000A02300207047000070B50446F3
:102D200090F83D00202836D191B38AB394F83C0046
:102D3000012830D0012084F83C002162A284E28482
:102D400000252564212084F83D00636B1348D86377
:102D5000636B13481864636B1248D864606B134646
:102D600005652668606B321DFEF75CFB21686FF01D
:102D70004000086084F83C502068143050E8001F80
:102D800041F0800140E80012002AF5D1002070BD1A
:102D9000FFE70120FBE70220F9E70000CF3D000834
:102DA000113E0008E93C0008416B09680A6822F0FE
:102DB00001020A600A4900680968884205D1094889
:102DC000017821F0020101707047054988310968D6
:102DD0008842F9D100224FF480610348FEF75FBCBE
:102DE000A0230020681F0020000002407047FEE77B
:102DF00001684A69D24352050FD46FF480624A6178
:102E0000002140F8301F202242738173026942F092
:102E10000402026101730120704700207047000026
:102E20002DE9F84F0446006889460B9D01689846D5
:102E3000174641F4806101602068016841F48071A7
:102E4000016000954FF0011B0022594620460A9B65
:102E500000F0DEF84FF4007A40B120680068C00549
:102E600001D5C4F840A00320BDE8F88F216809F01F
:102E7000FE0008612B46284920460A9A00F0FCF81B
:102E8000F0BB20684169806900902A4620460A9973
:102E900000F070F940B1206C04283AD12068016834
:102EA00041F40071016034E0FEB2B8F1010F09D0C5
:102EB0002168380A08612A4620460A9900F05AF922
:102EC0000028E8D1206806612A4620460A9900F0C9
:102ED00051F90028DFD12068016841F48071016058
:102EE00000950022594620460A9B00F091F80028E0
:102EF000B3D1216809F0FF0040F00100086100E053
:102F000007E02B46044920460A9A00F0B5F800284D
:102F1000AAD00120A8E70000020001002DE9F84333
:102F2000044600680D46DDE9089701689846164694
:102F300041F4807101604B4600224FF001112046A0
:102F4000009700F065F848B120680068C00502D518
:102F50004FF4007020640320BDE8F883216805F079
:102F6000FE0008613B464A461549204600F084F8B9
:102F700088B920684169806900903A4649462046F0
:102F800000F0F8F848B1206C042804D120680168EA
:102F900041F4007101600120DEE7F5B2B8F1010FE4
:102FA00009D02168300A08613A464946204600F0B7
:102FB000E1F80028E7D1206805610020CCE7000097
:102FC0000200010070B516460D4604460DE020468D
:102FD000FFF70EFF08B1012070BD681C05D0FEF799
:102FE00063FB801BA84207D835B120684069C04305
:102FF0004007ECD4002070BD002044F8300F2021A1
:103000006173A073216941F0200121612073E2E71F
:103010002DE9F0471E4690460D460446C1F307478A
:10302000DDF8209008E0701C06D0FEF73DFBA0EB19
:103030000900B0420FD876B12068012F18D08069FE
:1030400025EA00000004000C14D000214145EAD01C
:103050000020BDE8F087002044F8300F2021617384
:10306000A073216941F02001216120730120F0E764
:103070004069E5E70121E9E72DE9F0479A469146E5
:103080000E46044600254FF02008C1F3074725E00F
:1030900020684069C043400514D42068016841F4A9
:1030A0000071016021686FF480604861256384F8D5
:1030B0003D8084F83E50206C40F00400206484F889
:1030C0003C501FE0B9F1FF3F08D0FEF7EDFAA0EB4E
:1030D0000A0149450CD8B9F1000F09D02068012F29
:1030E00013D0806926EA00000004000C0BD0CFE763
:1030F00044F8305F84F80D80A573206940F020000B
:10310000206125730120BDE8F0874069EAE72DE9D9
:10311000F041002590460E460446202717E04069FE
:10312000C043C0060CD454F8301B6FF01000486147
:1031300044F810596777A577206A2062257717E051
:10314000FEF7B2FAA0EB0800B04208D83EB1206802
:103150004169C9434906E2D40020BDE8F08144F842
:10316000305F6773A573206940F0200020612573EC
:103170000120F2E770B516460D4604460DE02046E4
:10318000FFF736FE08B1012070BD681C05D0FEF7C0
:103190008BFA801BA84207D835B120684069C0432C
:1031A0000006ECD4002070BD002044F8300F202130
:1031B0006173A073216941F0200121612073E2E76E
:1031C00070B564240546012911D001F083FC632009
:1031D000401EFDD1284601F08BFC611E491EFDD129
:1031E000284601F077FC641E641EFDD170BD01F01D
:1031F0007FFC6320401EFDD1284601F06BFC611E60
:10320000491EFDD1284601F073FC641E641EFDD1E9
:1032100070BD000070B5034600200246012906D0AB
:1032200002290AD0032906D0042907D101E001228E
:1032300004E0082202E0042200E00222082B15D25A
:10324000C3F1070101EBD1760B4DC6F34703042B05
:10325000EC5C0BD226F00100081A10F0FF0F06D02C
:1032600004F00F0141EA0210E854012070BD04F09F
:10327000F0001043F8E700009D000020294808B541
:10328000016841F400110160016801F4001100912E
:10329000016841F4800101600068002200F48000B0
:1032A000009005210C20FEF72BFD0C20FEF71AFDE7
:1032B000002205210E20FEF723FD0E20FEF712FD51
:1032C000002205211020FEF71BFD1020FEF70AFD4D
:1032D000002205211120FEF713FD1120FEF702FD4B
:1032E000002205213920FEF70BFD3920FEF7FAFCFC
:1032F000002205213A20FEF703FD3A20FEF7F2FCFA
:10330000002205214520FEF7FBFC4520FEF7EAFCE4
:10331000002205214620FEF7F3FCBDE808404620C8
:10332000FEF7E0BC3038024010B58EB01C220B49CD
:103330006846FDF7D9F80021684602F099FD084C6F
:1033400006491C2220601C3107A8FDF7CDF800219A
:1033500007A802F08DFD60600EB010BD6485000806
:10336000000000202DE9F04F87B014216846FDF7DA
:10337000EDF854480025016841F010010160016832
:1033800001F010010591016841F00401016001683C
:1033900001F004010591016841F0800101600168BC
:1033A00001F080010591016841F0010101600168AF
:1033B00001F001010591016841F008010160016817
:1033C00001F008010591016841F002010160006807
:1033D000DFF8F48000F002004FF67C040590002234
:1033E00021464046FEF75BF9DFF8E090002242F20A
:1033F0000D014846FEF753F9DFF8D4B04FF400460C
:10340000002231465846FEF74AF9DFF8C8A0771186
:10341000002239465046FEF742F9012220212E486B
:10342000FEF73DF900940124019402946946404658
:103430000394FEF72FF842F20800CDE90004694634
:103440004846CDE90245FEF725F80520CDE9000400
:103450000294694648460394FEF71CF81820CDE90B
:103460000005694650460295FEF714F8F81CCDE9B0
:103470000005694602944046FEF70CF8CDE9006469
:1034800069465846CDE90245FEF704F8CDE90074D7
:1034900069465046CDE90245FDF7FCFF9F20CDE986
:1034A0000005694602945846FDF7F4FF20208DE898
:1034B0003100694608480394FDF7ECFF07B0BDE80A
:1034C000F08F000030380240001002400008024037
:1034D000000C024000000240000402400D4810B5FC
:1034E0000B4901600C49416000214FF4804281602A
:1034F000C0E9031241618161C1610162FEF7DAF83E
:10350000002803D0BDE81040FDF7BDBD10BD000090
:1035100000540040CC1E0020801A06001CB5002478
:103520000E4800940C49019401605321C0E9011434
:103530004FF6FF718461C160FEF732FF08B1FDF7FD
:10354000A2FD0094694605480194FEF7E1FE0028BB
:1035500001D0FDF798FD1CBD00140040201F002085
:103560000C4810B50A4901604FF4E1314160002177
:1035700081600C22C160C0E904128161C161FFF762
:10358000C1F9002803D0BDE81040FDF77CBD10BD97
:1035900000100140A02300200C4810B50A4901602A
:1035A0004FF4E1314160002181600C22C160C0E92B
:1035B00004128161C161FFF7A5F9002803D0BDE8BD
:1035C0001040FDF760BD10BD00440040E423002022
:1035D0000C4810B50A4901604FF4E1314160002107
:1035E00081600C22C160C0E904128161C161FFF7F2
:1035F00089F9002803D0BDE81040FDF744BD10BD97
:1036000000480040282400200C4810B50A490160F9
:103610004FF4E1314160002181600C22C160C0E9BA
:1036200004128161C161FFF76DF9002803D0BDE884
:103630001040FDF728BD10BD001401406C2400208F
:10364000FEE700000A48D0F80813491CC0F8081328
:1036500008490969012907D0022903D00B2903D0A1
:103660000C2903D100F039B900F02AB870470000E6
:10367000AC00002048040020D0F80813C822B1FB99
:10368000F2F302FB1311002916D1B0F84E1341F0EA
:103690002001A0F84E1309490969012902D00B291C
:1036A00005D101E0022100E00C2180F85F13002128
:1036B000A0F8521380F84C13704700004804002013
:1036C00010B5044600F09CF8204600F0D6F801281A
:1036D0000BD1B4F8041304F20120085CA52804D12E
:1036E0002046BDE8104000F04FB810BD70B504464C
:1036F0000020B4F84E138A0643D521F02000A4F828
:103700004E0320480069012801D00B2801D184F81C
:10371000040194F85F0384F80501062084F806018B
:103720007E2184F8071184F8080104F209100C21A5
:1037300002F03EFE94F8600384F82101002084F832
:10374000600304F59170102102F072FF04F5B1706E
:10375000102102F015FE7F2104F5827084F85E13BB
:10376000054600F077FE94F85E13030A4A1C84F8BD
:103770005E234B5594F85E134A1C84F85E2348552B
:10378000012070BD4804002030B502790021447941
:10379000022A01D00C2A0CD1184B012C1B6906D02F
:1037A0000B2C06D10B2B04D10C2A03D003E0012BE8
:1037B000FAD030BD02228379862BFAD1C379222B2D
:1037C000F7D100EB421400BF00EB810204EB810350
:1037D000157A83F8EC52557A83F8ED52957A83F88E
:1037E000EE52491CD27A89B283F8EF220829EBD332
:1037F00000EB8101097A80F8611330BD4804002094
:1038000070B50446FFF738FF94F84C03012128B146
:10381000002501280DD002282AD11CE0B4F852035B
:10382000401C80B2A4F852030F2801D384F84C1333
:1038300070BD2046FFF75AFF0128F9D1206894F89F
:103840005E2304F58271436B9847022084F84C0391
:10385000A4F8545370BDB4F85403421CA4F8542384
:103860003C2801D384F84C1394F806030128F1D1C5
:1038700084F84C53A4F8525370BD2DE9F04104462E
:10388000002690F806033546012823D1002084F84D
:103890000603B4F80413C81EFD281BD204F202204C
:1038A00004F20322085C8A5C891E02EB002087B2C6
:1038B00004F5017000F0CEFDB84206D00AE06019B0
:1038C0006D1C90F804120171ADB2B4F80403A84263
:1038D000F5D801263046BDE8F08110B5044600F069
:1038E00043F82046FFF7C9FF012804D12046BDE870
:1038F000104000F001B810BD10B5044600796179A0
:10390000012801D00B282BD1022901D1012805D093
:10391000144A12698A4223D10B2821D1A0790628A2
:103920001ED1E0797E281BD1207A062818D104F117
:1039300009000C2104F04EFA94F8210084F8610388
:1039400004F12200102104F063FA04F16200102156
:1039500004F022FAB4F8580340F02000A4F8580309
:1039600010BD00004804002070B5044690F85603CE
:1039700018B10025012818D10BE0B4F85C03401CF5
:1039800080B2A4F85C030A2802D3012084F856030D
:1039900070BD204600F00CF80128F9D1206894F899
:1039A0005E2304F58271436B984784F8565370BDCB
:1039B00070B504460020B4F8581305468A065FD552
:1039C00021F02000A4F858033148006984F804016C
:1039D000022856D00C2856D06079862184F806112A
:1039E000222184F8071104EB4016E8B201F0CEFA68
:1039F00006EB85006D1CADB280EDBB0A082DF4D33B
:103A00005FF0000006EB800104EB800291F8EC32DD
:103A100082F8083191F8ED3282F8093191F8EE32EE
:103A200082F80A31401C91F8EF1280B282F80B1133
:103A30000828E7D304EB800194F8602381F808217B
:103A4000002284F8602394F8622381F8092106217A
:103A500001EB8000C1B204F5827084F85E13054664
:103A600000F0F8FC94F85E13030A4A1C84F85E2305
:103A70004B5594F85E134A1C84F85E234855012088
:103A800070BD012000E00B2084F805010220A4E7AE
:103A9000480400200D480C4900F5417201604A615C
:103AA000911C02689161026800F58271D16102681F
:103AB00000F5017111620021A0F8041380F80613CB
:103AC0000068816A084700000C0B0020AC00002051
:103AD000FEE700000C4910B50B888C880989234447
:103AE00019440A4B89B240F2E574196002466143F9
:103AF0000020C1F30B018A4204D142F2CD00C3E998
:103B00000120012010BD00007C6C0020100400206A
:103B1000012002F0A1F9FBE7012002F09DF900F07D
:103B200079FCF9E710B5502080F31188BFF34F8F6F
:103B3000BFF36F8F04F06CFA18B104494FF0805056
:103B40000860002080F3118810BD000004ED00E043
:103B500030B593B030216846FCF7F8FC14210CA86E
:103B6000FCF7F4FC1E480025016841F0805101601B
:103B7000006800F0805011901A48016841F48041BB
:103B800001600068022400F4804011900120009040
:103B9000000401908001CDE90640192008904FF4FF
:103BA000A870CDE9090404200B906846FEF7F8F9E7
:103BB00008B172B6FEE70CA90F2081E831004FF47E
:103BC000A0500F904FF48050109005210CA8FEF7E4
:103BD000DBF8002801D072B6FEE713B030BD00005C
:103BE00040380240007000400248016841F4700112
:103BF0000160704788ED00E003480168491C0160DE
:103C00000248FEF750BC000008000020B02700204A
:103C1000F0B50268254C264D264E274F274B4FF016
:103C2000804CA04209D0604507D0A84205D0B042E0
:103C300003D0B84201D0984204D122F0700E4A68F5
:103C400042EA0E02A0421BD0604519D0A84217D00C
:103C5000B04215D0B84213D0984211D0184DA842A6
:103C60000ED0184DA8420BD0174DA84208D0174DC2
:103C7000A84205D0164DA84202D0164DA84203D145
:103C800022F44075CA682A434D6922F080022A4313
:103C900002608A68C2620A688262A04201D09842C9
:103CA00001D10969016301214161F0BD00000140BA
:103CB0000004004000080040000C004000040140E7
:103CC000004001400044014000480140001800400D
:103CD000001C00400020004010B5806B0021C18511
:103CE000C184FEF7D9FC10BD70B5846B20684069B3
:103CF00094F83D10C0F3C0100025212904D118B15B
:103D0000E584204600F0B0F82068406994F83E1041
:103D1000C0F38010222904D118B1E585204600F0B7
:103D20007CF8206C40F0100020642046FEF7B4FCC4
:103D300070BD10B50146806B09680968C9052FD4AC
:103D40000021C18501680C3151E8002F22F48072F6
:103D500041E80023002BF5D10168143151E8002F10
:103D600022F0010241E80023002BF5D10168143153
:103D700051E8002F22F0400241E80023002BF5D14A
:103D8000202180F83E10016B012909D101680C3116
:103D900051E8002F22F0100241E80023002BF5D15A
:103DA000016B012902D0FEF7ABFF10BD818DFEF73C
:103DB0003AFC10BD10B5806B016B012902D0FEF7F3
:103DC000ABFF10BD818D4908FEF72DFC10BD10B56D
:103DD0000146806B09680968C90516D40021C184B1
:103DE0000168143151E8002F22F0800241E80023DD
:103DF000002BF5D101680C3151E8002F42F0400250
:103E000041E80023002BF5D110BDFEF7CDFF10BD1A
:103E100010B5806BFEF7EAFF10BD01680C3151E868
:103E2000002F22F4907241E80023002BF5D10168A5
:103E3000143151E8002F22F0010241E80023002B49
:103E4000F5D1016B012909D101680C3151E8002F2E
:103E500022F0100241E80023002BF5D1202180F848
:103E60003E1000210163704701680C3151E8002FBA
:103E700022F0C00241E80023002BF5D1202180F878
:103E80003D10704708B590F83E10222901D002205D
:103E900008BD82684FF480539A4201D1016921B173
:103EA000816A9A421BD04AB10AE00268816A52686C
:103EB000C2F308020A80816A891C08E0026972B1B3
:103EC0000268526802F07F020A70816A491C8162AE
:103ED000C18D491E0904090CC18503D019E002688F
:103EE0005268F1E70168CA6822F02002CA600168DE
:103EF000CA6822F48072CA6001684A6922F001022D
:103F00004A61202180F83E10016B012903D0FEF7A1
:103F1000F7FE002008BD0021016301680C3151E863
:103F2000002F22F0100241E80023002BF5D1016898
:103F30000A68D20602D50A6849680091818DFEF7A9
:103F400072FBE6E770B5044600680169E26821F497
:103F50004051114301612169A068E2690843616928
:103F6000114308432168CA6849F20C639A4302432B
:103F7000CA6020684169A26921F44071114341611E
:103F800031492068884202D03049884202D1FDF789
:103F9000C5FF01E0FDF7B2FFE269002319216425A6
:103FA0003226B2F5004F626828D0A0FB0101930FC2
:103FB0009200FCF7DDF90146B0FBF5F06FF0180256
:103FC000504301EB800006EB0010B0FBF5F000F071
:103FD000F002B1FBF5F002EB0012B1FBF5F06FF06F
:103FE0001803584301EB800006EB0010B0FBF5F01E
:103FF00000F00F0021681044886070BDA0FB010133
:1040000092185B41FCF7B4F90146B0FBF5F00201F0
:10401000B1FBF5F06FF01803584301EB800006EB9D
:10402000C000B0FBF5F000F0F80002EB4002B1FB7D
:10403000F5F0584301EB800006EBC000B0FBF5F053
:1040400000F00700D6E70000001001400014014016
:1040500038B5816282850025134604460564222016
:1040600084F83E00A26B1C48D063A26B1B4810640E
:10407000A26B1B48D064A06B0A4605652168A06B43
:10408000091DFDF7CFF9206801684068009084F8A9
:104090003C50206948B120680C3050E8001F41F4C2
:1040A000807140E80012002AF5D12068143050E8F1
:1040B000001F41F0010140E80012002AF5D12068FC
:1040C000143050E8001F41F0400140E80012002A7F
:1040D000F5D1002038BD0000333D0008B53D000893
:1040E000E93C000881628285C285002101642222A8
:1040F00080F83E2080F83C10016921B10168CA684F
:1041000042F48072CA6001684A6942F001024A6161
:104110000068C16841F02001C160002070470000C4
:1041200010B5044800F028F8BDE810400148FEF73B
:10413000B5BA0000A023002010B5044800F044F8F0
:10414000BDE810400148FEF7A9BA0000E4230020B2
:1041500010B5044800F060F8BDE810400148FEF7D3
:104160009DBA0000282400200148FEF797BA0000FD
:104170006C240020FEE7000038B5114C016820686F
:1041800081421CD10968C943C90618D40168406836
:1041900000902046FEF748FAA06B00684168094885
:1041A0000122C1F5807180F85822A0F8561200F162
:1041B00055012046BDE838401202FEF777BD38BDF4
:1041C000A0230020D404002038B5114C01682068D9
:1041D00081421CD10968C943C90618D401684068E6
:1041E00000902046FEF720FAA06B0068416809485D
:1041F0000122C1F5807180F82825A0F8261500F26B
:1042000025312046BDE838401202FEF74FBD38BDCB
:10421000E4230020D404002038B5174C016820683E
:10422000814227D10A68D243D20618D40168406877
:1042300000902046FEF7F8F9A06B006841680F482F
:104240000122C1F5807180F80623A0F8041300F55F
:1042500001712046BDE838401202FEF727BD0A680A
:10426000D243520603D50968C943090602D401683E
:104270004068009038BD000028240020AC000020D9
:104280000907090E002804DB00F1E02080F8001483
:10429000704700F00F0000F1E02080F8141D704717
:1042A0000B49024600208B6D0969062B0CD0082BA8
:1042B00009D10120002906D00320012903D1054995
:1042C000914200D1012070470029FCD002207047A4
:1042D00048040020D40400202DE9FE4F00278B461F
:1042E0008118B846B946B1F5804F3CD81546064608
:1042F000DFF87CA022E000BF06EB080086B206F0E3
:104300003F00C0F14004AC4200D32C460A2000F02C
:10431000AFFBDAF80C20DAF814100092CDE9014175
:10432000BAF8041010233246DAF80000FDF786FAD6
:10433000070007D040F24111AAF81810A5B1002FCC
:10434000DAD011E00BEB090022460A49FCF787F8A6
:1043500009EB0400A0461FFA80F9A5EB080005044C
:104360002D0CC9D100E001273846BDE8FE8F0000C2
:10437000CC0B0020127900202DE9FE4F00271446B7
:10438000064620448B46B946B846B0F5804F39D82A
:104390000E2000F0ADFBDFF874A026E006EB09006C
:1043A00086B206F03F00C0F14005A54200D3254685
:1043B0000BEB08012A461648FCF751F80A2000F0DA
:1043C00057FBDAF80820DAF814100092CDE9015111
:1043D000BAF8041010233246DAF80000FDF72AFB81
:1043E000070006D07B21AAF8181064B1002FD5D0A1
:1043F00009E008EB0500A9461FFA80F8A4EB0900C4
:1044000084B2F2E701273846BDE8FE8FCC0B0020CE
:1044100052790020084810B50168491C016001F07C
:10442000CBFB00F015FCFFF70DF902F0C5FFBDE86E
:10443000104001F045BC0000A800002010B5002489
:1044400000212046FEF7E6FE641CE4B2082CF7D3F8
:1044500010BD000070B50C4DFF22134605F58076A7
:1044600006E000BF10F8014B5C402B5D5340325D0D
:10447000491EF7D24FF6FF7000EA022000F47F4099
:10448000184480B270BD0000BC85000870B50024DF
:104490002DED028B25469FED1E8A2646D8B10828B1
:1044A00016D8401EC0B200F0ADFA00BF00EB850187
:1044B0006D1CEDB24E630A2DF8D3002100EB810292
:1044C000491C82ED218AC9B282ED2C8A0B29F5D3D1
:1044D000BDEC028B70BD204600F094FA014600202E
:1044E00001EB8002401CC0B256630A28F8D30020BA
:1044F00001EB8002401C82ED218AC0B282ED2C8A41
:104500000B28F5D3641CE4B2082CE4D3E0E70000E8
:104510000000000030B50021134C0A460B4680B164
:1045200008280DD8401EC0B200EB800004EB00113B
:1045300001EB4200521C8382D2B203850A2AF7D3D0
:1045400030BD01EB8102002004EB021202EB4005BA
:10455000401CAB82C0B22B850A28F7D3491CC9B2D4
:104560000929EED330BD00003076002010B50020C0
:10457000074B0446052103F1200200BF23F8104039
:1045800022F81010401CC0B21028F7D310BD000054
:104590003073002010B5B0F85A2200240A49A2F561
:1045A0000453023B0ED1B0F85E220124A2F525434C
:1045B0005A3B07D10122A0F86022A1F860221046E0
:1045C00002F0E2FE204610BDD404002010B5B0F881
:1045D0005A2200210E2A05D10121A0F8B41203F0BD
:1045E000C3F80121084610BD70B50446B0F8B20208
:1045F000002501280CD1B4F8C802012550B10128CA
:104600000FD0022814D0002603281AD0A4F8C862BC
:10461000284670BD204602F09BFB0028F8D0012000
:104620000CE0204602F086FA0028F1D0022005E0D6
:10463000204602F04FFB0028EAD00320A4F8C8026D
:10464000E6E7204602F0CEFA0028E1D0A4F8C862DE
:10465000A4F8B2620025DBE7F0B5002690F8B9C2F5
:10466000A1B0012304463146354601AABCF1800FB2
:1046700017D00CDCBF484FF00707BCF1090F74D20C
:10468000DFE80CF092A2B9D0737373F0EE00ACF1D6
:10469000810CBCF1060FF2D2DFE80CF01525354590
:1046A0005568B4F8B40208B1812056E1D4F89802F4
:1046B0006421B0FBF1F201FB1200002802D1204678
:1046C00002F05AFC53E1D4E9A601814202D90A1A48
:1046D000282A04D28142F5D2401A2828F2D3204653
:1046E00002F036FB3EE0D4E9A601814202D90A1A63
:1046F000282A04D28142E5D2401A2828E2D3204653
:1047000002F0E8FA2EE0D4E9A601814202D90A1AA1
:10471000282A04D28142D5D2401A2828D2D3204652
:1047200002F09DFA1EE0D4E9A601814202D90A1ADC
:10473000282A04D28142C5D2401A2828C2D3204652
:1047400002F0F8F90EE0D4E9A601814202D90A1A72
:10475000282A04D28142B5D2401A2828B2D3204652
:1047600002F040FA00282ED101E1F9E0D4E9A601D7
:10477000814202D90B1A282B04D2814213D2401A4B
:10478000282810D310230020411C09B222F8101051
:1047900008469942F8DB43F601112046009503F0E4
:1047A000CBF884F8B952E2E0D4E9A601814202D9FB
:1047B0000A1A282A04D2814251D2401A28284ED3FC
:1047C000204602F0AFFBC5E0D4E9A603834202D93C
:1047D0001F1A282F04D2834241D2C01A28283ED360
:1047E00022F81150491C09B22029F9DB8BB24FF491
:1047F00040510095ABE0D4E9A603834202D91F1AC9
:10480000282F04D283422AD2C01A282827D322F87C
:104810001150491C09B21029F9DB8BB24FF44451F5
:10482000009594E0D4E9A603834204D9A3EB000CDD
:10483000BCF1280F04D2834211D2C01A28280ED30B
:1048400022F81150491C09B20C29F9DB8BB241F254
:1048500001212046009503F06FF884F8B97286E0D4
:1048600014E0FFE7D4E9A6128A4202D9571A282F8A
:1048700004D28A427BD2891A282978D30088ADF8DD
:10488000040001AA4FF48051009560E0D4E9A6121B
:104890008A4202D9531A282B04D28A4267D2891A33
:1048A000282964D38188ADF804100189ADF8061079
:1048B00090ED030A01AABDEEC00A10EE101AADF881
:1048C000081030F8101FADF80A108188ADF80C10F0
:1048D0000189ADF80E108189ADF81010018AADF88C
:1048E0001210818AADF8141090ED060ABDEEC00AD0
:1048F00010EE101AADF81610018FADF81810818E59
:10490000ADF81A10018EADF81C10818BADF81E1099
:10491000018CADF82010818CADF822105521ADF836
:1049200024105321ADF82610818FADF82810B0F86F
:104930004010ADF82A10B0F84410ADF82C10B0F8C3
:104940004800ADF82E00162341F20A0100952046DA
:1049500002F0F2FF94F8B902401C84F8B90206E0B4
:10496000B4F8B602012802D1A4F8A432012621B07D
:104970003046F0BD4804002070B50446B0F8A402EB
:10498000002501280FD109480125006910B1022036
:10499000A4F8BC02B4F9BC12204602F065FA10B1CA
:1049A0000020A4F8A402284670BD0000480400209E
:1049B00070B5054690F84C000024122808D0012458
:1049C0002846FFF749FE012802D1122085F84C0045
:1049D000204670BD70B50546094800240068A0F562
:1049E0000051CD3909D101242846FCF7B9F92846F0
:1049F000FBF7A0FF2846FCF711F9204670BD000028
:104A0000180400200549082806D200EB8001C1EBFC
:104A10008010024901EB80010846704710650020B4
:104A2000014890F861037047AC00002010B50020E9
:104A30000B4A014640F2231302EB4104B4F85C40F8
:104A40009C4207D002EB4100A0F85C3002EB8100F1
:104A5000007E10BD491CC9B20429EDD310BD000071
:104A6000480400200148006870470000080000204A
:104A700000B501464FF47A7203E01046491E00F07B
:104A800003F80029F9D100BD00EB8000C00000E070
:104A9000401E0028FCD17047064910B5064A31F87F
:104AA000101052F82000FCF7EDFD002800D0012086
:104AB00010BD00000E880008E00A00200349044AE7
:104AC00031F8101052F82000FCF7E1BDF087000823
:104AD000A40A00200449054A31F8101052F82000B9
:104AE0000122FCF7DCBD0000F0870008A40A0020CA
:104AF0000449054A31F8101052F820000022FCF752
:104B0000CEBD0000F0870008A40A0020704770475F
:104B1000704770477047000070B5007814460D4626
:104B2000012803D0022803D020B10DE0074809E096
:104B3000074807E0012291020648FCF7B0FD224633
:104B400029460548FEF7EAF8002070BDA0230020A2
:104B5000E423002000000240282400202DE9F04139
:104B600088B0DFF8BC80002001466D4645F8201073
:104B7000401CC0B20828F9D3002601E0192E34D217
:104B80000024601DC0B2FFF7B3FF641CE4B2082C20
:104B9000F7D30A20FFF778FF0024601DC0B2FFF7AB
:104BA00099FF641CE4B2082CF7D30A20FFF76CFFCE
:104BB0005FF00004671C55F82400400045F824000D
:104BC000F8B2FFF769FF55F82410084445F82400AF
:104BD000FCB2082CEED30024601DC0B2FFF788FFA2
:104BE000641CE4B2082CF7D302E01420FFF74CFF5A
:104BF000761CF6B21B2EC1D35FF0000303EB8300DB
:104C0000C0EB831255F8231008EB820001F044FD3D
:104C10005B1CDBB2082BF1D308B0BDE8F0810000CB
:104C20001065002070B50024084DFFF797FF00BF06
:104C300004EB8400C0EB841005EB800000F048F921
:104C4000641CE4B2082CF3D370BD00001065002092
:104C500010B54FF4FA6000F07DF8012818D100F08B
:104C60001DF8012814D10B4C6079002810D120794F
:104C7000401CC0B2207109280AD300F01DFA02F0CE
:104C800073FD054901206071A1F8B602A1F88605FF
:104C900010BD000084000020D40400202DE9F0475E
:104CA0002B4D00240327A9780120A046264605297C
:104CB00004D2DFE801F003050F1A4200A87043E0B8
:104CC000601DC0B2FFF706FF641CE4B2082CF7D3E6
:104CD0000220F3E7601DC0B2FFF70AFF641CE4B2D4
:104CE000082CF7D3AF70AE812EE0A98940F28A225A
:104CF000491C89B2A981914202D3AE81EE70DDE7F1
:104D0000DFF84C9009F10E0919F80400012805D1CB
:104D1000601CC0B2FFF7C0FE01280CD0641CE4B2D6
:104D2000082CF1D3E878411CE9700A280CD904203A
:104D3000A870EE7008E0AF70FBE7FFF773FFAF708D
:104D4000AE81EE704FF001084046BDE8F0870000EC
:104D5000840000202DE9F05F594F01462DED028BB4
:104D60000026F8883546884278D8401CF880387884
:104D70005449002401F1100B4FF0010808286DD2AE
:104D8000DFE800F0040F2398981B3270701DC0B24A
:104D9000FFF7AEFE761CF6B2082EF7D387F8008038
:104DA00089E0701DC0B2FFF795FE761CF6B2082EA2
:104DB000F7D3052038703C817DE03889401C80B2F3
:104DC00038810A2877D9022072E08846701DC0B267
:104DD000FFF78EFE28F81640761CF6B2082EF5D3A3
:104DE000062038707C8166E07A89B946521C7A8147
:104DF0008A46771CF8B2FFF74FFE20B93AF8161032
:104E0000491C2AF81610FEB2082EF2D3B9F80A008F
:104E100040F28A214A4688424DD3507800215646B6
:104E20005B46474636F811C08046BCF1320F01EBB5
:104E3000410C9C4402D30CF8007001E00CF80040D7
:104E4000491CC9B20829EDD308F10100C0B2507065
:104E5000032804D3072089F800002CE02AE089F811
:104E6000004028E0C246A046154C9FED178BD9465E
:104E70000E34002106EB4603084603EB0902135CDF
:104E8000401C1944C0B2C9B20328F8D3084603F045
:104E9000DBF953EC182B03F025FB02D804F806A02D
:104EA00001E004F80680761CF6B2082EE1D3082053
:104EB000387000E00125BDEC028B2846BDE8F09F6C
:104EC00084000020E8640020CCCCCCCCCCCC0040CA
:104ED00030B504460020A17887B0012940D16D4645
:104EE00004EB8001496845F82010401CC0B2072837
:104EF000F6D307212846FCF721F800202062022083
:104F0000216A55F82020401C1144C0B221620528B6
:104F1000F6D30846032190FBF1F16162D4F8E0205A
:104F2000002000BF04EB80035B6BDAB1994203DA27
:104F3000401CC0B20A28F5D300EE901A04EB8000A2
:104F4000F8EEE00A90ED210A20EE800AD0ED2C0A5E
:104F500030EE800AD4ED390AC4ED3A0A84ED390AFC
:104F600007B030BD9942E7DDE2E7000001460020CE
:104F7000054A082906D201EB8100C0EB811002EB43
:104F80008000406A704700001065002010B504469C
:104F90002DED028BDFED188A1848B0EE688A806824
:104FA00003F03BF99FED161B53EC112B03F09CF91A
:104FB00003F0F6F800EE100A1348082C0BD204EBAD
:104FC0008401C1EB841100EB8100D0ED390A90ED32
:104FD000371A30EEC18AB4EEC08AF1EE10FA01DB66
:104FE000B0EE408A0948005D08B9B0EE688AB0EEBC
:104FF000480ABDEC028B10BD0000000048040020F0
:105000009A9999999999F13F106500209200002092
:10501000F0B5244C00231A4603EB8300C0EB831049
:10502000002104F8203004EB80008270C27002621C
:10503000C0F8242000EB8105491CC9B26A600A2926
:10504000F8D3194D002100BF00EB810755F821600E
:10505000FE654618491CC9B286F828200A29F3D3F0
:1050600000219FED120ADFED120A00BF00EB81055F
:10507000491C85ED210AC9B2C5ED2C0A0B29F5D3CF
:1050800001219FED0C0A5B1C80ED370AC0F8E0207F
:1050900080ED390A80ED3A0ADBB24170082BBBD3B0
:1050A000F0BD000010650020BC870008124DA03A3A
:1050B000E1DA85C30000000010B511495FF000007F
:1050C00000EB8002C2EB801201EB8202401C92EDE9
:1050D000390AC0B282ED370A0828F1D3FFF746FA41
:1050E000FFF7ACF90020074A014600BF02EB40037E
:1050F000401CC0B2A3F85C100428F7D310BD000018
:10510000106500204804002070B50446B0F85A022B
:10511000002542F20111884214D1B4F85E02012543
:10512000A0F5E061E5390DD10120A4F86402A4F8EE
:10513000660294F86C0204F51974FFF7EBF9207A13
:10514000FFF7A4F9284670BDB0F85A220021B2F545
:10515000045F12D10022A0F86622B0F86C32B0F9D8
:105160005E220121934208D00123A0F86832082A68
:1051700003DCB0F85E22A0F86C22084670472DE9E7
:10518000F04104460026B0F866023546012836D1C3
:10519000B4F85A02B0F5145F31D342F20A51884292
:1051A0002DD2B4F95E120126A1F59052FE3A26D115
:1051B0000121A4F8621294F8B812C7B241F00101BB
:1051C00084F8B812B4F86C02E0B1082817D8401E71
:1051D000C0B2FFF7CBFEC11700EBD150451294F8D7
:1051E0006C023946401EC0B202F006FC94F86C0214
:1051F0002BB2401EC0B20122394600F073FE304689
:10520000BDE8F0812846FFF7B1FEC11700EBD15091
:1052100044123946284602F0EFFB23B201223946F8
:10522000284600F05FFE6D1CEDB2082DEAD3012286
:1052300023B239460820E0E72DE9F0410446B0F8F2
:105240005A024FF00008A0F5085046460A2835D209
:1052500094F8B812C7B241F0010184F8B812A4F86A
:105260006E0204EB8701B4F95E02C1F87002B4F972
:105270005E52B4F86C024FF0010860B1401EC0B23B
:105280002A46394602F086F894F86C022A46401EF7
:10529000C0B2394610E02A463946304602F07AF864
:1052A0002A463946304600F031FE761CF6B2082E0A
:1052B000F1D32A463946304600F028FE4046BDE884
:1052C000F081B0F85A32002141F20312934207D123
:1052D000B0F85E320121934202D10122A0F8AC2243
:1052E00008467047B0F85A32002141F20212934248
:1052F00007D1B0F85E320121934202D10122A0F819
:10530000AA2208467047B0F85A32002141F2011231
:10531000934207D1B0F85E320121934202D10122BB
:10532000A0F8A4220846704710B5B0F85A22002110
:10533000A2F50453033B11D1B0F85E320121A3F56D
:10534000E0640A46E53C04D0A3F58064B23C03D097
:1053500004E0A0F8A02201E0A0F8A622084610BDB3
:10536000B0F85A220021A2F50453043B09D1B0F849
:105370005E220121A2F54073F23B02D10122A0F886
:10538000AE2208467047000010B5B0F85A2200243B
:105390000A49A2F50453023B0ED1B0F85E22012463
:1053A000A2F525435A3B07D10122A0F86022A1F8BB
:1053B0006022104601F0E8FF204610BDD404002012
:1053C00070B5B0F85A1200250A46A1F580511E2981
:1053D0007BD801250B463E492C46202B62D2DFE8C4
:1053E00003F01061616161616161616114181C25E4
:1053F00029616161612D363C4044486161614C55D1
:10540000595DB0F95E220A6059E0B0F95E224A6047
:1054100055E0B0F95E228A6051E0B0F95E2200EEFC
:10542000102AB8EEC00A81ED030A48E0B0F95E2206
:105430000A6144E0B0F95E224A6140E0B0F95E22C0
:1054400000EE102AB8EEC00A81ED0A0A37E0B0F982
:105450005E228A64A0F8B04231E0B0F95E224A646C
:105460002DE0B0F95E220A6429E0B0F95E22CA623A
:1054700025E0B0F95E220A6321E0B0F95E22CA6439
:105480001449A0F8B242A1F8824518E0B0F95E22B2
:105490000A6514E0B0F95E224A6510E0B0F95E22B8
:1054A0008A650CE0A2F580530F3B032B07D801EB74
:1054B0008201A1F5A041B0F95E32C1F8DC3F90F85D
:1054C000B81241F0020180F8B812284670BD000001
:1054D00048040020D404002010B504460020B4F88D
:1054E0005A12A1F5A852103A0AD1B4F95E02FEF799
:1054F000F1FA94F8B80240F0020084F8B8020120F2
:1055000010BD10B5B0F85A120024A1F5CC42663A8D
:1055100007D1B0F95E02A0F525415A3901D1FCF757
:1055200021FC204610BD10B5B0F85A2200210E2AE9
:1055300005D10121A0F8B41202F016F901210846A4
:1055400010BD0000B0F85A220021A12A04D1034A5C
:1055500090F85E020121107008467047641B00201D
:1055600070B50446B0F8B202002501280CD1B4F899
:10557000C802012550B101280FD0022814D00026FE
:1055800003281AD0A4F8C862284670BD204601F04E
:10559000DFFB0028F8D001200CE0204601F0CAFA19
:1055A0000028F1D0022005E0204601F093FB0028FE
:1055B000EAD00320A4F8C802E6E7204601F012FB77
:1055C0000028E1D0A4F8C862A4F8B2620025DBE7A5
:1055D00070B50546B0F8B0020024012807D10124B7
:1055E000284601F09FFC10B10020A5F8B00220462B
:1055F00070BD0000F0B50446002094F8B9C2A1B017
:1056000005260123F4490546024601AFBCF1080F07
:105610007ED008DCBCF1080F1FD2DFE80CF0566624
:1056200088A1B9F8F6F5BCF12A0F72D00CDCBCF1F8
:10563000090F6FD0BCF10A0F6DD0BCF10B0F6BD00E
:10564000BCF1290F09D1B6E0BCF1800F0AD0BCF142
:10565000810F19D0BCF1820F30D0B4F8B602012806
:105660007DD0B5E1B4F8B40208B18120B5E0D4F83A
:1056700098026421B0FBF1F201FB12000028F0D186
:10568000204601F079FCA3E1D44ED4F89802B6F993
:105690000410B0FBF1F201FB12000028E1D1B6F9D1
:1056A0000210204601F0E0FB0128DAD1B6F9020031
:1056B000411C71801928D4DB82208EE0B4F8B60238
:1056C0000128CED184F8B92282E1D4E9A601814231
:1056D00002D90A1A282A04D28142C2D2401A2828A2
:1056E000BFD3204601F01EFC1DE0D4E9A6138B4277
:1056F00002D95E1A282E04D28B42B2D2C91A2829A6
:10570000AFD327F81020401C00B22028F9DB04E0BA
:10571000BFE065E021E135E145E1009283B23A4620
:105720004FF44051B1E094F8B902401C55E0D4E97F
:10573000A6138B4202D95E1A282E04D28B4290D235
:10574000C91A28298DD327F81020401C00B2102830
:10575000F9DB009283B23A464FF4445195E034E1CC
:10576000D4E9A6138B4202D95E1A282E04D28B42AA
:1057700089D2C91A282986D327F81020401C00B2E4
:105780000C28F9DB009283B23A4641F201217CE019
:10579000D4E9A610884202D9421A282A04D28842A3
:1057A0001DD2081A28281AD3204601F0D1FA002861
:1057B00015D0292011E0D4E9A601814202D90A1AA4
:1057C000282A04D281420AD2401A282807D3204628
:1057D00001F0B0F9002802D02A2084F8B902F7E0DD
:1057E000D4E9A601814202D90A1A282A04D28142A8
:1057F00009D2401A282806D3204601F030FA0028A2
:1058000001D084F8B962E3E02CE019E0FFE7D4E9C5
:10581000A6138B4202D95E1A282E04D28B427DD267
:10582000C91A28297AD3411C09B227F81010084652
:105830001029F8DB8BB200923A4643F6011124E0BE
:10584000D4E9A601814202D90A1A282A04D2814247
:1058500064D2401A282861D3B4F9BC12204601F062
:1058600003FB60E7D4E9A660B04202D9871B282F6A
:1058700004D2B04252D2301A28284FD3088800925E
:10588000ADF8040001AA4FF48051204602F054F80C
:1058900049E7D4E9A603834202D91E1A282E04D26E
:1058A00083423BD2C01A282838D38888ADF8040038
:1058B0000889ADF8060091ED030ABDEEC00A10EEAE
:1058C000100AADF8080031F8100FADF80A0088880A
:1058D000ADF80C000889ADF80E008889ADF810000D
:1058E000088AADF81200888AADF8140091ED060A16
:1058F000BDEEC00A10EE100AADF81600088FADF824
:105900001800888EADF81A00088EADF81C00888B40
:10591000ADF81E00088CADF8200000E054E0888C43
:10592000ADF822005520ADF824005320ADF8260034
:10593000888FADF82800B1F84000ADF82A00B1F822
:105940004400ADF82C00B1F848000092ADF82E00EC
:1059500016233A4641F20A0197E7D4E9A6018142AB
:1059600002D90E1A282E04D2814231D2401A282898
:105970002ED3B4F86C020092ADF804003A464FF40E
:10598000045182E7D4E9A601814202D90A1A282AE1
:1059900004D281421CD2401A282819D31321204650
:1059A00001F080FBBFE6D4E9A601814202D90A1AC0
:1059B000282A04D281420BD2401A282808D3204634
:1059C00001F088F90028EDD102E0A4F8A432012505
:1059D00021B02846F0BD000048040020681C0020CB
:1059E00070B50546B0F8CA02002401280BD1074E55
:1059F0000124307838B9284601F026FB18B1002080
:105A00003070A5F8CA02204670BD0000681C002056
:105A100070B50446B0F8A6020025012809D1012579
:105A2000B4F9C012204601F01FFA10B10020A4F80A
:105A3000A602284670BD70B50446B0F8AC02002539
:105A4000012809D10125B4F9C412204601F00CFA4D
:105A500010B10020A4F8AC02284670BD70B5044611
:105A6000B0F8AA020025012809D10125B4F9C6120F
:105A7000204601F0F9F910B10020A4F8AA02284646
:105A800070BD70B50446B0F8A8020025012809D100
:105A90000125B4F9C612204601F0E6F910B1002044
:105AA000A4F8A802284670BD70B50446B0F8A40258
:105AB0000025012809D10125B4F9BC12204601F0C6
:105AC000D3F910B10020A4F8A402284670BD70B527
:105AD0000446B0F8A0020025012809D10125B4F937
:105AE000BE12204601F0C0F910B10020A4F8A002B7
:105AF000284670BD70B50446B0F8A2020025012802
:105B000009D10125B4F9BA12204601F0ADF910B15E
:105B10000020A4F8A202284670BD70B50446B0F873
:105B2000AE020025012809D10125B4F9C212204690
:105B300001F09AF910B10020A4F8AE02284670BD19
:105B400070B5054690F84C000024122808D00124B6
:105B50002846FFF74FFD012802D1122085F84C009E
:105B6000204670BD70B505460A4800240068A0F5BF
:105B70000051CD390CD101242846FBF7F1F8284615
:105B8000FAF7D8FE2846FBF749F8284601F0FAF95B
:105B9000204670BD1804002001460020A1F1090232
:105BA000022A06D201EB4100024901EB400010F845
:105BB000310C7047706C00202DE9F04100F042F884
:105BC0001E4C0027012620781D4D00284FF00A00AA
:105BD00003D0FFF7E1FF60B10CE0FFF7DDFF012824
:105BE00008D12670A5F86062A5F8306501F0CCFBFD
:105BF00000E02770607800284FF0090006D0FFF71A
:105C0000CBFF002800D16770BDE8F081FFF7C4FF2B
:105C10000128F9D16670A07810F0010100F10100AF
:105C2000A07006D00029EFD0A5F8A462A5F874658D
:105C3000EAE7A5F8A262A5F87265E5E79A000020F8
:105C4000D404002070B5104D002400BF04EB4406BE
:105C500015F81600FEF720FF05EB46010871CA781B
:105C6000824209D18A78521CD2B28A70322A05D374
:105C700032228A70487101E000228A70641CE4B20A
:105C8000C870022CE2D370BD706C002030B50020CB
:105C90000A4B01465FF0010500F1090200EB4004E8
:105CA000401C03F8142003EB4402C0B29170D17081
:105CB0001171517155700228EED330BD706C002007
:105CC0002DE9F04100241B4F264600F037F81A4812
:105CD000406901282BD13D1D385D295D814201D0ED
:105CE00028550126641CE4B2042CF5D3012E1ED1E4
:105CF000002400262F5DF8074FF0000002D0FEF7C9
:105D0000E9FE01E0FEF7F4FE7F0801210320FDF724
:105D100057FA761CF6B2082EEDD3641CE4B2042CBC
:105D2000E7D3BDE8F04101210220FDF749BABDE803
:105D3000F08100009D0000204804002010B5FEF70F
:105D400091FE4FF47A71B0FBF1F201FB12000028D2
:105D500004D1BDE810400D20FEF7B0BE10BD10B557
:105D60000020FEF7B7FE0120FEF7B4FE0220FEF78A
:105D7000BFFE0320FEF7BCFE0420FEF7B9FE0120A3
:105D8000FEF7A8FE00210420FDF71AFA01210220E7
:105D9000FDF716FABDE810400120FEF7A9BE00008D
:105DA000FBF71EFFFDF7D4FEFDF7DCFAFDF766FA00
:105DB000FDF7B4FBFDF70CFCFDF7D2FBFDF78EFB06
:105DC000FDF722FCFDF7E8FB4FF4807422461949E9
:105DD0001948FCF76BFF18480068C16841F01001D2
:105DE000C160224615491648FCF760FF1448006858
:105DF000C16841F01001C160224612491248FCF707
:105E000055FF11480068C16841F01001C160FFF7FB
:105E10003DFFFFF7A4FFFFF7FBF800F0EFFFFDF7F2
:105E200039FE00F0DDFA00F07BFBFDF77DFA00F0B3
:105E30001AF8FEE729050020A0230020F90700201A
:105E4000E4230020B0020020282400200146002086
:105E5000842900D0C81C704710B500B9012001F09A
:105E600009FF002010BD10B501F02AFF002010BD71
:105E70007FB50D4604464169B0F9080081B1A169BA
:105E800071B1FFF7E3FFD4E905128DE80700D4E90B
:105E900000102B46226902F090F8039004B070BD08
:105EA000FFF7D4FF03A9CDE90001208A2B4682B277
:105EB000D4E9001002F054F8012801D00020EDE7E9
:105EC0000398EBE7082809D80A2907D2044B00EB0E
:105ED000800003EB001000EB4100028570470000DA
:105EE0003076002030B508280DD80A290BD200EBF7
:105EF00080050548012400EB051020F8114000EB57
:105F000041008282038530BD30760020082809D800
:105F10000A2907D2044B00EB800003EB001000EBD2
:105F20004100828770470000307600202DE9F04163
:105F3000184C0F460546E6682068001D01F0D2FDAA
:105F400038B9206890F82C100120884021698143DD
:105F50002161681C07D137B12168BDE8F0410E48C6
:105F6000091D01F003BE20683544B5424560216833
:105F700005D2A06BBDE8F041091D01F0DFBD606BEB
:105F8000091D01F0DBFDA06A854200D2A562BDE8D3
:105F9000F08100001C000020D42800202DE9F041F1
:105FA000054601F0EFFD2E4CA068401CA060206863
:105FB0002C4F10B1606940B32DE02560A068012826
:105FC00029D1002606EB860007EB800001F0A8FD32
:105FD000761C072EF6D323488C3001F0A1FD214812
:105FE000A03001F09DFD1F48B43001F099FD1D481F
:105FF000C83001F095FD1B48DC3001F091FD1948D7
:106000008C3060631430A06305E02068E96AC06AE0
:10601000884200D82560606A401C6062E96A0120FD
:10602000226988401043206101EB810007EB80006A
:10603000291D01F09BFD01F0C5FD606900280CD011
:106040002068E96AC06A884207D207494FF0805049
:106050000860BFF34F8FBFF36F8FBDE8F081000082
:106060001C000020F827002004ED00E010B50446D5
:1060700090F8510058B101280CD002280FD05020C0
:1060800080F31188BFF34F8FBFF36F8FFEE7206B54
:1060900001F0ACFD2046BDE8104001F0A7BD10BDE9
:1060A00010484FF47051420706D0C01D0D4920F032
:1060B0000700411AC1F570510B4A00230144C2E99F
:1060C00000030839183A21F0070111604B600B609A
:1060D0000B1AC0E9001393604FF000405360506109
:1060E00070470000E828002070000020144E154C76
:1060F000A6F1C8074FF08058DFF84C9012E000BFBF
:1061000001F040FDF068C568281D01F0EBFCA068B7
:10611000401EA0606068401E606001F053FD28468C
:10612000FFF7A4FF60680028EAD138680128F9D990
:10613000C9F80080BFF34F8FBFF36F8FF2E7000005
:10614000C02800201C00002004ED00E02DE9F047ED
:106150009A46DDE9098481466FF00303206B03EB67
:1061600082021044089E20F00707780707D05020CD
:1061700080F31188BFF34F8FBFF36F8FFEE70025C9
:1061800061B1002023180A5C83F834200A5C12B144
:10619000401C1028F6D384F8435001E084F83450B2
:1061A000072E00D30626E662C4E91165201D01F022
:1061B000C2FC04F1180001F0BEFC2461C6F1070026
:1061C0006462A061E56484F85050524649463846FE
:1061D00000F0C0F82060B8F1000F01D0C8F800400E
:1061E000BDE8F08730B5114900E011460A688242E7
:1061F000FBD34B685C18844203D140681844486064
:10620000084643681C18944209D1084C183C24687D
:10621000A24209D052681A4442600A6812680260B9
:10622000814200D0086030BD0460F9E770000020B2
:106230000648416B096829B1416BC968C96849685A
:10624000816270474FF0FF31FAE700001C00002028
:1062500008484068401C4FF0500080F3118804D07B
:10626000BFF34F8FBFF36F8FFEE7BFF34F8FBFF3C7
:106270006F8FFEE7780000202DE9F04105460027EA
:1062800001F054FD324E306808B9FFF709FF70691C
:1062900005424ED1C5B3083568070ED005F007009A
:1062A000C0F108000544680707D0502080F311882A
:1062B000BFF34F8FBFF36F8FFEE72DB3706885423A
:1062C00037D82348183001460C6801E020460C46B8
:1062D0006168A94202D221680029F7D131688C4255
:1062E00027D007682168016060680837411B1029C2
:1062F0000FD96019420708D0502080F31188BFF3EE
:106300004F8FBFF36F8FFEE713E041606560FFF7CB
:1063100069FF61687068401A7060B268904200D28C
:10632000B060706901430020C4E90001F068401CBE
:10633000F06001F0D3FE780707D0502080F3118879
:10634000BFF34F8FBFF36F8FFEE73846BDE8F08194
:106350005800002010B5031F4FF080741C601B1FF5
:1063600021F001011960191F044B0B6014390A60F8
:10637000091F6FF0020244380A6010BD5162000824
:1063800030B5002210290FD8084B0BE033F812402B
:1063900000EB4205240A00F8124013F81240521C88
:1063A0006C70D2B28A42F1D330BD0000307300204D
:1063B00030B500220C290FD8084B0BE033F81240FF
:1063C00000EB4205240A00F8124013F81240521C58
:1063D0006C70D2B28A42F1D330BD0000F07300205D
:1063E0002DE9F047ADF5B16D40F284552946684678
:1063F000FAF7ACF84FF0000844462A466946404692
:10640000FDF76AFFDDF88055002876D14FF4B061C2
:106410006846FEF71FF8A8427ED1EA4608F0FF0062
:10642000FEF7F0FA814604F10A00002687B209F16E
:10643000340512E05AF8241002C55AF82400C11796
:1064400000EBD150314640F34F22761CF6B208F0F3
:10645000FF00FFF737FD641CA4B2BC42EAD307F18A
:106460000A00002486B209F15C050EE05AF82710F4
:1064700002C53AF82700214602B2641CE4B208F0D3
:10648000FF00FFF743FD7F1CBFB2B742EED306F11A
:106490000B0080B209F18401534607E003EB86024A
:1064A000761C92ED000AB6B2A1EC010A8642F5D341
:1064B00000F10B0189B209F1B00207E003EB80049F
:1064C000401C94ED000A80B2A2EC010A8842F5D388
:1064D000481C80B209F1DC0208E000BF03EB810434
:1064E000491C94ED000A89B2A2EC010A8142F5D35D
:1064F000411C8CB209F1E00105E00DE053F82020C9
:10650000401C04C180B2A042F8D308F101001FFA78
:1065100080F8B8F1080F81D30DF5B16DBDE8F087B3
:1065200070B59AB064216846FAF710F80024642226
:1065300069464FF4C060FDF7CFFE189D00286FD16B
:1065400060216846FDF786FFA84269D1354A009868
:10655000694610603448019A0260029A4260039AC8
:1065600082609DED040A80ED030A059A0261069A95
:10657000426107225FF00B0351F8225000EB8406C2
:10658000641C521C92B2E4B2B5619A42F4D301EB9E
:106590008203521C93ED000A92B280ED0A0A51F870
:1065A0002230521C92B2C36251F82230521C92B275
:1065B000036351F82230521C92B2436351F82230E7
:1065C000521C92B2836351F82230521C92B2C363C0
:1065D00051F82230521C92B2036451F82230521CFE
:1065E00092B2436451F82230521C92B2836451F843
:1065F0002230521C92B2C36451F82230521C92B223
:10660000036551F82230521C92B2436551F82210B2
:1066100081650069022803D104493E20A1F8BC022B
:106620001AB070BD1404002048040020D4040020D7
:1066300030B50022102917D80C4B13E053F8224034
:10664000240E00F8224053F82240250C00EB82046F
:10665000657033F822502D0AA57013F82250521C91
:10666000E570D2B28A42E9D330BD000070720020DA
:10667000084A002102EB81039B69834205D102EBAA
:1066800041010020A1F85C007047491CC9B20429EF
:10669000F0D3704748040020C278072A03D30022B1
:1066A000C27001228270C278B1F1807F00EB820259
:1066B00001D3A1F100715160C178491CC1707047CC
:1066C000F8B5B0F86C120025082901D90020F8BDF2
:1066D000384C79B1491E2171E278374E00215AB108
:1066E000012A20D0022A35D0032A4AD0E1700125A0
:1066F0002846F8BD0821EEE7D0E9A623934202D947
:106700009F1A142F04D29342F2D2D21A142AEFD332
:1067100022790A2302EB820206EB021200914FF467
:106720000C5114323FE0D0E9A623934202D99F1ABC
:10673000142F04D29342DBD2D21A142AD8D322794E
:106740000A2302EB820206EB021200914FF4105171
:10675000283228E0D0E9A623934202D99F1A142FA9
:1067600004D29342C4D2D21A142AC1D322790A2362
:1067700002EB820206EB021200914FF408513C3208
:1067800011E0D0E9A623934202D99E1A142E04D216
:106790009342ADD2D21A142AAAD3009100F51B72EB
:1067A00001234FF4045101F0C7F8E078401CE07079
:1067B0009EE70000AC0400203076002030B40022B8
:1067C000404D0123404C114680F84D20A8421ED177
:1067D00004F58875C5604035056140354561403533
:1067E00085612035C561203505622035456240351B
:1067F00085622035C56218350563344D45632D1D0E
:1068000085632D1DC5632D1D05642D1D1CE0304DB8
:10681000C5604035056140354561403585612035AD
:10682000C0E9075440354562403585622035C56270
:1068300018350563254DAD1E45632D1D85632D1D42
:10684000C5632D1D05642D1D4564A0F8B23280F886
:106850005410056D00F256236B61056D9B1CAB61F6
:10686000056D00F15503EB61056D2B62A0F8561222
:1068700080F858124FF6FF73A0F85A32A0F85C1255
:10688000A0F85E12A0F86A125823A0F86C32A0F8A3
:106890006E12A0F866120F4900EB820551F8223003
:1068A000521CD2B2C5F870320A2AF5D30021FF2259
:1068B00024F81120491CC9B21029F9D3006D816A4E
:1068C00030BC0847A407002070730020BC040020DF
:1068D00070720020BC870008F8B5B0F86C12002573
:1068E000082901D90020F8BD214C59B1491E217257
:1068F000E179204E002339B101291CD0E371012533
:106900002846F8BD0821F2E7D0E9A6128A4202D94A
:10691000571A142F04D28A42F2D2891A1429EFD3BB
:10692000217A009301EB810106EB01120A234FF457
:106930000C51143215E0D0E9A6128A4202D9571A36
:10694000142F04D28A42DBD2891A1429D8D3217A8F
:10695000009301EB810106EB01120A234FF4105161
:10696000283200F0E9FFE079401CE071C8E7000040
:10697000AC04002030760020F8B50446406C1D4E73
:106980000025B0F90010A6F140022B4629B10129DB
:1069900018D0038001252846F8BDD4E9A60181421C
:1069A00002D90E1A142E04D28142F4D2401A1428AD
:1069B000F1D3009320234FF44051204600F0BCFF58
:1069C000012014E0D4E9A601814202D90A1A142A4E
:1069D00004D28142DFD2401A1428DCD30093102362
:1069E00032464FF44451204600F0A6FF0220616C6D
:1069F0000880D0E730730020F8B5B0F86C2200258D
:106A0000082A01D90020F8BD204C00214AB1A2710A
:106A100062791F4E3AB1012A1CD0617101252846C6
:106A2000F8BDA171F4E7D0E9A623934202D99F1AD9
:106A3000142F04D29342F2D2D21A142AEFD3A2799D
:106A40000A2302EB820206EB021200914FF40C5172
:106A5000143215E0D0E9A623934202D99F1A142FCD
:106A600004D29342DBD2D21A142AD8D3A27900914D
:106A700002EB820206EB02120A234FF41051283275
:106A800000F05AFF6079401C6071C8E7AC04002038
:106A90003076002070B50546B0F868020024012861
:106AA00007D101242846FFF70BFE10B10020A5F8FE
:106AB0006802204670BD00002DE9F0411B4E0F46D4
:106AC000054600242046FEF761FA306D70B131684A
:106AD000A1F5DA426C3A09D1DFED150A60EE200A21
:106AE00000EE100AB8EEC01A80EE810AF06CB8B160
:106AF000F2EE040A20EE200A07EB8401BDEEC00A84
:106B000010EE100A45F82400001427F8240035F888
:106B10002400641CE4B24880082CD3D3BDE8F08183
:106B2000F6EE000A30EE200AE6E7000048040020F6
:106B300000007A442DE9F843054600270121FDF7BE
:106B4000AFFB00EB0010A96C102202EB80028C5E00
:106B50002A6C142606EB8006B2F900308E5993FB9E
:106B6000F4F204FB12324FF0180C36F9126093FB6A
:106B7000F4F20CEB800C04FB123251F80CC002EB67
:106B800042020CEB8202DFF858C0DCF84CC0BCF1CA
:106B9000000F0BD093FBF4F204FB12321C2303EB27
:106BA000800002EB4202085800EB82024FF000081E
:106BB0000623B1B22846CDF8008000F057FE012828
:106BC00003D1296C0888401C0880286CB0F900109B
:106BD000A14202DBA0F8008001273846BDE8F88317
:106BE00048040020F8B5044600260421FDF758FBB0
:106BF00000EB0010A16C382202EB80028D5E226C4B
:106C00003C2707EB8007B2F90020CF5992FBF5F340
:106C100005FB132337F813C092FBF5F305FB132292
:106C2000402303EB800002EB42020858002700EBF0
:106C3000420202231FFA8CF12046009700F016FE54
:106C4000012803D1216C0888401C0880206CB0F911
:106C50000010A94201DB078001263046F8BDF8B5D7
:106C6000044600260321FDF71BFB00EB0010A16C7E
:106C70002C2202EB80028D5E226C302707EB80070E
:106C8000B2F90020CF5992FBF5F305FB132337F837
:106C900013C092FBF5F305FB1322342303EB8000B2
:106CA00000270858022300EB82021FFA8CF12046CD
:106CB000009700F0DBFD012803D1216C0888401CFF
:106CC0000880206CB0F90010A94201DB0780012682
:106CD0003046F8BDF8B5044600260221FDF7E0FA7B
:106CE00000EB0010A16C202202EB80028D5E226C72
:106CF000242707EB8007B2F90020CF5992FBF5F368
:106D000005FB132337F813C092FBF5F305FB1322A1
:106D1000282303EB800002EB42020858002700EB17
:106D2000820206231FFA8CF12046009700F09EFD98
:106D3000012803D1216C0888401C0880206CB0F920
:106D40000010A94201DB078001263046F8BD000093
:106D50002DE9F843002705463946FDF7A1FA00EB77
:106D60000010A96C2A6C042631F92040B2F90030D9
:106D700006EB800693FBF4F204FB12328E594FF0BF
:106D8000080C0CEB800C36F9126093FBF4F204FB58
:106D9000123251F80CC002EB42020CEB8202DFF817
:106DA00058C0DCF84CC0BCF1000F0BD093FBF4F2E0
:106DB00004FB12320C2303EB800002EB4202085862
:106DC00000EB82024FF000080623B1B22846CDF84E
:106DD000008000F04BFD012803D1296C0888401C7D
:106DE0000880286CB0F90010A14202DBA0F80080F6
:106DF00001273846BDE8F8834804002010B5044850
:106E0000FFF7DCFCBDE810400248FFF7D7BC0000EC
:106E1000D4040020A40700202DE9F043002491466B
:106E20000E460746032A1CD24FEAC900A0F1080803
:106E300008EB0400C5B221464846FAF727F9BDEE33
:106E4000C00A06EB8501641C10EE100AE4B247F894
:106E50002500001426F8250037F825004880082C66
:106E6000E6D3BDE8F08300001CB50E4A002352684B
:106E70000192ADF80610D0E9A6128A4202D9541A3E
:106E8000142C04D28A420AD2891A142907D3002169
:106E90000091022301AA842100F04EFD012318462F
:106EA0001CBD0000E487000870B50546B0F862021A
:106EB0000024012807D101242846FFF70DFD10B159
:106EC0000020A5F86202204670BD70B50546B0F8F6
:106ED00060020024012803D0FDF7A2FD01280DD196
:106EE0000124FEF7E9F800F03FFC2846FFF744FDD7
:106EF00020B10020A5F8600200F040FA204670BDE5
:106F000070B50546B0F864020024012807D10124B9
:106F10002846FFF771FD10B10020A5F86402204655
:106F200070BD00001CB51249124A00230968019186
:106F3000BDF8041092F84820C9B241EA0221ADF828
:106F40000410D0E9A6128A4202D9541A142C04D291
:106F50008A420AD2891A142907D3002100910223F8
:106F600001AA822100F0E8FC012318461CBD0000A4
:106F7000E487000848040020002301220E2100F0CD
:106F800031BC00002DE9F04105462D480026C06ABD
:106F900010B32C4C05222046A37A406A092B00F539
:106FA000617149D2DFE803F0051214313E191B224A
:106FB0002400244A0D32511E481E00F081F9012898
:106FC00002D1A07A401C0FE0012632E0E17A1DE0F8
:106FD000D5F8980288422BD22BE0217B16E0D5F819
:106FE0009802884225D30720A07222E0617B0DE041
:106FF000D5F8981200F5966081421AD30920A07244
:107000001321284600F04EF813E01121284600F025
:1070100049F801280DD1A07A401CA072D5F8980239
:10702000606206E0D5F8981200F57A70814200D3CC
:10703000A2723046BDE8F0810020A072C4E70000D3
:1070400048040020AC04002000B5154AA1B000217E
:10705000136901AAA3B1012B12D0022B17D000BFD4
:1070600022F81110491C09B20829F9DB00228BB261
:10707000009201AA43F6011100F0F8FB21B000BD17
:1070800022F81110491C09B21029F9DBEEE701F1D1
:10709000080322F81130491C09B20829F7DBE5E79B
:1070A000480400207CB51D4A0023926801921C4AC6
:1070B000146C651E632D06D8BDF80650EDB245EA86
:1070C0000424ADF80640132908D1BDF8064092F813
:1070D0004420E4B244EA0222ADF806201322B1FBB8
:1070E000F2F402FB1411012202EB0121ADF80410AD
:1070F000D0E9A6128A4202D9541A142C04D28A4228
:107100000AD2891A142907D300210091022301AA67
:10711000A02100F011FC012318467CBDE487000883
:10712000480400202DE9F05F44688046002594F86B
:1071300058022F462E46012875D194F85500A946CD
:107140005A286ED194F85600A5286AD1B4F8561280
:10715000062953D394F85700C91E81424ED194F8A2
:10716000581080294AD0812904D0822946D0832909
:1071700044D116E094F85A60C01EB0423ED194F853
:1071800059A00BE0E01990F85B200AEB0700C1B2B0
:10719000404600F062F805437F1CBFB2B742F1D30E
:1071A0002CE094F85B70001F00EBD070B7EB600F21
:1071B00024D194F859004FF6FF7101EA002094F8A9
:1071C0005A2000F47F4010441FFA80FA8B4613E0E7
:1071D00004EB460010F85C1F0BEA0121407801F433
:1071E0007F41084482B20AEB060081B2404600F0BB
:1071F0003FF80543761CB6B2BE42E9D3D4F89802F4
:1072000041F2883188420CD9E80702D000F0F8F842
:1072100001E0A80705D500F081F9D8F8041081F83D
:10722000B89284F85892BDE8F09F00002DE9F04133
:1072300000240546042746680AE000BF686907EB9A
:10724000C401415830468847012804D0641CE4B288
:10725000287CA042F2D8BDE8F081034600205B689C
:10726000002904D183F85420012183F84D10704780
:107270002DE9F047446800274FF6FF78A4F85A122A
:1072800006463D46A4F85E22414513D04FF004095E
:107290000AE000BFF16809EBC5000958204688479D
:1072A00001280AD06D1CEDB2307AA842F2D800BF96
:1072B000A4F85A823846BDE8F08794F8B872F7E728
:1072C000F0B51B4B054600209C78002C2ED0641E88
:1072D0009C705C7804EB4406164CA65D2E705F78BB
:1072E000002607EB4707E65527447F780F705F7845
:1072F00007EB470727447E70BF7817705F7807EB6E
:10730000470C64447F1CA6700624B7FBF4F604FB0C
:1073100016745C702B785B1E0F2B07D80978491EFA
:107320000F2903D81178122900D10120F0BD0000E7
:10733000AC0400200079002030B50B4A9378002B74
:1073400011D11378094C03EB4305605528195B1CD8
:107350004170122181700620B3FBF0F100FB113067
:1073600010700120907030BDAC0400200079002026
:10737000014981F862037047AC000020014981F89F
:1073800061037047AC000020014981F86003704739
:10739000AC00002008280BD20A2909D200EB800398
:1073A000C3EB8010034B03EB800000EB8100C26550
:1073B0007047000010650020104810B54168D1F8F2
:1073C0009822521CC1F89822C069D0F89812491C22
:1073D000C0F898120948FFF7A5FE0848183004467F
:1073E000FFF7A0FE0548FFF721FF2046FFF71EFF2D
:1073F000BDE81040A520FFF7BBBF0000740A0020C5
:107400002DE9F041434E00273D464FF4B078F8B2E5
:10741000FDF7F8FA05F10A0189B200F1340243469A
:1074200006E09D4202D210CA46F825406D1CADB25E
:107430008D42F6D301F10A0292B200F15C0406E03B
:10744000994202D220CC46F82150491C89B291427F
:10745000F6D302F10B0189B200F1840409E09A42EB
:1074600005D2B4EC010A06EB820585ED000A521C38
:1074700092B28A42F3D301F10B0292B200F1B0044E
:1074800009E0994205D2B4EC010A06EB810585EDCD
:10749000000A491C89B29142F3D3511C8CB200F10D
:1074A000DC0109E09A4205D2B1EC010A06EB820543
:1074B00085ED000A521C92B2A242F3D3611C8DB238
:1074C000E03006E09C4202D202C846F82410641C58
:1074D000A4B2AC42F6D37F1CBFB2082F97D3A10051
:1074E0003046FCF7B7FF46F82400641CA0B2B0F5A4
:1074F000B17F0DD24FF6FF7101EA800231460020C4
:10750000FCF73AFF002803D103490888401C088093
:10751000BDE8F081886C00204404002070B5904BD9
:107520008E4C0021586B8F4A401C5863012020CAA2
:1075300044F82150491C89B28142F8D30246401CCC
:10754000874904E020C944F82250521C92B282427A
:10755000F8D30146401C1B1D04E004CB44F8212055
:10756000491C89B28142F8D301467D4A401C083249
:1075700004E008CA44F82130491C89B28142F8D39A
:107580000146774A401C0C3208E000BFB2EC010A09
:1075900004EB8103491C89B283ED000A8142F5D3D3
:1075A00001466F4A401C103204E008CA44F82130FA
:1075B000491C89B28142F8D30146694A401C143201
:1075C00004E008CA44F82130491C89B28142F8D34A
:1075D0000146634A001D183204E008CA44F821300D
:1075E000491C89B28142F8D301465D4A401C2832C9
:1075F00008E000BFB2EC010A04EB8103491C89B228
:1076000083ED000A8142F5D30146554A401C2C32D5
:1076100004E008CA44F82130491C89B28142F8D3F9
:1076200001464F4A401C303204E008CA44F8213079
:10763000491C89B28142F8D30146494A401C343280
:1076400004E008CA44F82130491C89B28142F8D3C9
:107650000146434A401C383204E008CA44F821304D
:10766000491C89B28142F8D301463D4A401C3C3254
:1076700004E008CA44F82130491C89B28142F8D399
:107680000146374A401C403204E008CA44F8213021
:10769000491C89B28142F8D3314A411C443204E08A
:1076A00008CA44F82030401C80B28842F8D3481CF5
:1076B0002B4A80B2483204E008CA44F82130491C01
:1076C00089B28142F8D3411C254A89B24C3204E088
:1076D00008CA44F82030401C80B28842F8D3481CC5
:1076E0001F4A80B2503204E008CA44F82130491CD5
:1076F00089B28142F8D3411C8DB21949543104E05A
:1077000004C944F82020401C80B2A842F8D3681C69
:1077100081B21348583004E004C844F825206D1C99
:10772000ADB28D42F8D32046A900FCF793FE44F891
:1077300025006D1CA8B219280FD84FF6FF7101EA79
:10774000800221464FF4C060FCF716FE002804D1E9
:107750000349091F4888401C488070BD0C720020F6
:1077600048040020140400202DE9F04F1B4C002099
:1077700004F180029FED1A0A01464FF6FF75A2F14F
:10778000400602F14008FF2302F1600902F1800780
:1077900002F1A00A02F5987B02F5B87E44F82010A9
:1077A00002EB800C22F82010ACF8021046F82050B2
:1077B00028F8101029F810300AEB800C27F8103048
:1077C0008CED000A0BEB800C8CED000A2EF81010EB
:1077D000401CC0B21028E1D3BDE8F08F70720020C9
:1077E0000000000070B50446D4E9A605854202D920
:1077F0002E1A142E04D285422BD2401B142828D3D3
:107800004FF6FF70814224D288184FF6FE75401E55
:10781000A8421ED25A2084F85501A52084F85601AA
:10782000042084F85701832084F85801080A84F85A
:10783000590184F85A1184F85B21012B0AD00722E0
:10784000206D04F25511436B9847D4F89802C4F8A0
:107850009C0270BD042104F5AC70FCF7FBFD010A2D
:1078600084F85C1184F85D010922E9E72DE9F04113
:1078700004461D46D4E9A6364FF0000C069F60462C
:107880009E4204D9A6EB030EBEF1140F04D29E4211
:1078900040D29B1B142B3DD34FF6FF73994239D234
:1078A0004B194FF6FE765B1EB34233D25A2384F84F
:1078B0005531A52384F85631032303EB450384F89F
:1078C0005731822684F858610E0A84F8596184F889
:1078D0005A110BE032F8101004EB40064FEA112C5D
:1078E00086F85BC1401C86F85C1180B2A842F1D3D7
:1078F000012F12D05FF0060000EB450082B2206D30
:1079000004F25511436B9847D4F898024FF0010CDC
:10791000C4F89C026046BDE8F081194604F5AC70DD
:10792000FCF798FD04EB4501020A81F85B2181F820
:107930005C010820E0E700002DE9F04104461D4607
:10794000D4E9A6360020069F9E4204D9A6EB030C7C
:10795000BCF1140F04D29E423ED29B1B142B3BD38E
:107960004FF6FF73994237D24B194FF6FE765B1EE6
:10797000B34231D25A2384F85531A52384F85631C5
:10798000032303EB450384F85731822684F85861BA
:107990000E0A84F8596184F85A110BE032F8021B80
:1079A00004EB40064FEA112C86F85BC1401C86F8B8
:1079B0005C1180B2A842F1D3012F0FD05FF0060016
:1079C00000EB450082B2206D04F25511436B9847DD
:1079D000D4F89802C4F89C02BDE8F081194604F579
:1079E000AC70FCF737FD04EB4501020A81F85B211E
:1079F00081F85C010820E3E730B5082866D20A293F
:107A000064D200EB8002C2EB8010354A02EB8002A8
:107A100002EB8100536A436301235418002984F860
:107A2000283053D094F82740012C06D1D0E90C45DA
:107A3000A54200DD0023C2F8E030D0E916431C1B4C
:107A400000EE104AD0E90C54F8EEC00A651B00EEB7
:107A5000105A0929B8EEC01A80EE810A00EE903A59
:107A600001EE104AF8EEE00AB8EEC11A80ED210AE4
:107A700040EE410AC0ED2C0A1CD2046EE31A00EE5F
:107A8000103AD0E90D53F8EEC00A5D1B00EE105A13
:107A9000B8EEC01A80EE810A00EE904A01EE103A6C
:107AA000F8EEE00AB8EEC11A80ED220A40EE410A73
:107AB000C0ED2D0A01290AD0092907D192ED2A0A21
:107AC00082ED2B0A92ED350A82ED360A30BD92ED39
:107AD000220A82ED210A92ED2D0A82ED2C0A30BD98
:107AE00010650020D0E9013201699A60D0E90123D4
:107AF0005A604A68824201D182684A60002202616B
:107B00000868401E0860086870470000034B036067
:107B100003F154000860802010607047781C00203A
:107B200000F108014FF0FF32C0E90112C1600161AC
:107B300000210160704700210161704730B50B687A
:107B40005A1C02D000F1080202E0026904E0224659
:107B5000546825689D42FAD953684B6099608A60E1
:107B6000516008610168491C016030BD42684A608B
:107B700093688B6093685960916008610168491C43
:107B800001607047502080F31188BFF34F8FBFF31F
:107B90006F8F0A494868401C486001280CD108488A
:107BA000006810F0FF0F07D0502080F31188BFF35A
:107BB0004F8FBFF36F8FFEE7704700007800002003
:107BC00004ED00E00849486828B1401E486001D132
:107BD00080F311887047502080F31188BFF34F8FD6
:107BE000BFF36F8FFEE700007800002070B500281B
:107BF0002AD0164DA0F1080460686969084207D1CF
:107C0000502080F31188BFF34F8FBFF36F8FFEE7D3
:107C100022683AB1502080F31188BFF34F8FBFF331
:107C20006F8FFEE78843606000F080F860686968E5
:107C3000084468602046FEF7D5FA2869401C286190
:107C4000BDE8704000F04ABA70BD00005800002046
:107C50004FF0E02000210161816105494FF47A7203
:107C60000968B1FBF2F1491E4161072101617047CA
:107C70001800002010B5020014D00F48006B38B176
:107C8000502080F31188BFF34F8FBFF36F8FFEE753
:107C900000F04CF800211046FEF748F900F01EFAFB
:107CA000002807D105494FF080500860BFF34F8F7F
:107CB000BFF36F8F10BD00001C00002004ED00E03A
:107CC00010B586B00024039405AA04A903A804945F
:107CD000FFF71CFFDDE903010094CDE9011000234B
:107CE0000EA11048059A00F068F90F490028C862F3
:107CF00011D0502080F31188BFF34F8FBFF36F8FE7
:107D00004FF0FF30886201204861CC6006B0BDE8CA
:107D1000104000F0ABB806B010BD000049444C451F
:107D200000000000ED6000081C0000200248016B0C
:107D3000491C0163704700001C0000201448016BBF
:107D400011B10121C16170470021C1610169B1FA1E
:107D500081F1C1F11F0101EB81020E4951F822307E
:107D60006BB101EB820101F108034A6852684A6075
:107D70009A4201D152684A60D16801607047502030
:107D800080F31188BFF34F8FBFF36F8FFEE70000C2
:107D90001C000020F827002070B50022102916D8FA
:107DA00000250B4B11E000BF23F8125010F81240D1
:107DB00000EB4206240204F47F4423F81240767854
:107DC000344423F81240521CD2B28A42ECD370BD24
:107DD0003073002070B500220C2916D800250B4BFB
:107DE00011E000BF23F8125010F8124000EB4206D9
:107DF000240204F47F4423F812407678344423F8B4
:107E00001240521CD2B28A42ECD370BDF0730020F3
:107E100070B50022102921D970BD124B002400EB4F
:107E2000820543F8224010F82240240204F47F44E3
:107E300043F822406E7834440B4E06EA042443F89B
:107E40002240AE783444240224F0FF0443F8224058
:107E5000ED782C4443F82240521CD2B28A42DCD343
:107E600070BD00007072002000FFFF001CB5374895
:107E70000168374A914207D1502080F31188BFF33F
:107E80004F8FBFF36F8FFEE700683149491E88426C
:107E900007D1502080F31188BFF34F8FBFF36F8F4E
:107EA000FEE72C4908780190FF20087008788DF8CB
:107EB00000009DF800009DF8002000F0F0009042C6
:107EC00007D0502080F31188BFF34F8FBFF36F8F1F
:107ED000FEE79DF80000204C00F0500020700720C5
:107EE000A06005E09DF8002052008DF80020401EA3
:107EF0009DF800201206F5D4A060032807D050207A
:107F000080F31188BFF34F8FBFF36F8FFEE74FF4FD
:107F10004070A060019808700C482030016841F45E
:107F200070010160016841F070410160FFF790FE4F
:107F300000206060F8F7C0F90848016841F040414E
:107F40000160F8F7A5F900201CBD000000ED00E07D
:107F500071C20F4100E400E07800002034EF00E03F
:107F60002DE9FF5F8346DDE90E87994616468A466E
:107F70009000FEF781F905001CD05420FEF77CF933
:107F8000040014D00020256384F85100CDE902409C
:107F9000CDE900874B46324651465846FEF7D6F8A3
:107FA0002046FDF7FBFF012004B0BDE8F09F284606
:107FB000FFF71CFE4FF0FF30F6E7F0B585B0DDE9C6
:107FC0000B640A9DA6B1DCB15427009726630226F4
:107FD00084F85160002604AFCDE90246CDE9005790
:107FE000FEF7B4F82046FDF7D9FF049805B0F0BDC0
:107FF000502080F31188BFF34F8FBFF36F8FFEE7E0
:10800000502080F31188BFF34F8FBFF36F8FFEE7CF
:108010002DE9F0412F4C0026206B28B1A069401CAF
:10802000A0613046BDE8F081E5686D1CE56013D1C4
:10803000606B006838B1502080F31188BFF34F8F18
:10804000BFF36F8FFEE7606BA16B6163A063206A73
:10805000401C2062FEF7ECF8A06ADFF87C808542C5
:1080600009D3606B0068A0B1606BC068C7687868AE
:10807000854211D2A0622068C06A00EB800158F8E6
:108080002100012800D90126E0690028C9D0012675
:10809000C7E74FF0FF30EDE7381DFFF723FDB86A63
:1080A00018B107F11800FFF71DFDF96A01202269D8
:1080B00088401043206101EB810108EB8100391DEC
:1080C000FFF754FDF86A2168C96A8842C9D30126BE
:1080D000C7E700001C000020F82700202DE9F0472A
:1080E0002C4D00242746286B38B1FFF74BFD286B39
:1080F000401E2863286B40B146E0502080F3118871
:10810000BFF34F8FBFF36F8FFEE7A968224E0120A8
:10811000D1B3A6F1B40980463068E8B1F068C4680C
:1081200004F11800FFF7DEFC201DFFF7DBFCE06A1E
:108130002A6908FA00F11143296100EB800109EB7B
:108140008100211DFFF712FDE06A2968C96A884293
:10815000E2D3C5F81C80DFE70CB1FEF769F8AC6923
:1081600044B14646FFF754FF00B1EE61641EF9D1F9
:108170000020A861E86938B108490127380708607C
:10818000BFF34F8FBFF36F8FFFF71CFD3846BDE87D
:10819000F08700001C000020AC28002004ED00E067
:1081A00021F00042A2F16052B2F5801F01F00043BD
:1081B00028BFD2F17F6C0BD95FEA001C43EAC202F0
:1081C00042EB507018BF704728BF20F00100704785
:1081D000B2F5801FBCBF184670474FEA410C1CF532
:1081E000001F02D2084600F0B8B970B500F026F9B9
:1081F00000000089FFF7F6BF4FF00040A0F58000B7
:108200007047491058BFC1F140415B1058BFC3F1DE
:1082100040438B42EFF30080704710F0004248BFAC
:108220004042B0FA80F310FA03F10AD0C3F11D0303
:1082300003F580634FEA415002EB035202EBD12178
:1082400070474FF000007047B0FA80F310FA03F166
:108250000AD0C3F11D0303F580634FEA41504FEA92
:10826000035202EBD12170474FF00000704700002D
:1082700051EA030C17D41CF5801F58BFBCF5801FB2
:1082800000F10680994218BF704708BF90427047BE
:1082900007D711F5801F58BF13F5801F19D49942D5
:1082A0007047894270471CF5801F08D5BCF5801FB8
:1082B000F7D58B4218BF704708BF824270474FF412
:1082C000001C1CEB410F38BF1CEB430F01D28B424B
:1082D000704770B500F0B2F8922449004FF0005199
:1082E0004FF08053FFF78DBFDFF848C170B51CEA2F
:1082F000111E1EBF1CEA13159EEA0C0F95EA0C0F07
:1083000000F06F8081EA030423EA4C134EEAD47E26
:1083100021EA4C1141F4801143F48013AE44A1FBD7
:10832000024CA0FB0365AEF17F7E361955EB0C05C0
:10833000A1FB034C4CF10003A0FB021C16EB0C0646
:10834000654153F10003094218BF46F0010613F4DA
:10835000007F0BD14FEA03314FEA0530340341EA85
:10836000155140EA16506FF003020AE04FEAC321AC
:108370004FEAC520F40241EA555140EA56506FF0E9
:10838000020202EB2E4201EB025585EACE710AD0C1
:108390005FEA440C18BF24F0004450F1000041F1A2
:1083A000000120EAD47040F2FE7C624500D270BD2C
:1083B000A84214BF4FF080444FF04044002E08BF45
:1083C0000024BEF1806FA8BFA1F1C041BDE870409C
:1083D00080F282804FF0000001F1C04101F00041C5
:1083E00070479EEA0C0F0CEA131518BF95EA0C0FA4
:1083F00006D04FF0000081EA030E0EF0004170BD80
:1084000000F01CF88900013E00F007B800F009B840
:108410004FEA430C5FEA5C5C08D081EA030100F09C
:108420005BB84FEA410C5FEA5C5CF6D14FF00000AC
:10843000014970470000FF070000F87F0EF1020EAF
:108440002EF0030E5EF8046B364205D4012A43EB8E
:10845000030515F5001F12D8012841EB010C1CF58E
:10846000001F0CD80ED14FEAD17C15F5001F0CEB84
:108470004C0C0CF1020C08BF4CEBD37C04E04FF029
:10848000080C01E04FEAD37C0CEB4C0526FA05F60C
:1084900006F00706B6F1040C06D20EEB860CBDE81A
:1084A00070404CF0010C6047DFE80CF0090B020251
:1084B0004FF000414FF00000A1F5002170BD1946BA
:1084C0001046012851EB010418BFD4F5001484BFF5
:1084D000002001F0004170BD0808A0F500114FEA2E
:1084E0003101704753EA010C17D41CF5801F58BFA7
:1084F000BCF5801F00F106808B4218BF704708BF93
:108500008242704707D713F5801F58BF11F5801FAF
:1085100019D48B4270479B4270471CF5801F08D5C9
:10852000BCF5801FF7D5994218BF704708BF90422D
:1085300070474FF4001C1CEB430F38BF1CEB410F7E
:1085400001D2994270470FB40CBC03BCFFF7C1BE07
:108550004FF04070E1EE100A7047FF2141EAD05021
:10856000C005704724880008113B00080000000087
:10857000000000008000000000000000000000007B
:1085800030880008193B0008FDFF000000000000D3
:1085900000040000000000000000000000061016AB
:1085A0000006101600000000000000000102030495
:1085B00006070809000000000102030400C1814011
:1085C00001C0804101C0804100C1814001C08041A3
:1085D00000C1814000C1814001C0804101C0804193
:1085E00000C1814000C1814001C0804100C1814083
:1085F00001C0804101C0804100C1814001C0804173
:1086000000C1814000C1814001C0804100C1814062
:1086100001C0804101C0804100C1814000C1814052
:1086200001C0804101C0804100C1814001C0804142
:1086300000C1814000C1814001C0804101C0804132
:1086400000C1814000C1814001C0804100C1814022
:1086500001C0804101C0804100C1814000C1814012
:1086600001C0804101C0804100C1814001C0804102
:1086700000C1814000C1814001C0804100C18140F2
:1086800001C0804101C0804100C1814001C08041E2
:1086900000C1814000C1814001C0804101C08041D2
:1086A00000C1814000C1814001C0804100C18140C2
:1086B00001C0804101C0804100C1814000C0C101B2
:1086C000C30302C2C60607C705C5C404CC0C0DCD42
:1086D0000FCFCE0E0ACACB0BC90908C8D81819D9B2
:1086E0001BDBDA1A1EDEDF1FDD1D1CDC14D4D515E2
:1086F000D71716D6D21213D311D1D010F03031F1D2
:1087000033F3F23236F6F737F53534F43CFCFD3D01
:10871000FF3F3EFEFA3A3BFB39F9F83828E8E929F1
:10872000EB2B2AEAEE2E2FEF2DEDEC2CE42425E5A1
:1087300027E7E62622E2E323E12120E0A06061A111
:1087400063A3A26266A6A767A56564A46CACAD6DC1
:10875000AF6F6EAEAA6A6BAB69A9A86878B8B97931
:10876000BB7B7ABABE7E7FBF7DBDBC7CB47475B561
:1087700077B7B67672B2B373B17170B05090915151
:108780009353529296565797559594549C5C5D9D81
:108790005F9F9E5E5A9A9B5B995958988848498971
:1087A0004B8B8A4A4E8E8F4F8D4D4C8C4484854521
:1087B0008747468682424383418180400000000013
:1087C0003200000064000000C8000000F401000056
:1087D000E8030000D0070000B80B0000A00F000065
:1087E00088130000236460EA015A350001310064F7
:1087F0000010002000080080004004000800100065
:10880000200040000020010004000080200000043F
:1088100001000200040008001000800001000200B6
:108820000800100064656661756C745461736B00B8
:108830006170705461736B314D7300005C88000887
:1088400000000020781C0000C4010008B891000856
:10885000781C0020806500002802000892000112A8
:10886000010462100D00045E24F4000112AA01014B
:108870002A300006FF0C0B0020000101FF0101FF60
:10888000010162011ECD6A031006ACF7FF1FE80468
:108890005006107AFF1FAC08300820F4F01F50007B
:1088A000F80443907510ADD403338813076E40501D
:1088B00004FE02F603A3A040301E646B04921E0463
:1088C0005E327F044F1A04F403067908042F541A09
:1088D00070040C04FF01004C780401FF015D1603D5
:1088E000EBFFFFCE0E4A581107100B803600310007
:1088F0003500380034080E4F31D4032BBC14D00897
:1089000004FF02008CD001FF010967D00A1501D0D5
:108910001006D40400200F231006681B0020118AC3
:1089200012E0082D800A2C05A4070020340610064A
:10893000CC150020051812DC0800052300100240A9
:1089400004920804120C1052041C02150C04613825
:108950005200047F05056C0A0E160215061D210B38
:1089600010060D4B0008130412150412190C1211F5
:1089700004120F04033C010640023D02401C06CCD9
:108980001E0020A0B8064C075279002012792C0B4B
:108990006E64DC0B00FF00901190219031904190AB
:1089A00051906190719081909190A190B190C190FF
:1089B000D190E190F19001911191219131914191EA
:1089C00051916191719181919191A191B191C191D7
:1089D000D191E191F19101921192219231924192C2
:1089E00051926192719281929192A192B192C192AF
:1089F000D192E192F192019311932193319341939A
:108A000051936193719381939193A193B193C19386
:108A1000D193E193F19301B011B001941194219499
:108A20003194419451946194719481949194A1945E
:108A3000B194C194D194E194F1940195119521954B
:108A40003195419551956195719581959195A19536
:108A5000B195C195D195E195F19501961196219623
:108A60003196419651966196719681969196A1960E
:108A7000B196C196D196E196F196019711972197FB
:108A80003197419751976197719781979197A197E6
:108A9000B197C197D100FF0097E197F19701B1110C
:108AA000B101981198219831984198519861987125
:108AB0009881989198A198B198C198D198E198F12E
:108AC0009801991199219931994199519961997117
:108AD0009981999199A199B199C199D199E199F106
:108AE00099019A119A219A319A419A519A619A71EF
:108AF0009A819A919AA19AB19AC19AD19AE19AF1DE
:108B00009A019B119B219B319B419B519B619B71C6
:108B10009B819B919BA19BB19BC19BD19BE19BF1B5
:108B20009B01B211B2019C119C219C319C419C5132
:108B30009C619C719C819C919CA19CB19CC19CD18D
:108B40009CE19CF19C01A011A021A031A041A05169
:108B5000A061A071A081A091A0A1A0B1A0C1A0D14D
:108B6000A0E1A0F1A001A111A1019E119E219E31C1
:108B70009E419E519E619E719E819E919EA19EB13D
:108B80009EC19ED19EE19EF19E019F119F219F312A
:108B90009F419F519F612C1E9F719F819F919FA11B
:108BA0009FB19FC19FD19FE19FF19F01B311B3304E
:108BB00000B7007464270360070100300077010CE0
:108BC000838101188381011883D2021883D2023075
:108BD000832204488322044810042E00C51822284A
:108BE0003C6006012E0085010C837F0118837F0104
:108BF0001883D0021883D0023083210448832104D3
:108C0000181C040F00282B04122278100400009670
:108C10000C431F040C40075401280210F80C900468
:108C20000F008C24928C24728C24830D0248838A3A
:108C3000024883480348830D0248838A02488348D8
:108C40000348321490321C6C329B90410C324A9093
:108C50003118330114906124928C24728C24831275
:108C6000024883940248833E034883120248839457
:108C70000248833E03481C04A0008B4A0B100412D8
:108C800000026C6005A0004B010C83F1011883F118
:108C90000118834203308342033083930448839353
:108CA0000430100410007E04141E3E0161017E0099
:108CB00061013E01B2027E00B2023E0103047E0069
:108CC00003043E011300E7B83A201860051300B909
:108CD000010C92BB1892BB188363011883630118BF
:108CE000830B0248830B024892C51892C518836D06
:108CF0000360836D0360831504608315044892BD8F
:108D00001892BD1810041300D2783A167860051333
:108D100000C3010C92BB1892BB18836301188363D4
:108D20000118830B0248830B024892C51892C5189C
:108D3000836D0360836D03608315046083150448AD
:108D400092BD1892BD1818042D003D48361AE8123D
:108D5000AF0C52FF0C180459013D6C3A1A549004A0
:108D60002D007E24927E24927E2492BF2492BF24E2
:108D700072BF48832B026C83AD026C8348036C8303
:108D80002B026C83AD026C8348036C832B026C83D3
:108D9000AD026C8348036C0116D810045401449052
:108DA0003A14FC0116D89004540185240114D8709B
:108DB000045401C6480118D8816C0118D8816C018F
:108DC00018D8816C18063E00730094282D8003602B
:108DD000053E0064010C92E61892E618838E011895
:108DE000838E0118833602488336024892F1189226
:108DF000F118839903608399036083410460834180
:108E0000044892E91892E91810040B005F0410045A
:108E10005001B30812B30810125B015F005B0150F0
:108E20000103025F0003025001BD0812BD081012C9
:108E300065035F00650350010D045F000D045001E0
:108E4000B50812B508450041FA700419052C0CC18B
:108E500018721E0C1E06C20A1EE814142C0AFC0D01
:108E600000205C0E00200C301010050C0020BC0C03
:108E700020054C0F00202012281052DC0C12481C38
:108E80004F3C10680A1268281E8C100D2D6010C30C
:108E90006C0C44928C44212052AC44210C92CC4462
:108EA00012EC6C43981434D2F04483100D442154D6
:108EB00043300D4421601250B04F4C14F00A127030
:108EC0002812A4442D7815227484115C1F1C11C033
:108ED000091D2A11229434110C43B4122012B82C0B
:108EE000438C130C92D84412F86C3EB0DC0D1DB8C4
:108EF000111E4533111DEA054F95453B1143B149FC
:108F00001022E9181DE0062279101006030000CB9C
:108F10006E081D641112D5100D5F1C0A0D11FC099D
:108F20000D16EC09EDE409EDD4090D63C4091DA487
:108F300009FD9409EC189D119D219D319D419D5184
:108F40009D619D719D819D919DA19DB19D78090D12
:108F50001268091C0456006020093E3CD8066005D2
:108F6000560049010C83DC011883DC01188362037D
:108F7000188362033083E8043083E804307C0456AD
:108F800000775009116C7D500983DC0118116C7D4C
:108F9000800983620318116C713083E80430116C0E
:108FA0007D80092C0413066192133D200912630C85
:108FB00052FF0C12EA0C6D000690041306A72492CF
:108FC000A72492A72492E82492E82492E848832FC9
:108FD000016C832F016C832F016C0114906C05E5EB
:108FE000066700B8050116909004E506AD2401144B
:108FF000909004E506EE480114906C05E5063501F5
:10900000B8051E8CFA094DA0081D3C045F0006B887
:10901000081D6E0982021883120218839803308398
:10902000980318831E0548931E05301D300A4374AB
:109030006478600598000C010C831C0218831C02E4
:109040001883A2033083A2031883280548832805C8
:1090500030AD78050C041337071E7805A1181E1EC5
:10906000EA0A1C061E000401A4CE0A1006A401048C
:10907000012AD02C0D2A030401B0041400B004040A
:10908000017805100A0416002064170020C4042D7E
:10909000CB151224101F2418CC044E188C05124432
:1090A00020CF4419D0192D98051D1B094C0420040C
:1090B0001A98059268442D98059278442D98055287
:1090C00090442DA40512A0504F341A980512B06C8C
:1090D0004F101A9805D2B44492D4442DB805021505
:1090E000F4881214BC521C88C3181788C328178828
:1090F0001240E852A4888350178812600C12288806
:109100006D35144F27558C054FD9548C054FC153DD
:109110008C054FC3528C0522E5081DF51022071857
:109120001DDD0613495108200507000009081D7DB3
:10913000062229182005090000610820050A000000
:10914000890820050B0000393811CD227F28200521
:109150000D000045684C060E0000035504064F4103
:109160005B14064361557843F55A784FA95A0406B3
:1091700043CF5A7843115A78431B5B7843835A781C
:1091800043375A78435D5A7843D1557843956A7886
:1091900043016F7843A96E783D5C061DDD1113E134
:1091A00059081DB0104F655B8C065E50FC11000520
:0891B00000D0070000000000E0
:040000050800018965
:00000001FF
