:020000040800F2
:10000000D8870020310300088D3C0008AB2F000882
:10001000FD3700089D100008C743000800000000DD
:100020000000000000000000000000007102000855
:10003000A511000800000000CD020008593D00088D
:100040004B0300084B0300084B0300084B03000858
:100050004B0300084B0300084B0300084B03000848
:100060004B0300084B0300084B0300084B03000838
:10007000A11000084B030008AD1000084B03000856
:10008000B9100008C51000084B0300084B03000816
:100090004B0300084B0300084B0300084B03000808
:1000A0004B0300084B0300084B0300084B030008F8
:1000B0004B0300084B0300084B0300084B030008E8
:1000C0004B0300084B0300084B0300084B030008D8
:1000D0004B030008554300086D43000885430008A2
:1000E0004B0300084B0300084B0300084B030008B8
:1000F0004B0300084B0300084B0300084B030008A8
:100100004B0300084B0300084B0300084B03000897
:100110004B0300084B0300082D3E00084B0300086A
:100120004B030008D1100008DD1000084B03000845
:100130004B0300084B0300084B0300084B03000867
:100140004B0300084B0300084B0300084B03000857
:100150004B030008E9100008F51000089D43000853
:100160004B0300084B0300084B0300084B03000837
:100170004B0300084B0300084B030008000000007D
:100180004B0300084B03000800F002F800F060F891
:100190000AA090E8000C82448344AAF10107DA45E2
:1001A00001D100F055F8AFF2090EBAE80F0013F0D4
:1001B000010F18BFFB1A43F001031847608A0000C3
:1001C000808A000010F8013B0A4413F0030408BFC2
:1001D00010F8014B1D1108BF10F8015B641E05D01B
:1001E00010F8016B641E01F8016BF9D1002D15D0D8
:1001F00010F8014B03F00C030C2BA1EB04040ABF15
:1002000010F8013BA4EB8314A4EB032405F10103D4
:1002100014F8016B5B1E01F8016BF9D5914238BFF0
:1002200010F8013BD1D3704700230024002500269D
:10023000103A28BF78C1FBD8520728BF30C148BF49
:100240000B6070471FB508F073FB1FBD10B510BDE4
:1002500000F0A6F91146FFF7F5FF05F0DFFE00F00C
:10026000C4F903B4FFF7F2FF03BC00F0CBF90000C0
:100270002C4B19680868B0E8F04F80F30988BFF389
:100280006F8F4FF0000080F311887047000000006E
:1002900008480068006880F308884FF0000080F389
:1002A000148862B661B6BFF34F8FBFF36F8F00DF64
:1002B00000BF00BF08ED00E0DFF80C00016841F46A
:1002C00070010160704700BF88ED00E0EFF3098026
:1002D000BFF36F8F134B1A681EF0100F08BF20ED8D
:1002E000108A20E9F04F106009B44FF0500080F3FD
:1002F0001188BFF34F8FBFF36F8F07F00FFF4FF0E1
:10030000000080F3118809BC19680868B0E8F04F54
:100310001EF0100F08BFB0EC108A80F30988BFF3FD
:100320006F8F70471C000020EFF3058070470000BE
:100330000948804709480047FEE7FEE7FEE7FEE779
:10034000FEE7FEE7FEE7FEE7FEE7FEE704480549B5
:10035000054A064B704700001D3E00088901000851
:10036000D87F0020D8870020D8830020D8830020A1
:1003700053EA020C00F069802DE9F04B4FF00006C3
:10038000002B1FBFB3FA83F503FA05F424FA05F630
:100390005E4012BF1643B2FA82F502FA05F4C5F1C7
:1003A00020051EBF22FA05FC44EA0C04203556EA5B
:1003B000044C4FEA144418BF641C4FF000084FF07F
:1003C0000009904271EB030C39D3002919BFB1FA2F
:1003D00081F701FA07F6B0FA80F700FA07F6C7F1DD
:1003E00020071EBF20FA07FC46EA0C062037B6FBA2
:1003F000F4FCA7EB0507103F07F01F0BCBF120061D
:100400000CFA0BFB2CFA06F644BFB3460026202F4D
:10041000A4BF5E464FF0000B5BEA060C08BF4FF02E
:10042000010B19EB0B09ABFB027C48EB0608C01B68
:1004300006FB02CC0BFB03CC71EB0C01C1E70B46B6
:10044000024641464846BDE8F08B13B54FF0000028
:100450004FF00001AFF30080BDE81C407047032A55
:1004600040F2308010F0030C00F0158011F8013BD1
:10047000BCF1020F624498BF11F801CB00F8013BB8
:1004800038BF11F8013BA2F1040298BF00F801CB7C
:1004900038BF00F8013B11F0030300F02580083A53
:1004A000C0F0088051F8043B083A51F804CBA0E8AA
:1004B0000810F5E7121D5CBF51F8043B40F8043BFF
:1004C000AFF30080D20724BF11F8013B11F801CB34
:1004D00048BF11F8012B24BF00F8013B00F801CB05
:1004E00048BF00F8012B704710B5203AC0F00B80D0
:1004F000B1E81850203AA0E81850B1E81850A0E828
:100500001850BFF4F5AF5FEA027C24BFB1E8185081
:10051000A0E8185044BF18C918C0BDE810405FEAF1
:10052000827C24BF51F8043B40F8043B08BF70476D
:10053000D20728BF31F8023B48BF11F8012B28BF72
:1005400020F8023B48BF00F8012B70474FF0000233
:1005500000B5134694469646203922BFA0E80C50B9
:10056000A0E80C50B1F12001BFF4F7AF090728BF94
:10057000A0E80C5048BF0CC05DF804EB890028BF10
:1005800040F8042B08BF704748BF20F8022B11F039
:10059000804F18BF00F8012B7047704770477047B5
:1005A000754600F02BF8AE4605006946534620F02C
:1005B0000700854618B020B5FFF7C8FEBDE820400B
:1005C0004FF000064FF000074FF000084FF0000B0F
:1005D00021F00701AC46ACE8C009ACE8C009ACE8C2
:1005E000C009ACE8C0098D46704710B50446AFF3AA
:1005F00000802046BDE81040FFF733BE004870473A
:10060000787F002001491820ABBEFEE726000200DB
:100610007047F0B50025541E1CE00023561B761EC3
:1006200015E000EB830E50F82370DEF804C0674538
:100630000CDD40F823C0CEF80470CF1811F803E0A9
:1006400097F801C001F803C087F801E05B1C9E42E7
:10065000E7DC6D1CA542E0DBF0BD70B5FF2605466A
:10066000002481780BE0A86800EB0410827B012A4B
:1006700003D1C27B0AB1427B4AB1641CE4B2A142FD
:10068000F1D8A878A04200D92646304670BD00F0C7
:10069000E5FDF6E72DE9F041364C102100206170B0
:1006A000354D0421A17095F85810E170E96D09B934
:1006B0000221E170314961608031A1604031E16027
:1006C00040312161A988E1822989218395ED030ABE
:1006D000BCEEC00A10EE101A618395ED0A0ABCEE5A
:1006E000C00A10EE101AA183E96C012921D1A98852
:1006F000F2EE040A01EB81024FF6FF7101EA4202B9
:10070000E2822A8902EB820201EA4201218395ED0D
:10071000030A20EE200ABCEEC00A10EE101A618314
:1007200095ED0A0A20EE200ABCEEC00A10EE101A5F
:10073000A1830022616801EBC001401C0A7161784D
:10074000C0B28142F6D800264FF001080DE0A06843
:1007500000EB0617384600F081FD05EB860087F8B0
:100760000E80007E761CF873F6B2A078B042EED808
:10077000BDE8F081D07E002048040020C07D00202C
:10078000F0B5044600200146207514E0626802EBD3
:10079000C00213796BB91268A38B9A4209DD257DDB
:1007A000E36843F82520237D2269D054227D521C22
:1007B0002275401CC0B262788242E7D8207DFF22B9
:1007C00006E0E36843F8201023691A54401CC0B2C5
:1007D00063788342F5D82046FFF73FFF227D074626
:1007E000022A5CD3FF2F5AD0D4E90301FFF711FF8F
:1007F000002651E0E368A08B012553F826208242B1
:1008000043DB701C0FE000BF53F820C0B4F81AE0BF
:10081000ACEB020CF44509DC6D1C94F803C0EDB29E
:10082000AC4503D9401CC0B28142EDD8022D2CD377
:100830002046FFF712FF0746FF2826D0A07872193E
:10084000B7FBF0F100FB1170A1686FF0030301EB3F
:100850000010E16803EB820231F826100180E168A4
:10086000895A41800571C17B417300210BE02269E7
:100870007318D25C4318491C5A716368C9B203EB00
:10088000C202437B1371A942F1D37019401EC0B25A
:10089000FF2F04D0401CC6B2217DB142AAD8F0BDC2
:1008A0002DE9F041064600251CE0706800EBC50804
:1008B00098F80400A0B900270FE0B068F17800EBC9
:1008C00007142079884206D242462146304600F07D
:1008D0006CFC01280BD07F1CFFB2B078B842ECD87A
:1008E0006D1CEDB27078A842DFD8BDE8F081002120
:1008F00060184079FF280AD0491CC9B20829F7D3EB
:100900002079401C2071617B88F80410E8E76018AA
:100910004571F5E72DE9F04100250646A84633E08C
:10092000706800EBC5073A7962B30020B17807E040
:10093000B36803EB0014637B9A4203D0401CC0B23F
:100940008142F5D8814202D887F804801AE03A46FD
:100950002146304600F029FCA0B987F804802179AF
:1009600081B1002009E022185279AA4203D1204423
:10097000FF21417103E0401CC0B28142F3D82079CD
:10098000401E20716D1CEDB27078A842C8D8BDE839
:10099000F08103F0BBB900002DE9F843044600796B
:1009A0000026FE2530B1012812D0FE280AD066703C
:1009B000257106E0204600F023F8012804D1657077
:1009C00020716571BDE8F883657025716671F9E77E
:1009D0000A4F00964FF6FF78B96D204608EA4103AA
:1009E0004FF44451A26907F031F9B96D08EA4102A8
:1009F000D4E9060100F0B0F8E6E700004804002062
:100A00002DE9F041504C0546234600204F4AD4F8CA
:100A100010C0AF699B6D064602F53471BCF1000F42
:100A200008D04FF6FF78BCF1010F2FD0BCF1020FB8
:100A300055D163E0AA4214D1092093FBF0F100FBE9
:100A40001130C1B22846FFF7A4FF06E017F81610D0
:100A5000304602F0BDFC761CF6B2A06DB042F5DC6B
:100A600010E0A9420ED13949002007E08A69AB693C
:100A700032F8102023F81020401C80B2A26DB0EB99
:100A8000420FF3DBB4F8580082B224E0AA4210D13E
:100A90005806010E2846FFF77CFF06E017F81610EF
:100AA000304602F095FC761CF6B2A06DB042F5DC43
:100AB00046E0A94244D12549002007E08A69AB6994
:100AC00032F8102023F81020401C80B2A26DB0EB49
:100AD000420FF3DB34E0D5E9060100F08FF91C4941
:100AE000D5F898224B680D68B2FBF3F4AC4203D002
:100AF000B2FBF3F008600120BDE8F081AA420ED1FC
:100B00000026144F07E0304417F81010F0B202F03E
:100B10005FFC761CB6B2A06DB042F4DC10E0A942D6
:100B20000ED10A49002007E08A69AB6932F810202B
:100B300023F81020401C80B2A26DB0EB420FF3DB13
:100B4000A16D08EA4102C6E748040020D004002055
:100B50008C1B00207077002010B5002306E000BF3A
:100B600030F8134021F813405B1C9BB29342F7D33B
:100B700010BD000010B5002306E000BF50F8234070
:100B800041F823405B1C9BB29342F7D310BD000099
:100B90002DE9F84F00220092D0E90954A246002422
:100BA000C66A8369C268204613E000BF33F810703C
:100BB0006FB952F8207000EE107A05EB8407B8EE9A
:100BC000C00A87ED000A2AF81400641CE4B2401C35
:100BD000C0B28842EAD3012C04D9224651462846A5
:100BE00000F00EFADFF810B1002047F6FF7CFF2777
:100BF0006346B946002145E005EB81029BED0A0AF8
:100C0000D2ED000AF4EEC00AF1EE10FA06DAB1EE07
:100C1000401AF4EEC10AF1EE10FA31D84A1CD2B2F1
:100C2000B1EE401A10E000BF05EB8208D8ED001AC3
:100C3000F4EEC01AF1EE10FA08DAF4EEC11AF1EE91
:100C400010FA03D9521CD2B2A242EDD3A14217D25C
:100C5000A24215D205EB820898ED000A70EE600AF8
:100C600000EE103AB8EEC00AF4EEC00AF1EE10FA47
:100C700006D2BDEEE00A91460F4610EE103A1BB2C6
:100C8000491CC9B2A142B7D363452ED0FF2F2CD047
:100C9000B9F1FF0F29D004280FD23AF8192000EB40
:100CA0004001521C26F811203AF8172006EB4101AA
:100CB000521C4A80401C8B80C0B29FED100A05EB8D
:100CC0008901042881ED000A05EB870181ED000A06
:100CD0008DD30DE000EB4002401C26F8121006EB0D
:100CE0004202C0B25180918000E000210428F1D37B
:100CF0000098BDE8F88F00004804002000000000C4
:100D0000F8B504464079FE25002620B101280BD015
:100D1000FE2818D1F8BD204600F01AF8012812D19B
:100D2000657025716071F8BD00960C2341F20121B8
:100D30002046E26A06F08AFF0128F4D1D4E90B01CB
:100D40000C22FFF709FF667025716571F8BD000080
:100D500010B504462748274A27490369926D01F5D3
:100D6000347023B1012B15D0022B3CD12BE0A142D2
:100D700001D191B214E0A04235D11F490020E36AAD
:100D8000CA6A32F8102023F81020401C80B20C28C8
:100D9000F5D328E0A14207D14FF6FF7000EA4201E7
:100DA0002046FFF7F5FE1EE0A0421CD112490020AC
:100DB000E36ACA6A32F8102023F81020401C80B27F
:100DC0000C28F5D30FE0A1420DD0A0420BD10A4967
:100DD0000020E36ACA6A32F8102023F81020401C71
:100DE00080B20C28F5D3D4E90B01BDE810400C22E9
:100DF00000F004B848040020D004002070B5044678
:100E00000020034609E000BF34F9135031F91360A4
:100E1000B54200D001205B1C9BB29342F4D370BD5D
:100E200070B504460020034609E000BF54F8235083
:100E300051F82360B54200D001205B1C9BB2934265
:100E4000F4D370BD2DE9F843044640780026FE2512
:100E500020B1012817D0FE2832D129E0204600F029
:100E600033F8012809D06088401C80B26080FA28DD
:100E700007D366806570267102E0012060702571DD
:100E80006571BDE8F8830F4F00964FF6FF78B96D96
:100E9000204608EA81034FF44051626906F0D6FE0D
:100EA000B96D08EA4102D4E90301FFF763FE06E0E9
:100EB0006088401C80B26080B0F57A7FE1D36680A4
:100EC0006670DCE7480400202DE9F0414A4D4B4AAA
:100ED000044600232F6902F53470022137B14FF622
:100EE000FF76012F29D0022F53D155E0A24204D121
:100EF0006169E06805F038FF1BE0A04219D13F4A64
:100F0000002013E0D368E66853F8203046F820301C
:100F10005369666933F8203026F8203001EB8003EE
:100F200056696769401CF65AFE5280B2AB6D834227
:100F3000E8DCB5F8580082B226E0A24204D161692B
:100F4000E06805F011FF2EE0A04251D12B4A0020AD
:100F500015E0D368E76853F8203047F8203053692C
:100F6000676933F8203027F8203001EB8003576998
:100F7000D4F814C0401CFF5A2CF8037080B2AB6D3B
:100F8000B0EB430FE5DB33E0D4E90301FFF748FFA3
:100F900003461846BDE8F081A2420AD101226169E8
:100FA000E06806F093F802226169E06806F08EF8C6
:100FB0001EE0A0421CD1114A002015E0D368E7686A
:100FC00053F8203047F820305369676933F82030F0
:100FD00027F8203001EB80035769D4F814C0401C77
:100FE000FF5A2CF8037080B2AB6DB0EB430FE5DB1A
:100FF000A86D06EA4002C7E748040020D00400209C
:10100000F0B5002426E000260123171B1CE000BFDA
:1010100000EB8305D5ED000A15ED010AF4EEC00AD8
:10102000F1EE10FA0ED245ED010A85ED000A01EB52
:10103000430631F813C036F8025C26F802CC21F8DA
:10104000135001265B1CDBB29F42E1DC002E03D073
:10105000641CE4B29442D6D3F0BD0000F0B5002386
:1010600019E000250122CE1A0FE000BF00EB820735
:1010700050F822C057F8044CA44504DA47F804CCD1
:1010800040F822400125521CD2B29642EEDC002DDF
:1010900003D05B1CDBB28B42E3D3F0BDFEE7000064
:1010A000014800F063B90000682A0020014800F000
:1010B0005DB90000C82A0020014800F057B90000BF
:1010C000A8290020014800F051B90000082A00209A
:1010D000014800F04BB90000282B0020014800F027
:1010E00045B90000E8280020014800F03FB90000A1
:1010F000882B0020014800F039B900004829002061
:1011000001681823CAB2103AB2FBF3F2054B6FF331
:101110000901032A9B5CC36500D9091D8165084646
:10112000704700007C89000810B5014600208B69DB
:101130008A6A4FF0C07453B1B3F5005F15D072B135
:10114000012A0CD0022A0AD0032A09D104E01AB1DC
:10115000012A06D0022A03D1C96AC90100D501209B
:1011600010BDC96AA142FAD010BD002AF7D0012AE9
:10117000F2D0022AF3D0032AF3D010BD30B50468B0
:10118000256825F480252560046863608368402B0A
:10119000036803D099600068C26030BD9A6000683F
:1011A000C16030BD704772B6FEE770B505460C8869
:1011B000AE8B0020B4420AD94B88B34207D91268DB
:1011C000B24204DDA24203DB9A4201DC012070BD81
:1011D0009A4205DD131B6C8BA342F8DC4A80F5E7CD
:1011E000A242F4DA6C8B9B1AA342F0DC0A80EDE792
:1011F0009FED160A164A082921D200281FD003287D
:101200001DD202EB401000EB810090EDBB0A1148AB
:10121000016D71B10268A2F5DA436C3B09D1DFEDD3
:101220000E0A60EE200A00EE101AB8EEC01A80EE28
:10123000810AC06C20B1F2EE040A20EE200A704749
:10124000F6EE000A30EE200A7047000000000000B1
:10125000AC0000204804002000007A4400210180F6
:10126000418001714173FF224318491CC9B25A7170
:101270000829F9D3704730B50546002417E0A8685F
:10128000EA7800EB0410017991420CD802290AD3C4
:10129000417B41B10188AA8B914204D34388934298
:1012A00001D3994201D9FFF7D9FF641CE4B2A878B1
:1012B000A042E4D830BD2DE9F0410446876D00F02E
:1012C000D1FA064694F835000025022806D0802081
:1012D000606584F834500120BDE8F0812068016821
:1012E00021F0160101602068416921F0800141610F
:1012F000206C08B9A06C20B12068016821F00801B9
:1013000001602068016821F0010101600CE000F03B
:10131000A9FA801B052807D920206065032084F8DE
:10132000350084F83450D7E720680068C007EED154
:1013300094F85C103F208840B860012084F83500A4
:1013400084F834500020C7E790F83510022903D004
:101350008021416501207047052180F83510006823
:10136000016821F001010160002070472DE9F84378
:1013700004464FF00009CDF8009063484FF4165131
:10138000A56D0068B0FBF1F72E6894F85C1008209A
:1013900000FA01F131420FD021680A6852070BD5DB
:1013A0000A6822F004020A6094F85C108840A86081
:1013B000606D40F00100606594F85C104FF001082A
:1013C00008FA01F0304208D021684969090604D5BD
:1013D000A860606D40F00200606594F85C10042025
:1013E0008840304208D021680968890704D5A86080
:1013F000606D40F00400606594F85C101020884037
:10140000304218D021680968090714D5A8602068FF
:101410000168490304D50068000308D5A16C07E002
:101420000168C90503D4016821F008010160216C3D
:1014300009B12046884794F85C102020884030424B
:1014400031D021680968C9062DD5A86094F8350007
:1014500005282068016806D0490347D500680003C5
:101460001DD4616C1CE021F0160101602068416907
:1014700021F080014161206C08B9A06C20B1206886
:10148000016821F00801016094F85C103F20884059
:10149000A86084F8358084F83490216D1FE0E16BFA
:1014A00009B120468847606D00282BD0606DC007C9
:1014B00014D0052084F835002068016821F001016E
:1014C00001600098401C0090B84203D82068006872
:1014D000C007F6D184F8358084F83490E16C002997
:1014E00010D001B02046BDE8F04308470168C905A7
:1014F000D5D4016821F01001016084F8358084F8AA
:101500003490CCE7BDE8F883180000202DE9F041C5
:10151000044600F0A7F906465CB1022084F83500C5
:10152000002584F834502068016821F00101016031
:101530000DE00120BDE8F08100F094F9801B052842
:1015400005D920206065032084F83500F2E7206883
:101550000068C007F0D12268116820480140D4E932
:1015600001031843D4E9033633431843636918432E
:10157000A3691843E3691843236A18430843616A5F
:10158000042903D1D4E90B131943084310602068E0
:101590004069666A20F0070130460E43012704289F
:1015A0000CD1A06A0643E06A40B12046FFF7BCFDBB
:1015B00020B14020606584F83570BAE72068466144
:1015C0002046FFF79DFD94F85C203F21914081600B
:1015D000656584F835700020ACE700003F8010F0AE
:1015E0002DE9F0410446866D90F83400002501286D
:1015F0000DD0012084F8340094F835700020012FBC
:1016000007D084F8340002252846BDE8F081022086
:10161000FBE7022784F8357060652046FFF7AEFDD2
:1016200094F85C103F208840B0602068016841F069
:1016300016010160206C20B12068016841F00801AA
:1016400001602068016841F001010160DCE70000F1
:101650002DE9F84FDFF8BCA10022012503264FF049
:101660000F090AF1040BAAF1040E00BF0B6805FA7A
:1016700002F42340A34270D10F7907F00307012F32
:1016800001D0022F16D187684FEA420806FA08FCFB
:1016900027EA0C07D1F80CC00CFA08FC4CEA070C3E
:1016A000C0F808C04768A7430C79C4F300149440FD
:1016B0003C4344600C79E443A4070AD0C4684FEA71
:1016C000420C06FA0CF7BC438F6807FA0CF7274365
:1016D000C7600C7904F00304022C12D1D40800EB8B
:1016E000840CDCF820405707FF0E09FA07F824EABB
:1016F0000804D1F8108008FA07F848EA0408CCF882
:10170000208004684FEA420C06FA0CF7BC430F79BC
:1017100007F0030707FA0CF7274307604C6814F437
:10172000403F70D03C4C276847F4804727602468CE
:1017300022F0030704F480440094384C07EB040CB7
:10174000DCF8084897074FEA177809FA08F7BC430E
:10175000334FB84202D1002724E054E0314FB84261
:1017600001D101271EE0304FB84201D1022719E014
:101770002E4FB84201D1032714E02D4FB84201D1BA
:1017800004270FE02B4FB84201D105270AE02A4F6A
:10179000B84201D1062705E0284FB84201D10727FA
:1017A00000E0082707FA08F72743CCF80878DAF8AA
:1017B00000405746D1F804C09C435FEACC2C00D5CA
:1017C0001C433C60DBF800405F46D1F804C09C43FA
:1017D0005FEA8C2C00D51C433C60DEF80040774665
:1017E000D1F804C09C435FEA8C3C00D51C433C60AC
:1017F000084F083F3C68D1F804C09C435FEACC3CEA
:1018000000D51C433C60521C102AFFF42FAFBDE8EA
:10181000F88F0000083C014044380240003001408D
:10182000000002400004024000080240000C024098
:10183000001002400014024000180240001C024048
:101840000069084000D001207047426921EA020384
:101850000A4043EA0241816170470AB181617047E1
:101860000904FBE701488068704700000C00002075
:1018700070B5040025D094F83D00002520B984F807
:101880003C50204600F04CFA242084F83D002068AB
:10189000016821F0010101602068016841F4004104
:1018A00001602068016821F40041016000F004FC3F
:1018B0004D4A6168914201D84C4900E04C49884248
:1018C00001D2012070BD4B492368B0FBF1F15E6885
:1018D00026F03F060E435E606368934206D94FF4DC
:1018E000967359434FF47A73B1FBF3F12368491CA3
:1018F0001E6A26F03F06314319626168914210D892
:101900004900401EB0FBF1F2521CC2F30B02042A44
:1019100001D2042022E0B0FBF1F0401CC0F30B0028
:101920001CE0A268F2B301EBC10303EB0116431EF6
:10193000B3FBF6F35B1C43F480431B0549D092B321
:1019400001EBC10202EB0111401EB0FBF1F0401CA3
:10195000C0F30B0040F4804040F400402168CA69A5
:101960004CF6FF739A431043C861D4E90710014352
:101970002068026822F0C00211430160D4E903012B
:1019800001432068826848F2FF339A431143816023
:10199000D4E9050108432168CA6822F0FF02104318
:1019A000C86001E00EE016E02068016841F0010126
:1019B00001602564202084F83D00256384F83E50B2
:1019C000002070BD01EB4106431EB3FBF6F35B1C28
:1019D000B3E70120C2E701EB4101401EB0FBF1F08B
:1019E000401CC0F30B00B7E7A086010080841E00F6
:1019F00000093D0040420F002DE9FF4F83B09A4699
:101A0000DDE9119793460446DDF84080FFF72AFF91
:101A1000054694F83D00202870D119230122714910
:101A20002046009501F0D2FB0028F5D194F83C0047
:101A3000012863D0012084F83C0020680168C907B0
:101A400003D1016841F0010101602068016821F4BF
:101A500000610160222084F83D00402084F83E00AF
:101A600000262664C4F82480A4F82A90608D20857E
:101A70005D48E062CDE9007553465A462046049918
:101A800001F0ACFA00287CD1208DD0B1012821D002
:101A90000228206824D0416980690090208D0328A5
:101AA00069D801282BD0514902283B464FF000024B
:101AB000009559D08846204601F088FB002860D167
:101AC0003CE02068416981690091016841F400713E
:101AD000016077E02068016821F480610160F0E72F
:101AE000016821F4806101602068016841F40061AF
:101AF0000160206841698069009063E06FE02A46D8
:101B00003946204601F0E1FB98BB20680069616A14
:101B100008704EE02068016841F40071016020689F
:101B20000069616A0870606A401C6062218D491E0C
:101B30002185618D491E6185216838E02068016832
:101B400021F48061016020680069616A0870606A40
:101B5000401C6062208D401E2085608D401E608587
:101B60003B46002241460095204601F02FFB00B97C
:101B7000D0E706E0FFE72A463946204601F0A5FBFC
:101B800018B1012007B0BDE8F08F20680069616AD4
:101B90000870606A401C6062218D491E2185618D3C
:101BA000491E618521684A69D24352070AD40969EE
:101BB0000170606A401C6062208D401E2085608D2F
:101BC000401E6085208D00287FF468AF202084F8B7
:101BD0003D0084F83E6084F83C600020D2E702209B
:101BE000D0E70000020010000000FFFF0400010029
:101BF0002DE9FF4F83B09A46DDE9119793460446DD
:101C0000DDF84080FFF72EFE054694F83D002028C1
:101C10007FD11923012240492046009501F0D6FAD0
:101C2000002876D194F83C00012872D0012084F875
:101C30003C0020680168C90703D1016841F0010137
:101C400001602068016821F400610160212084F8AE
:101C50003D00402084F83E0000262664C4F824801D
:101C6000A4F82A90608D20852C48E062CDE90075AB
:101C700053465A462046049901F02EFA70B930E0D6
:101C80002A463946204601F053FB58B1206C0428FF
:101C900004D12068016841F400710160012007B09F
:101CA000BDE8F08F606A216800780861606A401CB6
:101CB0006062218D491E89B22185628D521E628526
:101CC00022685369DB435B070BD469B1007810616C
:101CD000606A401C6062208D401E2085608D401E21
:101CE0006085208D0028CBD12A463946204601F058
:101CF00047FA0028CAD154F83D0B016841F400713D
:101D00000160202004F81E09E67766770020C6E708
:101D1000FFE70220C3E70000020010000000FFFF01
:101D200010B586B0044614216846FEF70FFC14492E
:101D30002068884221D113480021026842F0020243
:101D40000260006800F0020005904FF440700090BF
:101D50001220CDE90101032003900420049069467C
:101D60000948FFF775FC07481030016841F400117D
:101D70000160006800F40010059006B010BD00007E
:101D8000005400403038024000040240024881689C
:101D900002781144816070470C0000200B4810B598
:101DA000016841F400710160016841F480610160E3
:101DB000016841F480710160032000F09FF80F205A
:101DC00000F006F800F050F8002010BD003C024082
:101DD00030B505461F4887B00024016841F0100166
:101DE0000160006806A900F01000009001A800F052
:101DF00043F90498A8B100F05FF940001649174A6A
:101E0000B0FBF1F11648491E026040F2E732C0E92A
:101E10000324C0E90114846100F0A0FB040003D096
:101E200015E000F049F9E9E70D4800F0D9FB04009E
:101E30000DD1362000F034F8102D07D200222946AB
:101E4000362000F03BF80748056000E0012407B0A9
:101E5000204630BD4038024040420F000010004094
:101E6000E82B0020100000200C4882B0016841F4EB
:101E700080410160006800F4804000900748001F26
:101E8000016841F0805101600068002200F080503C
:101E900000900F21901E02B000F010B844380240AC
:101EA000002809DB00F01F02012191404009800059
:101EB00000F1E020C0F8001170470000F0B40E4BB4
:101EC0001B680C46C3F30223C3F10705042D00D998
:101ED0000425191D072901D2002300E0DB1E01267D
:101EE00006FA05F1491E214099409E40761E164093
:101EF0003143F0BC02F0ECBA0CED00E0064900F012
:101F0000070208684FF6FF03184040EA0220034A20
:101F100010430860704700000CED00E00000FA0577
:101F2000BFF34F8F05480168054A01F4E061114392
:101F30000160BFF34F8F00BFFDE700000CED00E034
:101F40000400FA052DE9F0470E46050065D0DFF8DC
:101F50001481D8F80000F7B200F00700B04207D2B1
:101F600088F80070D8F8000000F00700B04254D1A3
:101F700028683D4C810712D5400703D5206840F4FE
:101F8000E05020602878000703D5206840F46040C6
:101F900020602068A96820F0F000084320602878BD
:101FA000C0072DD0304968680839012812D00228AE
:101FB00013D0032811D00968890700292DDA216878
:101FC00021F0030101432160FFF74CFC814641F2FF
:101FD000883A0EE009688903EFE709688901ECE7B0
:101FE000FFF740FCA0EB0901514502D90320BDE8F1
:101FF000F0872068696800F00C00B0EB810FEFD12A
:10200000D8F80010404601F00701B14207D9077027
:10201000006800F00700B04201D00120E7E728780F
:10202000400705D52068E96820F4E05008432060A7
:102030002878000706D52068296920F4604040EA26
:10204000C100206000F058F82168084AC1F303116C
:10205000515CC8400649086006480068FFF7B8FEB2
:102060000020C4E7003C0240083802408489000890
:1020700018000020100000200F2202600C4A136894
:1020800003F003034360136803F0F00383601368F5
:1020900003F4E053C36012684FF4E05303EAD20242
:1020A00002610448006800F0070008607047000003
:1020B00008380240003C02400448054900680968AD
:1020C000044AC1F38221515CC840704718000020C7
:1020D00008380240948900080448054900680968E6
:1020E000044AC1F34231515CC840704718000020D7
:1020F0000838024094890008154810B5006810F0AF
:102100000C02144813D01449042A0FD0082A0ED107
:102110000F4C241F2268236802F03F025B0207D5A0
:102120002068C0F38810A0FB010106E0084610BD3E
:102130002168C1F38811A1FB00010023FEF718F903
:102140002168C1F30141491C4900B0FBF1F010BD09
:10215000083802400024F40040787D012DE9F84F52
:1021600004006ED02078DFF84C93C007A9F1040575
:102170004AD009F104000168C1F38101012908D0A6
:102180000068C0F3810002280AD1D9F8000040029B
:1021900006D52868800337D560680028E1D033E091
:1021A0006068B0F5803F10D0B0F5A02F286810D03F
:1021B00020F480302860286820F48020286060683F
:1021C000A8B1FFF74FFB06460DE0286840F48030C9
:1021D000F4E740F480202860F7E700BFFFF742FBF8
:1021E000801B642873D828688003F7D50CE0FFF7BC
:1021F00039FB064605E000BFFFF734FB801B64286F
:10220000F0D828688003F7D42078DFF8AC82800704
:102210004FF0000A3ED5A748001D016811F00C0FD1
:1022200008D00068C0F3810002280BD1D9F8000063
:10223000400207D42868800716D5E068012800D13D
:1022400012E033E1E068B8B10120C8F80000FFF700
:1022500009FB064605E000BFFFF704FB801B0228D0
:10226000C0D828688007F7D52868216920F0F800D1
:1022700040EAC10028600DE0C8F800A0FFF7F2FABC
:10228000064604E0FFF7EEFA801B02281FD82868F4
:102290008007F7D42078000722D5864F87486169E8
:1022A000703771B101210160FFF7DCFA064604E0E6
:1022B000FFF7D8FA801B022809D838688007F7D5BD
:1022C0000EE0C0F800A0FFF7CDFA064605E082E078
:1022D000FFF7C8FA801B02287DD838688007F7D43A
:1022E0002078400768D5DFF8CCB100270BF13C0B14
:1022F000DBF80000C0000BD4DBF8001041F0805187
:10230000CBF80010DBF80000012700F080500090AF
:102310006B4E3068C00510D4306840F48070306077
:10232000FFF7A0FA009005E0FFF79CFA0099401A29
:10233000022850D83068C005F6D55E4EA0686C36CD
:1023400001280FD00528306810D020F0010030603F
:10235000306820F004003060A068B8B1FFF782FA5E
:1023600000900FE0306840F00100F4E740F0040016
:102370003060F7E7FFF776FA0099411A41F28830AA
:10238000814266D830688007F4D50EE0FFF76AFA1C
:10239000009007E0FFF766FA0099411A41F2883091
:1023A000814256D830688007F4D42FB1DBF8001092
:1023B00021F08051CBF80010A069C8B33D49091D38
:1023C0000968C1F3810102294AD00228504607D08A
:1023D000C8F8600000E03CE0FFF744FA04463BE048
:1023E0004746C8F86000FFF73DFA064605E000BF23
:1023F000FFF738FA801B02282BD828688001F7D411
:10240000D4E907010843A16A2E4A490802EB0141B9
:10241000626A41EA8211084394F82C1040EA016193
:10242000C9F8001001203866FFF71CFA044606E0E0
:102430003EE000BFFFF716FA001B022809D8286803
:102440008001F7D534E000BFFFF70CFA001B02282B
:1024500002D90320BDE8F88F28688001F4D427E072
:102460000128F7D0D9F80000E26900F48001914218
:102470001CD1226A00F03F01914217D147F6C0718A
:10248000626A0140B1EB821F10D1A26A4FF0FF33A4
:1024900000F4403103EB5202B1EB024F06D194F845
:1024A0002C1000F07060B0EB016F01D00120D1E77B
:1024B0000020CFE70438024000004742800E474228
:1024C000007000400000FFFF7047704770B590F843
:1024D0003C20012A32D0012480F83C40022280F8BE
:1024E0003D2003685A689D6822F070060A683243EE
:1024F0005A60134B02689A4214D0B2F1804F11D047
:10250000104B9A420ED0104B9A420BD00F4B9A426E
:1025100008D00F4B9A4205D00E4B9A4202D00E4B78
:102520009A4204D1496825F080031943916080F8EC
:102530003D40002180F83C10084670BD022070BD6F
:10254000000001400004004000080040000C004072
:1025500000040140004001400018004010B5040094
:1025600003D094F83D0010B107E0012010BD002019
:1025700084F83C00204600F01FF8022084F83D005B
:10258000211D206801F05EFC012084F8460084F8DB
:102590003E0084F83F0084F8400084F8410084F84D
:1025A000420084F8430084F8440084F8450084F82D
:1025B0003D00002010BD000008B5006806498842B3
:1025C00008D10648016841F020010160006800F070
:1025D0002000009008BD0000001400404038024078
:1025E00090F83D10012901D001207047022180F8A8
:1025F0003D100168CA6842F00102CA6000681149D2
:10260000884214D0B0F1804F11D00F4988420ED0CB
:102610000E4988420BD00E49884208D00D498842A5
:1026200005D00D49884202D00C49884204D1816806
:1026300001F00701062903D0016841F001010160A2
:1026400000207047000001400004004000080040E6
:10265000000C004000040140004001400018004010
:10266000704770B50446006801694FF00005C94322
:10267000890715D4C168C943890711D4E91E0161CE
:1026800001202077206880698007204602D0FFF76C
:10269000E7FF04E000F098F8204600F096F8257770
:1026A00020680169C943490717D4C168C94349076C
:1026B00013D46FF004010161022020772068806943
:1026C00010F4407F204602D0FFF7CAFF04E000F07C
:1026D0007BF8204600F079F8257720680169C94326
:1026E000090716D4C168C943090712D46FF008015D
:1026F0000161042020772068C0698007204602D04D
:10270000FFF7AEFF04E000F05FF8204600F05DF850
:10271000257720680169C943C90617D4C168C94330
:10272000C90613D46FF010010161082020772068DA
:10273000C06910F4407F204602D0FFF791FF04E00B
:1027400000F042F8204600F040F825772068016943
:10275000C943C90708D1C168C943C90704D1891E43
:102760000161204600F032F820680169C94309067A
:1027700009D4C168C943090605D46FF0800101611D
:102780002046FFF7A1FE20680169C943490609D424
:10279000C168C943490605D46FF040010161204674
:1027A00000F01EF820680169C94389060BD4C1688E
:1027B000C943890607D46FF0200101612046BDE8B6
:1027C0007040FFF782BE70BD7047704700680349D4
:1027D000884201D1FFF7DABA7047000000100040CC
:1027E0007047704710B504460068406994F83D1082
:1027F000C0F3C010212911D180B12068143050E8F5
:10280000001F21F0800140E80012002AF5D1606B22
:1028100008B1FEF750FD204601F040FC20684069F9
:1028200094F83E10C0F38010222911D180B12068A5
:10283000143050E8001F21F0400140E80012002A47
:10284000F5D1A06B08B1FEF736FD204601F0FFFB85
:10285000002010BD70470000F8B501680446086804
:10286000CA684B6910F00F0F4FF000055AD003F003
:10287000010602F49077374365D0C10705D0D10532
:1028800003D5216C41F001012164410705D5D90729
:1028900003D0216C41F002012164810705D5D907DD
:1028A00003D0216C41F004012164010707D502F037
:1028B0002001314303D0216C41F008012164216CD7
:1028C00000293BD0800604D5900602D5204601F0B1
:1028D000F3FB20684069216CC0F3801001F008010F
:1028E000014320462BD001F0B2FB2068406940062E
:1028F00021D52068143050E8001F21F0400140E845
:102900000012002AF5D1A06BA8B16C490165A06B3B
:10291000FEF71AFD002811D0A06B016D01B0BDE8D3
:10292000F040084783060ED593060CD52046BDE837
:10293000F84001F0C1BB2046FFF78CFFF8BDFFF760
:1029400089FF2564F8BD266B2023012E79D1C606A8
:1029500077D5D60675D5086848680090486940065E
:1029600040D5A16B086840680004000CEAD0A28D35
:102970008242E7D9E085C869B0F5807F2DD0206814
:102980000C3050E8001F21F4807140E80012002A4A
:10299000F5D12068143050E8001F21F0010140E813
:1029A0000012002AF5D12068143050E8001F21F0F1
:1029B000400140E80012002AF5D184F83E3025633A
:1029C00020680C3050E8001F21F0100140E8001290
:1029D000002AF5D1A06BFEF76EFCA08DE18D401AA8
:1029E00081B229E0A08DE18D401A81B2E08D0028EE
:1029F000A8D00029A6D020680C3050E8002F22F47F
:102A0000907240E80026002EF5D12068143050E87E
:102A1000002F22F0010240E80026002EF5D184F8B4
:102A20003E30256320680C3050E8002F22F0100261
:102A300040E80023002BF5D12046FFF7D2FEF8BD79
:102A4000FFE705062BD5150629D594F83D0021286A
:102A5000F5D1A068B0F5805F01D12069B0B1206ADE
:102A6000411C2162216800784860E08C401E00040F
:102A7000000CE084E3D12068C16821F08001C160CE
:102A80002068C16841F04001C160D8E7206A008831
:102A9000C0F308004860206A801C2062E5E7400619
:102AA000CDD55006CBD5CA68204622F04002CA6078
:102AB00084F83D3000F056FAC1E700000D3F0008F1
:102AC00070B5040004D094F83D00002510B106E074
:102AD000012070BD84F83C50204600F023F82420EB
:102AE00084F83D002068C16821F40051C16020468F
:102AF00001F042FB2068016921F4904101612068E6
:102B0000416921F02A0141612068C16841F4005106
:102B1000C1602564202084F83D0084F83E00002038
:102B200070BD00002DE9F04F87B0044614216846BF
:102B3000FDF70CFDC048BF4B1438D4F800C0DFF8D7
:102B4000F8E2022103228715002506154FF0070B36
:102B50004FF040094FF0006A9C4554D1DEF800C0A8
:102B60004CF0100CCEF800C0DEF8003003F010037B
:102B70000593036843F002030360006800F002005D
:102B80000590C0208DE82300CDE9032B6946AB48B2
:102B9000FEF75EFDDFF8AC82A9494046C8F8001098
:102BA000C0E901A5C0E90356C8F81450C0E90657AA
:102BB000C8F82050C8F82450FEF7A8FC08B1FEF76A
:102BC000F2FAA04FC4F838806037C8F83840C7F828
:102BD0000890C7E903567D61BD619948FD613D627A
:102BE00078307D62C7E9000A3846FEF78FFC08B1ED
:102BF000FEF7D9FA6763002205212520BC63FFF7A1
:102C00005DF9252059E08C4BDFF83C821B1FC44541
:102C100058D1D3F800C04CF4003CC3F800C01B6886
:102C200003F400330593036843F00803036000686E
:102C300000F00800059060208DE82300CDE9032B0B
:102C400069468248FEF704FDDFF8F881804908F103
:102C5000C0084046C8F80010C0E901A5C0E9035605
:102C6000C8F81450C0E90657C8F82050C8F82450D6
:102C7000FEF74CFC08B1FEF796FA764FC4F83880A0
:102C8000C8F83840C7F80890C7E903567D61BD61B0
:102C90006F48FD613D6218307D62C7E9000A384621
:102CA000FEF734FC08B1FEF77EFA676300220521C7
:102CB0002620BC63FFF702F92620FFF7F1F807B0E2
:102CC000BDE8F08FDFF89081C44557D1D3F800C03C
:102CD0004CF4802CC3F800C01B6803F480230593D8
:102CE000036843F004030360006800F004000590EB
:102CF0004FF440608DE82300CDE9032B6946574827
:102D0000FEF7A6FCDFF84C81514908F160086039F4
:102D10004046C8F80010C0E901A5C0E90356C8F84C
:102D20001450C0E90657C8F82050C8F82450FEF7E0
:102D3000EDFB08B1FEF737FA464FC4F83880C037CC
:102D4000C8F83840C7F80890C7E903567D61BD61EF
:102D50003F48FD613D6230387D62C7E9000A384670
:102D6000FEF7D4FB08B1FEF71EFA676300220521C7
:102D70002720BC63FFF7A2F827209EE7384B9C452D
:102D80009DD1DEF800C04CF0200CCEF800C0DEF87B
:102D9000003003F020030593036843F0040303604D
:102DA000006800F004000590C0208DE82300082092
:102DB000CDE9032069462948FEF74AFC2049DFF89F
:102DC000A480183940464FF0206AC8F80010C0E9C6
:102DD00001A5C0E90356C8F81450C0E90657C8F861
:102DE0002050C8F82450FEF791FB08B1FEF7DBF93C
:102DF0001C4FC4F838806037C8F83840C7F80890CE
:102E0000C7E903567D61BD610D48FD613D626030DB
:102E10007D62C7E9000A3846FEF778FB08B1FEF785
:102E2000C2F96763002205214720BC63FFF746F81B
:102E3000472042E7001001404438024000040240AD
:102E400040640240E828002000440040000C02409A
:102E500088600240082A0020004800400008024024
:102E600000140140282B002090F83E30202B0ED17A
:102E700059B152B190F83C30012B08D0012380F8B1
:102E80003C300023036301F0FDB9012070470220AC
:102E9000704790F83E30202B0ED159B152B190F8C6
:102EA0003C30012B08D0012380F83C300023036321
:102EB00001F032BA0120704702207047044988426D
:102EC00004D1012234390248FFF7E3BF7047000004
:102ED000D82700207047000070B5044690F83D00E8
:102EE000202836D191B38AB394F83C00012830D021
:102EF000012084F83C002162A284E284002525643C
:102F0000212084F83D00636B1348D863636B13483A
:102F10001864636B1248D864606B134605652668B5
:102F2000606B321DFEF75CFB21686FF040000860AB
:102F300084F83C502068143050E8001F41F08001B4
:102F400040E80012002AF5D1002070BDFFE7012003
:102F5000FBE70220F9E700000340000845400008B5
:102F60001D3F0008416B09680A6822F001020A60EF
:102F70000A4900680968884205D10948017821F0AA
:102F80000201017070470549883109688842F9D10A
:102F900000224FF480610348FEF75FBCD827002071
:102FA000A0230020000002407047FEE701684A6944
:102FB000D24352050FD46FF480624A61002140F879
:102FC000301F202242738173026942F004020261C1
:102FD0000173012070470020704700002DE9F84F71
:102FE0000446006889460B9D01689846174641F4DF
:102FF000806101602068016841F480710160009582
:103000004FF0011B0022594620460A9B00F0DEF8D3
:103010004FF4007A40B120680068C00501D5C4F8BB
:1030200040A00320BDE8F88F216809F0FE00086188
:103030002B46284920460A9A00F0FCF8F0BB20688D
:103040004169806900902A4620460A9900F070F98B
:1030500040B1206C04283AD12068016841F4007125
:10306000016034E0FEB2B8F1010F09D02168380ADE
:1030700008612A4620460A9900F05AF90028E8D14A
:10308000206806612A4620460A9900F051F9002876
:10309000DFD12068016841F4807101600095002251
:1030A000594620460A9B00F091F80028B3D12168C8
:1030B00009F0FF0040F00100086100E007E02B4646
:1030C000044920460A9A00F0B5F80028AAD0012049
:1030D000A8E70000020001002DE9F843044600685B
:1030E0000D46DDE9089701689846164641F480715F
:1030F00001604B4600224FF001112046009700F07E
:1031000065F848B120680068C00502D54FF400702A
:1031100020640320BDE8F883216805F0FE00086103
:103120003B464A461549204600F084F888B9206895
:103130004169806900903A464946204600F0F8F817
:1031400048B1206C042804D12068016841F4007162
:1031500001600120DEE7F5B2B8F1010F09D0216866
:10316000300A08613A464946204600F0E1F8002856
:10317000E7D1206805610020CCE7000002000100D3
:1031800070B516460D4604460DE02046FFF70EFFCB
:1031900008B1012070BD681C05D0FEF763FB801BE1
:1031A000A84207D835B120684069C0434007ECD435
:1031B000002070BD002044F8300F20216173A073FF
:1031C000216941F0200121612073E2E72DE9F047F8
:1031D0001E4690460D460446C1F30747DDF8209091
:1031E00008E0701C06D0FEF73DFBA0EB0900B042E2
:1031F0000FD876B12068012F18D0806925EA000029
:103200000004000C14D000214145EAD00020BDE8A4
:10321000F087002044F8300F20216173A0732169EA
:1032200041F02001216120730120F0E74069E5E7CA
:103230000121E9E72DE9F0479A4691460E460446FA
:1032400000254FF02008C1F3074725E020684069BA
:10325000C043400514D42068016841F40071016046
:1032600021686FF480604861256384F83D8084F8AC
:103270003E50206C40F00400206484F83C501FE075
:10328000B9F1FF3F08D0FEF7EDFAA0EB0A0149457E
:103290000CD8B9F1000F09D02068012F13D0806934
:1032A00026EA00000004000C0BD0CFE744F8305FA2
:1032B00084F80D80A573206940F0200020612573FB
:1032C0000120BDE8F0874069EAE72DE9F0410025DB
:1032D00090460E460446202717E04069C043C006CA
:1032E0000CD454F8301B6FF01000486144F81059AA
:1032F0006777A577206A2062257717E0FEF7B2FA94
:10330000A0EB0800B04208D83EB120684169C9432B
:103310004906E2D40020BDE8F08144F8305F6773CD
:10332000A573206940F02000206125730120F2E799
:1033300070B516460D4604460DE02046FFF736FEF2
:1033400008B1012070BD681C05D0FEF78BFA801B08
:10335000A84207D835B120684069C0430006ECD4C4
:10336000002070BD002044F8300F20216173A0734D
:10337000216941F0200121612073E2E770B56424E6
:103380000546012911D001F0CBFC6320401EFDD180
:10339000284601F0D3FC611E491EFDD1284601F0EC
:1033A000BFFC641E641EFDD170BD01F0C7FC63202C
:1033B000401EFDD1284601F0B3FC611E491EFDD11F
:1033C000284601F0BBFC641E641EFDD170BD0000E8
:1033D00070B5034600200246012906D002290AD012
:1033E000032906D0042907D101E0012204E00822C4
:1033F00002E0042200E00222082B15D2C3F10701EB
:1034000001EBD1760B4DC6F34703042BEC5C0BD2DA
:1034100026F00100081A10F0FF0F06D004F00F018B
:1034200041EA0210E854012070BD04F0F00010439E
:10343000F8E700009D000020294808B5016841F424
:1034400000110160016801F400110091016841F46C
:10345000800101600068002200F4800000900521D6
:103460000C20FEF72BFD0C20FEF71AFD0022052193
:103470000E20FEF723FD0E20FEF712FD002205218F
:103480001020FEF71BFD1020FEF70AFD002205218B
:103490001120FEF713FD1120FEF702FD0022052189
:1034A0003920FEF70BFD3920FEF7FAFC002205213A
:1034B0003A20FEF703FD3A20FEF7F2FC0022052138
:1034C0004520FEF7FBFC4520FEF7EAFC0022052123
:1034D0004620FEF7F3FCBDE808404620FEF7E0BCBE
:1034E0003038024010B58EB01C220B496846FCF7FC
:1034F000FBFF0021684602F0FBFD084C06491C2238
:1035000020601C3107A8FCF7EFFF002107A802F09C
:10351000EFFD60600EB010BD44890008000000207F
:103520002DE9F04F87B014216846FDF70FF8544895
:103530000025016841F010010160016801F01001EF
:103540000591016841F004010160016801F0040186
:103550000591016841F080010160016801F080017E
:103560000591016841F001010160016801F001016C
:103570000591016841F008010160016801F008014E
:103580000591016841F0020101600068DFF8F480F4
:1035900000F002004FF67C040590002221464046D0
:1035A000FEF75BF9DFF8E090002242F20D01484699
:1035B000FEF753F9DFF8D4B04FF40046002231464D
:1035C0005846FEF74AF9DFF8C8A0771100223946BD
:1035D0005046FEF742F9012220212E48FEF73DF920
:1035E0000094012401940294694640460394FEF736
:1035F0002FF842F20800CDE9000469464846CDE9BB
:103600000245FEF725F80520CDE90004029469463D
:1036100048460394FEF71CF81820CDE900056946DA
:1036200050460295FEF714F8F81CCDE900056946EE
:1036300002944046FEF70CF8CDE90064694658460E
:10364000CDE90245FEF704F8CDE90074694650461D
:10365000CDE90245FDF7FCFF9F20CDE90005694655
:1036600002945846FDF7F4FF20208DE831006946AA
:1036700008480394FDF7ECFF07B0BDE8F08F0000A9
:10368000303802400010024000080240000C0240A6
:1036900000000240000402400D4810B50B490160D3
:1036A0000C49416000214FF480428160C0E903125F
:1036B00041618161C1610162FEF7DAF8002803D03F
:1036C000BDE81040FDF76FBD10BD00000054004084
:1036D00004230020801A06001CB500240E48009424
:1036E0000C49019401605321C0E901144FF6FF71A8
:1036F0008461C160FEF732FF08B1FDF754FD00940C
:10370000694605480194FEF7E1FE002801D0FDF767
:103710004AFD1CBD00140040582300200C4810B581
:103720000A4901604FF4E1314160002181600C22BF
:10373000C160C0E904128161C161FFF7C1F90028CD
:1037400003D0BDE81040FDF72EBD10BD00100140B4
:10375000D82700200C4810B50A4901604FF4E13128
:103760004160002181600C22C160C0E904128161C6
:10377000C161FFF7A5F9002803D0BDE81040FDF7AF
:1037800012BD10BD004400401C2800200C4810B59C
:103790000A4901604FF4E1314160002181600C224F
:1037A000C160C0E904128161C161FFF789F9002895
:1037B00003D0BDE81040FDF7F6BC10BD0048004046
:1037C000602800200C4810B50A4901604FF4E1312F
:1037D0004160002181600C22C160C0E90412816156
:1037E000C161FFF76DF9002803D0BDE81040FDF777
:1037F000DABC10BD00140140A4280020FEE7000040
:103800000A48D0F80813491CC0F808130849096988
:10381000012907D0022903D00B2903D00C2903D199
:1038200000F039B900F02AB870470000AC00002061
:1038300048040020D0F80813C822B1FBF2F302FBC1
:103840001311002916D1B0F84E1341F02001A0F851
:103850004E1309490969012902D00B2905D101E05C
:10386000022100E00C2180F85F130021A0F8521320
:1038700080F84C13704700004804002010B504463F
:1038800000F09CF8204600F0D6F801280BD1B4F8DF
:10389000041304F20120085CA52804D12046BDE8E9
:1038A000104000F04FB810BD70B504460020B4F8C9
:1038B0004E138A0643D521F02000A4F84E03204879
:1038C0000069012801D00B2801D184F8040194F883
:1038D0005F0384F80501062084F806017E2184F840
:1038E000071184F8080104F209100C2102F0A0FE6F
:1038F00094F8600384F82101002084F8600304F543
:103900009170102103F000F804F5B170102102F05D
:1039100077FE7F2104F5827084F85E13054600F07F
:10392000D3FE94F85E13030A4A1C84F85E234B55B9
:1039300094F85E134A1C84F85E234855012070BD3C
:103940004804002030B5027900214479022A01D0D0
:103950000C2A0CD1184B012C1B6906D00B2C06D15C
:103960000B2B04D10C2A03D003E0012BFAD030BD7D
:1039700002228379862BFAD1C379222BF7D100EB6F
:10398000421400BF00EB810204EB8103157A83F837
:10399000EC52557A83F8ED52957A83F8EE52491C31
:1039A000D27A89B283F8EF220829EBD300EB8101A8
:1039B000097A80F8611330BD4804002070B50446D0
:1039C000FFF738FF94F84C03012128B100250128A6
:1039D0000DD002282AD11CE0B4F85203401C80B25A
:1039E000A4F852030F2801D384F84C1370BD20466D
:1039F000FFF75AFF0128F9D1206894F85E2304F5F7
:103A00008271436B9847022084F84C03A4F8545306
:103A100070BDB4F85403421CA4F854233C2801D3CD
:103A200084F84C1394F806030128F1D184F84C5320
:103A3000A4F8525370BD2DE9F0410446002690F8D9
:103A400006033546012823D1002084F80603B4F884
:103A50000413C81EFD281BD204F2022004F2032224
:103A6000085C8A5C891E02EB002087B204F50170B5
:103A700000F02AFEB84206D00AE060196D1C90F8EA
:103A800004120171ADB2B4F80403A842F5D80126BE
:103A90003046BDE8F08110B5044600F043F82046FA
:103AA000FFF7C9FF012804D12046BDE8104000F00F
:103AB00001B810BD10B5044600796179012801D024
:103AC0000B282BD1022901D1012805D0144A1269F3
:103AD0008A4223D10B2821D1A07906281ED1E07972
:103AE0007E281BD1207A062818D104F109000C2168
:103AF00004F060FB94F8210084F8610304F12200D3
:103B0000102104F075FB04F16200102104F034FB75
:103B1000B4F8580340F02000A4F8580310BD00008A
:103B20004804002070B5044690F8560318B10025EB
:103B3000012818D10BE0B4F85C03401C80B2A4F853
:103B40005C030A2802D3012084F8560370BD204686
:103B500000F00CF80128F9D1206894F85E2304F5F0
:103B60008271436B984784F8565370BD70B5044614
:103B70000020B4F8581305468A065FD521F02000CE
:103B8000A4F858033148006984F80401022856D08B
:103B90000C2856D06079862184F80611222184F8F9
:103BA000071104EB4016E8B201F016FB06EB8500A6
:103BB0006D1CADB280EDBB0A082DF4D35FF00000A0
:103BC00006EB800104EB800291F8EC3282F80831B8
:103BD00091F8ED3282F8093191F8EE3282F80A312B
:103BE000401C91F8EF1280B282F80B110828E7D33D
:103BF00004EB800194F8602381F80821002284F806
:103C0000602394F8622381F80921062101EB8000EA
:103C1000C1B204F5827084F85E13054600F054FDCD
:103C200094F85E13030A4A1C84F85E234B5594F8FB
:103C30005E134A1C84F85E234855012070BD0120A4
:103C400000E00B2084F805010220A4E748040020CE
:103C50000D480C4900F5417201604A61911C0268EF
:103C60009161026800F58271D161026800F501710D
:103C700011620021A0F8041380F806130068816A1D
:103C800008470000080B0020AC000020FEE710B53C
:103C900044780023096994420BD3427006E04268DD
:103CA00051F8234042F833405B1CDBB242789A4221
:103CB000F5D810BD0C4910B50B888C8809892344B0
:103CC00019440A4B89B240F2E57419600246614317
:103CD0000020C1F30B018A4204D142F2CD00C3E9B6
:103CE0000120012010BD0000B4700020100400204D
:103CF000054A052303EB00109268104402680A602D
:103D00004068486070470000D07E002030B50C4C01
:103D10000A46054601462046FFF7B9FF2046FDF753
:103D2000AAFA2046FCF7F6FD2046FCF7B9FD20462E
:103D3000FCF726FD29462046BDE8304000F034BBA4
:103D4000D07E0020012002F0C7F9FBE7012002F03D
:103D5000C3F900F099FCF9E710B5502080F3118801
:103D6000BFF34F8FBFF36F8F04F042FB18B10449CC
:103D70004FF080500860002080F3118810BD0000D3
:103D800004ED00E030B593B030216846FCF7DEFB6F
:103D900014210CA8FCF7DAFB1E480025016841F04D
:103DA00080510160006800F0805011901A4801684D
:103DB00041F4804101600068022400F480401190C9
:103DC00001200090000401908001CDE906401920F7
:103DD00008904FF4A870CDE9090404200B906846C0
:103DE000FEF7BCF908B172B6FEE70CA90F2081E816
:103DF00031004FF4A0500F904FF4805010900521E7
:103E00000CA8FEF79FF8002801D072B6FEE713B0A9
:103E100030BD000040380240007000400248016898
:103E200041F470010160704788ED00E003480168CB
:103E3000491C01600248FEF714BC00000800002085
:103E4000E82B0020F0B50268254C264D264E274F62
:103E5000274B4FF0804CA04209D0604507D0A842C4
:103E600005D0B04203D0B84201D0984204D122F02C
:103E7000700E4A6842EA0E02A0421BD0604519D07B
:103E8000A84217D0B04215D0B84213D0984211D0F2
:103E9000184DA8420ED0184DA8420BD0174DA8427D
:103EA00008D0174DA84205D0164DA84202D0164D95
:103EB000A84203D122F44075CA682A434D6922F012
:103EC00080022A4302608A68C2620A688262A04253
:103ED00001D0984201D10969016301214161F0BD1E
:103EE000000001400004004000080040000C0040B9
:103EF00000040140004001400044014000480140EE
:103F000000180040001C00400020004010B5806BED
:103F10000021C185C184FEF79DFC10BD70B5846B86
:103F20002068406994F83D10C0F3C0100025212995
:103F300004D118B1E584204600F0B0F8206840694B
:103F400094F83E10C0F38010222904D118B1E58501
:103F5000204600F07CF8206C40F0100020642046E1
:103F6000FEF778FC70BD10B50146806B09680968E2
:103F7000C9052FD40021C18501680C3151E8002FFB
:103F800022F4807241E80023002BF5D1016814313E
:103F900051E8002F22F0010241E80023002BF5D167
:103FA0000168143151E8002F22F0400241E800235B
:103FB000002BF5D1202180F83E10016B012909D199
:103FC00001680C3151E8002F22F0100241E8002373
:103FD000002BF5D1016B012902D0FEF76FFF10BD58
:103FE000818DFEF7FEFB10BD10B5806B016B0129C2
:103FF00002D0FEF76FFF10BD818D4908FEF7F1FB7F
:1040000010BD10B50146806B09680968C90516D452
:104010000021C1840168143151E8002F22F0800290
:1040200041E80023002BF5D101680C3151E8002F45
:1040300042F0400241E80023002BF5D110BDFEF70D
:1040400091FF10BD10B5806BFEF7AEFF10BD01688B
:104050000C3151E8002F22F4907241E80023002B2C
:10406000F5D10168143151E8002F22F0010241E836
:104070000023002BF5D1016B012909D101680C3116
:1040800051E8002F22F0100241E80023002BF5D167
:10409000202180F83E1000210163704701680C3137
:1040A00051E8002F22F0C00241E80023002BF5D197
:1040B000202180F83D10704708B590F83E10222965
:1040C00001D0022008BD82684FF480539A4201D18A
:1040D000016921B1816A9A421BD04AB10AE00268A3
:1040E000816A5268C2F308020A80816A891C08E06A
:1040F000026972B10268526802F07F020A70816A36
:10410000491C8162C18D491E0904090CC18503D077
:1041100019E002685268F1E70168CA6822F02002DB
:10412000CA600168CA6822F48072CA6001684A697C
:1041300022F001024A61202180F83E10016B012922
:1041400003D0FEF7BBFE002008BD0021016301681B
:104150000C3151E8002F22F0100241E80023002B1F
:10416000F5D101680A68D20602D50A68496800914B
:10417000818DFEF736FBE6E770B5044600680169FD
:10418000E26821F44051114301612169A068E269AC
:1041900008436169114308432168CA6849F20C6306
:1041A0009A430243CA6020684169A26921F44071C0
:1041B0001143416131492068884202D03049884228
:1041C00002D1FDF789FF01E0FDF776FFE2690023E8
:1041D000192164253226B2F5004F626828D0A0FB71
:1041E0000101930F9200FCF7C3F80146B0FBF5F014
:1041F0006FF01802504301EB800006EB0010B0FB9B
:10420000F5F000F0F002B1FBF5F002EB0012B1FBAB
:10421000F5F06FF01803584301EB800006EB001037
:10422000B0FBF5F000F00F0021681044886070BD0D
:10423000A0FB010192185B41FCF79AF80146B0FB24
:10424000F5F00201B1FBF5F06FF01803584301EBF4
:10425000800006EBC000B0FBF5F000F0F80002EBC8
:104260004002B1FBF5F0584301EB800006EBC000C3
:10427000B0FBF5F000F00700D6E7000000100140A9
:104280000014014038B5816282850025134604463A
:104290000564222084F83E00A26B1C48D063A26B08
:1042A0001B481064A26B1B48D064A06B0A460565CE
:1042B0002168A06B091DFDF793F92068016840682B
:1042C000009084F83C50206948B120680C3050E8D8
:1042D000001F41F4807140E80012002AF5D12068E7
:1042E000143050E8001F41F0010140E80012002A9C
:1042F000F5D12068143050E8001F41F0400140E83B
:104300000012002AF5D1002038BD0000673F0008E8
:10431000E93F00081D3F000881628285C2850021B7
:104320000164222280F83E2080F83C10016921B10E
:104330000168CA6842F48072CA6001684A6942F042
:1043400001024A610068C16841F02001C16000209B
:104350007047000010B5044800F036F8BDE8104082
:104360000148FEF779BA0000D827002010B50448AC
:1043700000F052F8BDE810400148FEF76DBA0000A9
:104380001C28002010B5044800F06EF8BDE810406D
:104390000148FEF761BA0000602800200148FEF7DE
:1043A0005BBA0000A42800200022896907E0436866
:1043B00003EBC2031B7921F81230521CD2B24378AE
:1043C0009342F4D87047FEE738B5114C0168206875
:1043D00081421CD10968C943C90618D401684068E4
:1043E00000902046FEF7FEF9A06B0068416809487E
:1043F0000122C1F5807180F85822A0F8561200F110
:1044000055012046BDE838401202FEF72DBD38BDEB
:10441000D8270020D004002038B5114C016820684E
:1044200081421CD10968C943C90618D40168406893
:1044300000902046FEF7D6F9A06B00684168094855
:104440000122C1F5807180F82825A0F8261500F218
:1044500025312046BDE838401202FEF705BD38BDC3
:104460001C280020D004002038B5174C01682068B3
:10447000814227D10A68D243D20618D40168406825
:1044800000902046FEF7AEF9A06B006841680F4827
:104490000122C1F5807180F80623A0F8041300F50D
:1044A00001712046BDE838401202FEF7DDBC0A6803
:1044B000D243520603D50968C943090602D40168EC
:1044C0004068009038BD000060280020AC0000204B
:1044D0000907090E002804DB00F1E02080F8001431
:1044E000704700F00F0000F1E02080F8141D7047C5
:1044F000144910B502468C6D0120134B0969022C3A
:104500000DD0062C15D0082C08D10220002905D08A
:104510000420012902D1934200D1022010BD0020C5
:104520000029FBD003200129F8D19342F6D10020C5
:1045300010BD0029FCD003200129F9D19342F7D105
:10454000012010BD48040020D00400202DE9FE4FBA
:1045500000278B468118B846B946B1F5804F3CD844
:1045600015460646DFF87CA022E000BF06EB0800F7
:1045700086B206F03F00C0F14004AC4200D32C46A6
:104580000A2000F09BFBDAF80C20DAF814100092F5
:10459000CDE90141BAF8041010233246DAF80000E0
:1045A000FDF72AFA070007D040F24111AAF81810C7
:1045B000A5B1002FDAD011E00BEB090022460A4921
:1045C000FBF74DFF09EB0400A0461FFA80F9A5EBAD
:1045D000080005042D0CC9D100E001273846BDE8CC
:1045E000FE8F0000C80B0020407D00202DE9FE4F0B
:1045F00000271446064620448B46B946B846B0F517
:10460000804F39D80E2000F099FBDFF874A026E027
:1046100006EB090086B206F03F00C0F14005A54256
:1046200000D325460BEB08012A461648FBF717FF77
:104630000A2000F043FBDAF80820DAF814100092A0
:10464000CDE90151BAF8041010233246DAF800001F
:10465000FDF7CEFA070006D07B21AAF8181064B146
:10466000002FD5D009E008EB0500A9461FFA80F815
:10467000A4EB090084B2F2E701273846BDE8FE8FBB
:10468000C80B0020807D0020084810B50168491C37
:10469000016001F0CFFB00F001FCFFF7B1F803F07F
:1046A00063F8BDE8104001F049BC0000A8000020FC
:1046B00010B5002400212046FEF78AFE641CE4B2F7
:1046C000082CF7D310BD000070B50C4DFF22134627
:1046D00005F5807606E000BF10F8014B5C402B5DCD
:1046E0005340325D491EF7D24FF6FF7000EA0220B8
:1046F00000F47F40184480B270BD00009C8900081F
:1047000070B500242DED028B25469FED1E8A2646AE
:10471000D8B1082816D8401EC0B200F0B5FA00BFC4
:1047200000EB85016D1CEDB24E630A2DF8D300211C
:1047300000EB8102491C82ED218AC9B282ED2C8AEC
:104740000B29F5D3BDEC028B70BD204600F09CFA1E
:104750000146002001EB8002401CC0B256630A28CB
:10476000F8D3002001EB8002401C82ED218AC0B208
:1047700082ED2C8A0B28F5D3641CE4B2082CE4D318
:10478000E0E700000000000030B50021134C0A46AD
:104790000B4680B108280DD8401EC0B200EB800047
:1047A00004EB001101EB4200521C8382D2B203855C
:1047B0000A2AF7D330BD01EB8102002004EB02127C
:1047C00002EB4005401CAB82C0B22B850A28F7D310
:1047D000491CC9B20929EED330BD0000707A00200F
:1047E00010B50020074B0446052103F1200200BF4D
:1047F00023F8104022F81010401CC0B21028F7D344
:1048000010BD00007077002010B5B0F85A220024C7
:104810000A49A2F50453023B0ED1B0F85E220124EE
:10482000A2F525435A3B07D10122A0F86022A1F846
:104830006022104602F080FF204610BDD004002008
:1048400010B5B0F85A2200210E2A05D10121A0F896
:10485000B41203F079F90121084610BD70B5044681
:10486000B0F8B202002501280CD1B4F8C802012525
:1048700050B101280FD0022814D0002603281AD0E6
:10488000A4F8C862284670BD204602F0BBFB002891
:10489000F8D001200CE0204602F0A6FA0028F1D062
:1048A000022005E0204602F06FFB0028EAD003203A
:1048B000A4F8C802E6E7204602F0EEFA0028E1D0AC
:1048C000A4F8C862A4F8B2620025DBE7F0B50026C0
:1048D00090F8B9C2A1B0012304463146354601AA79
:1048E000BCF1800F17D00CDCC3484FF00707BCF1B8
:1048F000090F74D2DFE80CF092A2B9D0737373F091
:10490000EE00ACF1810CBCF1060FF2D2DFE80CF046
:10491000152535455568B4F8B40208B181205EE12B
:10492000D4F898026421B0FBF1F201FB12000028D8
:1049300002D1204602F07EFC5BE1D4E9A60181426F
:1049400002D90A1A282A04D28142F5D2401A28280C
:10495000F2D3204602F056FB3EE0D4E9A6018142A4
:1049600002D90A1A282A04D28142E5D2401A2828FC
:10497000E2D3204602F008FB2EE0D4E9A6018142F2
:1049800002D90A1A282A04D28142D5D2401A2828EC
:10499000D2D3204602F0BDFA1EE0D4E9A60181423E
:1049A00002D90A1A282A04D28142C5D2401A2828DC
:1049B000C2D3204602F018FA0EE0D4E9A6018142E3
:1049C00002D90A1A282A04D28142B5D2401A2828CC
:1049D000B2D3204602F060FA00282ED109E101E1AD
:1049E000D4E9A601814202D90B1A282B04D28142B4
:1049F00013D2401A282810D310230020411C09B2DA
:104A000022F8101008469942F8DB43F601112046BF
:104A1000009503F081F984F8B952EAE0D4E9A601DF
:104A2000814202D90A1A282A04D2814251D2401A5C
:104A300028284ED3204602F0D3FBCDE0D4E9A603CC
:104A4000834202D91F1A282F04D2834241D2C01AAE
:104A500028283ED322F81150491C09B22029F9DB3D
:104A60008BB24FF440510095B3E0D4E9A6038342E2
:104A700002D91F1A282F04D283422AD2C01A28280A
:104A800027D322F81150491C09B21029F9DB8BB247
:104A90004FF4445100959CE0D4E9A603834204D925
:104AA000A3EB000CBCF1280F04D2834211D2C01A30
:104AB00028280ED322F81150491C09B20C29F9DB21
:104AC0008BB241F201212046009503F025F984F8CC
:104AD000B9728EE014E0FFE7D4E9A6128A4202D947
:104AE000571A282F04D28A427BD2891A282978D3D0
:104AF0000088ADF8040001AA4FF48051009568E0E9
:104B0000D4E9A6128A4202D9531A282B04D28A4227
:104B10006FD2891A28296CD38188ADF804100189D5
:104B2000ADF8061090ED030A182301AABDEEC00AE5
:104B300010EE101AADF8081030F8101FADF80A107A
:104B40008188ADF80C100189ADF80E108189ADF89F
:104B50001010018AADF81210818AADF8141090ED92
:104B6000060ABDEEC00A10EE101AADF81610018F3D
:104B7000ADF81810818EADF81A10018EADF81C102A
:104B8000818BADF81E10018CADF82010818CADF832
:104B900022104CF27461ADF82410ADF82610818F0C
:104BA000ADF82810B0F84010ADF82A10B0F8441055
:104BB000ADF82C10B0F84810ADF82E10B0F84C102D
:104BC000ADF83010B0F85000ADF8320041F20A01F3
:104BD0000095204603F0A0F894F8B902401C84F830
:104BE000B90206E0B4F8B602012802D1A4F8A43252
:104BF000012621B03046F0BD4804002070B50446BF
:104C0000B0F8A402002501280FD109480125006948
:104C100010B10220A4F8BC02B4F9BC12204602F084
:104C200081FA10B10020A4F8A402284670BD00004B
:104C30004804002070B5054690F84C000024122866
:104C400008D001242846FFF741FE012802D1122096
:104C500085F84C00204670BD70B505460948002413
:104C60000068A0F50051CD3909D101242846FCF790
:104C7000E9F82846FBF790FE2846FCF741F8204665
:104C800070BD0000180400200549082806D200EB7A
:104C90008001C1EB8010024901EB8001084670479A
:104CA00048690020014890F861037047AC0000207B
:104CB00001480068704700000800002000B5014668
:104CC0004FF47A7203E01046491E00F003F8002901
:104CD000F9D100BD00EB8000C00000E0401E0028BC
:104CE000FCD17047064910B5064A31F8101052F849
:104CF0002000FCF7A5FD002800D0012010BD000019
:104D0000EA8B0008DC0A00200349044A31F810103D
:104D100052F82000FCF799BDCC8B0008A00A0020B7
:104D20000449054A31F8101052F820000122FCF71E
:104D300094BD0000CC8B0008A00A00200449054A5D
:104D400031F8101052F820000022FCF786BD000058
:104D5000CC8B0008A00A002070477047704770474E
:104D60007047000070B5007814460D46012803D046
:104D7000022803D020B10DE0074809E0074807E00A
:104D8000012291020648FCF768FD224629460548A3
:104D9000FEF7A2F8002070BDD82700201C280020B4
:104DA00000000240602800202DE9F04188B0DFF8C3
:104DB000BC80002001466D4645F82010401CC0B262
:104DC0000828F9D3002601E0192E34D20024601DF2
:104DD000C0B2FFF7B3FF641CE4B2082CF7D30A207B
:104DE000FFF778FF0024601DC0B2FFF799FF641C35
:104DF000E4B2082CF7D30A20FFF76CFF5FF0000441
:104E0000671C55F82400400045F82400F8B2FFF76D
:104E100069FF55F82410084445F82400FCB2082C1A
:104E2000EED30024601DC0B2FFF788FF641CE4B21B
:104E3000082CF7D302E01420FFF74CFF761CF6B2E3
:104E40001B2EC1D35FF0000303EB8300C0EB831282
:104E500055F8231008EB820001F076FD5B1CDBB2F5
:104E6000082BF1D308B0BDE8F081000048690020AC
:104E700070B50024084DFFF797FF00BF04EB8400D6
:104E8000C0EB841005EB800000F048F9641CE4B22C
:104E9000082CF3D370BD00004869002010B54FF412
:104EA000FA6000F07DF8012818D100F01DF8012803
:104EB00014D10B4C6079002810D12079401CC0B26D
:104EC000207109280AD300F01DFA02F03DFE0549C1
:104ED00001206071A1F8B602A1F8860510BD00009E
:104EE00084000020D00400202DE9F0472B4D002441
:104EF0000327A9780120A0462646052904D2DFE829
:104F000001F003050F1A4200A87043E0601DC0B213
:104F1000FFF706FF641CE4B2082CF7D30220F3E786
:104F2000601DC0B2FFF70AFF641CE4B2082CF7D37F
:104F3000AF70AE812EE0A98940F28A22491C89B265
:104F4000A981914202D3AE81EE70DDE7DFF84C908B
:104F500009F10E0919F80400012805D1601CC0B23E
:104F6000FFF7C0FE01280CD0641CE4B2082CF1D37A
:104F7000E878411CE9700A280CD90420A870EE706A
:104F800008E0AF70FBE7FFF773FFAF70AE81EE7024
:104F90004FF001084046BDE8F08700008400002083
:104FA0002DE9F05F594F01462DED028B0026F88860
:104FB0003546884278D8401CF88038785449002417
:104FC00001F1100B4FF0010808286DD2DFE800F066
:104FD000040F2398981B3270701DC0B2FFF7AEFE0D
:104FE000761CF6B2082EF7D387F8008089E0701D92
:104FF000C0B2FFF795FE761CF6B2082EF7D3052057
:1050000038703C817DE03889401C80B238810A28A4
:1050100077D9022072E08846701DC0B2FFF78EFE7D
:1050200028F81640761CF6B2082EF5D30620387004
:105030007C8166E07A89B946521C7A818A46771C5F
:10504000F8B2FFF74FFE20B93AF81610491C2AF8BB
:105050001610FEB2082EF2D3B9F80A0040F28A21E7
:105060004A4688424DD35078002156465B46474613
:1050700036F811C08046BCF1320F01EB410C9C4464
:1050800002D30CF8007001E00CF80040491CC9B2D2
:105090000829EDD308F10100C0B25070032804D3F1
:1050A000072089F800002CE02AE089F8004028E079
:1050B000C246A046154C9FED178BD9460E340021F1
:1050C00006EB4603084603EB0902135C401C194437
:1050D000C0B2C9B20328F8D3084603F0A5FA53ECCE
:1050E000182B03F0EFFB02D804F806A001E004F847
:1050F0000680761CF6B2082EE1D30820387000E056
:105100000125BDEC028B2846BDE8F09F84000020FD
:1051100020690020CCCCCCCCCCCC004030B50446AF
:105120000020A17887B0012940D16D4604EB8001B1
:10513000496845F82010401CC0B20728F6D3072163
:105140002846FBF78BFF002020620220216A55F8D9
:105150002020401C1144C0B221620528F6D3084625
:10516000032190FBF1F16162D4F8E020002000BF40
:1051700004EB80035B6BDAB1994203DA401CC0B2E6
:105180000A28F5D300EE901A04EB8000F8EEE00A4E
:1051900090ED210A20EE800AD0ED2C0A30EE800A34
:1051A000D4ED390AC4ED3A0A84ED390A07B030BDAE
:1051B0009942E7DDE2E7000001460020054A0829A0
:1051C00006D201EB8100C0EB811002EB8000406A47
:1051D000704700004869002010B504462DED028B91
:1051E000DFED188A1848B0EE688A806803F005FA87
:1051F0009FED161B53EC112B03F066FA03F0C0F978
:1052000000EE100A1348082C0BD204EB8401C1EB0A
:10521000841100EB8100D0ED390A90ED371A30EEA1
:10522000C18AB4EEC08AF1EE10FA01DBB0EE408A1A
:105230000948005D08B9B0EE688AB0EE480ABDECD6
:10524000028B10BD00000000480400209A99999933
:105250009999F13F4869002092000020F0B5244C54
:1052600000231A4603EB8300C0EB8310002104F8EF
:10527000203004EB80008270C2700262C0F82420EB
:1052800000EB8105491CC9B26A600A29F8D3194D9F
:10529000002100BF00EB810755F82160FE6546182C
:1052A000491CC9B286F828200A29F3D300219FEDB2
:1052B000120ADFED120A00BF00EB8105491C85EDE3
:1052C000210AC9B2C5ED2C0A0B29F5D301219FEDA6
:1052D0000C0A5B1C80ED370AC0F8E02080ED390A2B
:1052E00080ED3A0ADBB24170082BBBD3F0BD000061
:1052F000486900209C8B0008124DA03AE1DA85C372
:105300000000000010B511495FF0000000EB8002C2
:10531000C2EB801201EB8202401C92ED390AC0B24E
:1053200082ED370A0828F1D3FFF75AFAFFF7C0F9E0
:105330000020074A014600BF02EB4003401CC0B2F8
:10534000A3F864100428F7D310BD000048690020BA
:105350004804002070B50446B0F85A02002542F215
:105360000111884214D1B4F85E020125A0F5E06174
:10537000E5390DD10120A4F86402A4F8660294F87E
:105380006C0204F51974FFF7FFF9207AFFF7B8F9FA
:10539000284670BDB0F85A220021B2F5045F12D140
:1053A0000022A0F86622B0F86C32B0F95E2201212A
:1053B000934208D00123A0F86832082A03DCB0F831
:1053C0005E22A0F86C22084670472DE9F0410446A1
:1053D0000026B0F866023546012836D1B4F85A02E4
:1053E000B0F5145F31D342F20A5188422DD2B4F99C
:1053F0005E120126A1F59052FE3A26D10121A4F8B1
:10540000621294F8B812C7B241F0010184F8B812E0
:10541000B4F86C02E0B1082817D8401EC0B2FFF7FC
:10542000CBFEC11700EBD150451294F86C023946FF
:10543000401EC0B202F0D0FC94F86C022BB2401EA9
:10544000C0B20122394600F08DFE3046BDE8F08141
:105450002846FFF7B1FEC11700EBD1504412394680
:10546000284602F0B9FC23B201223946284600F052
:1054700079FE6D1CEDB2082DEAD3012223B2394624
:105480000820E0E72DE9F0410446B0F85A024FF059
:105490000008A0F5085046460A2835D294F8B812FC
:1054A000C7B241F0010184F8B812A4F86E0204EB0F
:1054B0008701B4F95E02C1F87002B4F95E52B4F823
:1054C0006C024FF0010860B1401EC0B22A46394656
:1054D00002F038F994F86C022A46401EC0B23946F0
:1054E00010E02A463946304602F02CF92A46394661
:1054F000304600F04BFE761CF6B2082EF1D32A4659
:105500003946304600F042FE4046BDE8F081B0F832
:105510005A32002141F20312934207D1B0F85E32B1
:105520000121934202D10122A0F8AC220846704723
:10553000B0F85A32002141F20212934207D1B0F87A
:105540005E320121934202D10122A0F8AA2208462C
:105550007047B0F85A32002141F20112934207D14C
:10556000B0F85E320121934202D10122A0F8A422B8
:105570000846704710B5B0F85A220021A2F504532E
:10558000033B11D1B0F85E320121A3F5E0640A4675
:10559000E53C04D0A3F58064B23C03D004E0A0F85D
:1055A000A02201E0A0F8A622084610BDB0F85A22B9
:1055B0000021A2F50453043B09D1B0F85E22012179
:1055C000A2F54073F23B02D10122A0F8AE220846B8
:1055D0007047000010B5B0F85A2200240A49A2F51D
:1055E0000453023B0ED1B0F85E220124A2F52543FC
:1055F0005A3B07D10122A0F86022A1F86022104690
:1056000002F09AF8204610BDD004002070B5B0F822
:105610005A220024A2F58055212D6ED80124464936
:105620002346222D73D2DFE805F011727272727276
:105630007272727215191D262A727272722E373D9D
:105640004145497272724D565A5E6A6EB0F95E22D9
:105650000A6069E0B0F95E224A6065E0B0F95E2256
:105660008A6061E0B0F95E2200EE102AB8EEC00A4E
:1056700081ED030A58E0B0F95E220A6154E0B0F906
:105680005E224A6150E0B0F95E2200EE102AB8EEC8
:10569000C00A81ED0A0A47E0B0F95E228A64A0F8E8
:1056A000B03241E0B0F95E224A643DE0B0F95E22DA
:1056B0000A6439E0B0F95E22CA6235E0B0F95E22D0
:1056C0000A6331E0B0F95E22CA641C49A0F8B23224
:1056D000A1F8823528E0B0F95E220A6524E0B0F92D
:1056E0005E224A6520E0B0F95E22022A03D0062A33
:1056F00001D0082A18D18A6516E01BE007E0B0F94E
:105700005E22CA6510E0B0F95E220A660CE0A2F5DE
:1057100080530F3B032B07D801EB8201A1F5A04179
:10572000B0F95E32C1F8DC3F90F8B81241F00201E6
:1057300080F8B812204670BD48040020D004002034
:1057400010B504460020B4F85A12A1F5A852103A38
:105750000AD1B4F95E02FEF7ADFA94F8B80240F04F
:10576000020084F8B802012010BD10B5B0F85A123A
:105770000024A1F5CC42663A07D1B0F95E02A0F54B
:1057800025415A3901D1FCF7CBFB204610BD10B59D
:10579000B0F85A2200210E2A05D10121A0F8B41236
:1057A00002F0D2F90121084610BD0000B0F85A22DB
:1057B0000021A12A04D1034A90F85E020121107051
:1057C00008467047801A002070B50446B0F8B2024F
:1057D000002501280CD1B4F8C802012550B10128D8
:1057E0000FD0022814D0002603281AD0A4F8C862CB
:1057F000284670BD204601F005FC0028F8D00120A5
:105800000CE0204601F0F0FA0028F1D0022005E07B
:10581000204601F0B9FB0028EAD00320A4F8C80212
:10582000E6E7204601F038FB0028E1D0A4F8C86282
:10583000A4F8B2620025DBE770B50546B0F8B00207
:105840000024012807D10124284601F0C9FC10B129
:105850000020A5F8B002204670BD0000F0B5044657
:10586000FC49002094F8B9E2A1B005260123D1F843
:1058700058C00546024601AFBEF1080F7ED008DCD5
:10588000BEF1080F1FD2DFE80EF0566688A1B9F806
:10589000F6F5BEF12A0F72D00CDCBEF1090F6FD005
:1058A000BEF10A0F6DD0BEF10B0F6BD0BEF1290F08
:1058B00009D1B6E0BEF1800F0AD0BEF1810F19D038
:1058C000BEF1820F30D0B4F8B60201287DD0BDE120
:1058D000B4F8B40208B18120B5E0D4F8980264218C
:1058E000B0FBF1F201FB12000028F0D1204601F0DC
:1058F000A1FCABE1D84ED4F89802B6F90410B0FB85
:10590000F1F201FB12000028E1D1B6F902102046A5
:1059100001F008FC0128DAD1B6F90200411C7180BF
:105920001928D4DB82208EE0B4F8B6020128CED14B
:1059300084F8B9228AE1D4E9A601814202D90A1A7F
:10594000282A04D28142C2D2401A2828BFD3204636
:1059500001F046FC1DE0D4E9A6138B4202D95E1A81
:10596000282E04D28B42B2D2C91A2829AFD327F8E5
:105970001020401C00B22028F9DB04E0C1E065E003
:1059800029E13DE14DE1009283B23A464FF44051A6
:10599000B3E094F8B902401C55E0D4E9A6138B4259
:1059A00002D95E1A282E04D28B4290D2C91A282915
:1059B0008DD327F81020401C00B21028F9DB00928C
:1059C00083B23A464FF4445197E03CE1D4E9A61340
:1059D0008B4202D95E1A282E04D28B4289D2C91A70
:1059E000282986D327F81020401C00B20C28F9DBA8
:1059F000009283B23A4641F201217EE0D4E9A6103A
:105A0000884202D9421A282A04D288421DD2081A92
:105A100028281AD3204601F0F5FA002815D02920AD
:105A200011E0D4E9A601814202D90A1A282A04D237
:105A300081420AD2401A282807D3204601F0D4F91F
:105A4000002802D02A2084F8B902FFE0D4E9A60198
:105A5000814202D90A1A282A04D2814209D2401A64
:105A6000282806D3204601F054FA002801D084F8F3
:105A7000B962EBE02EE01BE0FFE7D4E9A6138B420E
:105A800002D95E1A282E0AD28B4202D2C91A2829BC
:105A900005D2DBE0411C09B227F810100846B0EB34
:105AA0004C0FF7DB009283B23A4643F6011124E033
:105AB000D4E9A601814202D90A1A282A04D28142D5
:105AC0007ED2401A28287BD3B4F9BC12204601F0BC
:105AD00029FB5EE7D4E9A606864202D9371A282FA9
:105AE00004D286426CD2801B282869D30888009291
:105AF000ADF8040001AA4FF48051204602F00CF9E1
:105B000047E7D4E9A603834202D91E1A282E04D2FD
:105B1000834255D2C01A282852D38888ADF8040091
:105B20000889ADF8060091ED030ABDEEC00A10EE3B
:105B3000100AADF8080031F8100FADF80A00888897
:105B4000ADF80C000889ADF80E008889ADF810009A
:105B5000088AADF81200888AADF8140091ED060AA3
:105B6000BDEEC00A10EE100AADF81600088FADF8B1
:105B70001800888EADF81A00088EADF81C00888BCE
:105B8000ADF81E00088CADF82000888CADF822001E
:105B90004CF27460ADF82400ADF82600888FADF8A3
:105BA0002800B1F84000ADF82A00B1F84400ADF883
:105BB0002C00ADF82EC0B1F84C00ADF8300000E07C
:105BC00040E0B1F850000092ADF8320018233A4698
:105BD00041F20A0191E7D4E9A601814202D90E1AE5
:105BE000282E04D2814231D2401A28282ED3B4F86C
:105BF0006C020092ADF804003A464FF404517CE781
:105C0000D4E9A601814202D90A1A282A04D2814283
:105C10001CD2401A282819D33F21204601F0F2FB5C
:105C2000B7E6D4E9A610884202D9421A282A04D23B
:105C300088420BD2081A282808D3204601F0A4F97C
:105C40000028EDD102E0A4F8A432012521B02846B5
:105C5000F0BD000048040020841B002070B50546FC
:105C6000B0F8CA02002401280BD1074E0124307875
:105C700038B9284601F098FB18B100203070A5F81B
:105C8000CA02204670BD0000841B002070B5044687
:105C9000B0F8A6020025012809D10125B4F9C012E7
:105CA000204601F03FFA10B10020A4F8A6022846D1
:105CB00070BD70B50446B0F8AC020025012809D1CA
:105CC0000125B4F9C412204601F02CFA10B10020CD
:105CD000A4F8AC02284670BD70B50446B0F8AA021C
:105CE0000025012809D10125B4F9C612204601F08A
:105CF00019FA10B10020A4F8AA02284670BD70B5A8
:105D00000446B0F8A8020025012809D10125B4F9FC
:105D1000C612204601F006FA10B10020A4F8A8022D
:105D2000284670BD70B50446B0F8A40200250128CD
:105D300009D10125B4F9BC12204601F0F3F910B1E4
:105D40000020A4F8A402284670BD70B50446B0F83F
:105D5000A0020025012809D10125B4F9BE12204670
:105D600001F0E0F910B10020A4F8A002284670BDAF
:105D700070B50446B0F8A2020025012809D101251A
:105D8000B4F9BA12204601F0CDF910B10020A4F800
:105D9000A202284670BD70B50446B0F8AE020025D8
:105DA000012809D10125B4F9C212204601F0BAF93F
:105DB00010B10020A4F8AE02284670BD70B50546AB
:105DC00090F84C000024122808D001242846FFF740
:105DD00045FD012802D1122085F84C00204670BDF7
:105DE00070B505460A4800240068A0F50051CD3979
:105DF0000CD101242846FBF725F82846FAF7CCFDFC
:105E00002846FAF77DFF284601F01AFA204670BDB1
:105E10001804002001460020A1F10902022A06D23E
:105E200001EB4100024901EB400010F8310C7047D2
:105E3000A87000202DE9F04100F042F81E4C002728
:105E4000012620781D4D00284FF00A0003D0FFF7EF
:105E5000E1FF60B10CE0FFF7DDFF012808D12670FB
:105E6000A5F86062A5F8306501F066FC00E02770D7
:105E7000607800284FF0090006D0FFF7CBFF00281C
:105E800000D16770BDE8F081FFF7C4FF0128F9D1A8
:105E90006670A07810F0010100F10100A07006D03A
:105EA0000029EFD0A5F8A462A5F87465EAE7A5F883
:105EB000A262A5F87265E5E79A000020D0040020F0
:105EC00070B5104D002400BF04EB440615F8160011
:105ED000FEF708FF05EB46010871CA78824209D136
:105EE0008A78521CD2B28A70322A05D332228A7042
:105EF000487101E000228A70641CE4B2C870022C70
:105F0000E2D370BDA870002030B500200A4B0146D6
:105F10005FF0010500F1090200EB4004401C03F8AA
:105F2000142003EB4402C0B29170D1701171517111
:105F300055700228EED330BDA87000202DE9F04145
:105F400000241B4F264600F037F81A484069012804
:105F50002BD13D1D385D295D814201D02855012698
:105F6000641CE4B2042CF5D3012E1ED100240026BB
:105F70002F5DF8074FF0000002D0FEF7D1FE01E0E0
:105F8000FEF7DCFE7F0801210320FDF7F7F9761C00
:105F9000F6B2082EEDD3641CE4B2042CE7D3BDE8BE
:105FA000F04101210220FDF7E9B9BDE8F0810000D0
:105FB0009D0000204804002010B5FEF779FE4FF444
:105FC0007A71B0FBF1F201FB1200002804D1BDE8A8
:105FD00010400D20FEF798BE10BD10B50020FEF752
:105FE0009FFE0120FEF79CFE0220FEF7A7FE032085
:105FF000FEF7A4FE0420FEF7A1FE0120FEF790FEAE
:1060000000210420FDF7BAF901210220FDF7B6F9BD
:10601000BDE810400120FEF791BE0000FBF7BEFE78
:10602000FDF7B0FEFDF77CFAFDF706FAFDF754FB2D
:10603000FDF7ACFBFDF772FBFDF72EFBFDF7C2FB96
:10604000FDF788FB4FF4807422461A491A48FCF782
:106050000BFF19480068C16841F01001C160224679
:1060600016491748FCF700FF15480068C16841F061
:106070001001C160224613491348FCF7F5FE12488F
:106080000068C16841F01001C160FFF73DFFFFF7F4
:10609000A4FFFFF7E3F801F00BF8FDF7D9FD00F0DE
:1060A000DFFA00F07DFBFAF7F5FAFDF71BFA00F0D6
:1060B0001AF8FEE725050020D8270020F507002064
:1060C0001C280020B002002060280020014600208B
:1060D000842900D0C81C704710B500B9012001F018
:1060E000B9FF002010BD10B501F0DAFF002010BD8F
:1060F0007FB50D4604464169B0F9080081B1A16938
:1061000071B1FFF7E3FFD4E905128DE80700D4E988
:1061100000102B46226902F040F9039004B070BDD4
:10612000FFF7D4FF03A9CDE90001208A2B4682B2F4
:10613000D4E9001002F004F9012801D00020EDE7B5
:106140000398EBE7082809D80A2907D2044B00EB8B
:10615000800003EB001000EB410002857047000057
:10616000707A002030B508280DD80A290BD200EB30
:1061700080050548012400EB051020F8114000EBD4
:1061800041008282038530BD707A0020082809D83A
:106190000A2907D2044B00EB800003EB001000EB50
:1061A0004100828770470000707A00202DE9F0419D
:1061B000184C0F460546E6682068001D01F082FE77
:1061C00038B9206890F82C1001208840216981435B
:1061D0002161681C07D137B12168BDE8F0410E4844
:1061E000091D01F0B3BE20683544B5424560216801
:1061F00005D2A06BBDE8F041091D01F08FBE606BB8
:10620000091D01F08BFEA06A854200D2A562BDE89F
:10621000F08100001C0000200C2D00202DE9F04131
:10622000054601F09FFE2E4CA068401CA06020682F
:106230002C4F10B1606940B32DE02560A0680128A3
:1062400029D1002606EB860007EB800001F058FEFE
:10625000761C072EF6D323488C3001F051FE2148DE
:10626000A03001F04DFE1F48B43001F049FE1D483A
:10627000C83001F045FE1B48DC3001F041FE1948F2
:106280008C3060631430A06305E02068E96AC06A5E
:10629000884200D82560606A401C6062E96A01207B
:1062A000226988401043206101EB810007EB8000E8
:1062B000291D01F04BFE01F075FE606900280CD02D
:1062C0002068E96AC06A884207D207494FF08050C7
:1062D0000860BFF34F8FBFF36F8FBDE8F081000000
:1062E0001C000020302C002004ED00E010B5044616
:1062F00090F8510058B101280CD002280FD050203E
:1063000080F31188BFF34F8FBFF36F8FFEE7206BD1
:1063100001F05CFE2046BDE8104001F057BE10BD04
:1063200010484FF47051420706D0C01D0D4920F0AF
:106330000700411AC1F570510B4A00230144C2E91C
:1063400000030839183A21F0070111604B600B6017
:106350000B1AC0E9001393604FF000405360506186
:1063600070470000202D002070000020144E154CB6
:10637000A6F1C8074FF08058DFF84C9012E000BF3C
:1063800001F0F0FDF068C568281D01F09BFDA068D4
:10639000401EA0606068401E606001F003FE284659
:1063A000FFF7A4FF60680028EAD138680128F9D90E
:1063B000C9F80080BFF34F8FBFF36F8FF2E7000083
:1063C000F82C00201C00002004ED00E02DE9F0472F
:1063D0009A46DDE9098481466FF00303206B03EBE5
:1063E00082021044089E20F00707780707D050204B
:1063F00080F31188BFF34F8FBFF36F8FFEE7002547
:1064000061B1002023180A5C83F834200A5C12B1C1
:10641000401C1028F6D384F8435001E084F834502F
:10642000072E00D30626E662C4E91165201D01F09F
:1064300072FD04F1180001F06EFD2461C6F1070041
:106440006462A061E56484F850505246494638467B
:1064500000F0C0F82060B8F1000F01D0C8F800408B
:10646000BDE8F08730B5114900E011460A68824264
:10647000FBD34B685C18844203D1406818444860E1
:10648000084643681C18944209D1084C183C2468FB
:10649000A24209D052681A4442600A681268026037
:1064A000814200D0086030BD0460F9E77000002030
:1064B0000648416B096829B1416BC968C9684968D8
:1064C000816270474FF0FF31FAE700001C000020A6
:1064D00008484068401C4FF0500080F3118804D0F9
:1064E000BFF34F8FBFF36F8FFEE7BFF34F8FBFF345
:1064F0006F8FFEE7780000202DE9F0410546002768
:1065000001F004FE324E306808B9FFF709FF7069E8
:1065100005424ED1C5B3083568070ED005F0070017
:10652000C0F108000544680707D0502080F31188A7
:10653000BFF34F8FBFF36F8FFEE72DB370688542B7
:1065400037D82348183001460C6801E020460C4635
:106550006168A94202D221680029F7D131688C42D2
:1065600027D007682168016060680837411B10293F
:106570000FD96019420708D0502080F31188BFF36B
:106580004F8FBFF36F8FFEE713E041606560FFF749
:1065900069FF61687068401A7060B268904200D20A
:1065A000B060706901430020C4E90001F068401C3C
:1065B000F06001F083FF780707D0502080F3118846
:1065C000BFF34F8FBFF36F8FFEE73846BDE8F08112
:1065D0005800002010B5031F4FF080741C601B1F73
:1065E00021F001011960191F044B0B6014390A6076
:1065F000091F6FF0020244380A6010BDD164000820
:1066000030B5002210290FD8084B0BE033F81240A8
:1066100000EB4205240A00F8124013F81240521C05
:106620006C70D2B28A42F1D330BD00007077002086
:1066300030B500220C290FD8084B0BE033F812407C
:1066400000EB4205240A00F8124013F81240521CD5
:106650006C70D2B28A42F1D330BD00003078002095
:106660002DE9F047ADF5B16D40F2845529466846F5
:10667000F9F76CFF4FF0000844462A466946404649
:10668000FDF764FFDDF88055002876D14FF4B06146
:106690006846FEF719F8A8427ED1EA4608F0FF00E6
:1066A000FEF7F2FA814604F10A00002687B209F1EA
:1066B000340512E05AF8241002C55AF82400C11714
:1066C00000EBD150314640F34F22761CF6B208F071
:1066D000FF00FFF737FD641CA4B2BC42EAD307F108
:1066E0000A00002486B209F15C050EE05AF8271072
:1066F00002C53AF82700214602B2641CE4B208F051
:10670000FF00FFF743FD7F1CBFB2B742EED306F197
:106710000B0080B209F18401534607E003EB8602C7
:10672000761C92ED000AB6B2A1EC010A8642F5D3BE
:1067300000F10B0189B209F1B00207E003EB80041C
:10674000401C94ED000A80B2A2EC010A8842F5D305
:10675000481C80B209F1DC0208E000BF03EB8104B1
:10676000491C94ED000A89B2A2EC010A8142F5D3DA
:10677000411C8CB209F1E00105E00DE053F8202046
:10678000401C04C180B2A042F8D308F101001FFAF6
:1067900080F8B8F1080F81D30DF5B16DBDE8F08731
:1067A00070B59CB06C216846F9F7D0FE00246C22CD
:1067B00069464FF4C060FDF7C9FE1A9D00287DD1DF
:1067C00068216846FDF780FFA84277D14B4A0098C0
:1067D000694610604A48019A0260029A4260039A30
:1067E00082609DED040A80ED030A059A0261069A13
:1067F000426107225FF00B0351F8225000EB840640
:10680000641C521C92B2E4B2B5619A42F4D301EB1B
:106810008203521C93ED000A92B280ED0A0A51F8ED
:106820002230521C92B2C36251F82230521C92B2F2
:10683000036351F82230521C92B2436351F8223064
:10684000521C92B2836351F82230521C92B2C3633D
:1068500051F82230521C92B2036451F82230521C7B
:1068600092B2436451F82230521C92B2836451F8C0
:106870002230521C92B2C36451F82230521C92B2A0
:10688000036551F82230521C92B2436551F8223010
:10689000521C92B2836551F82240521C92B2C465D8
:1068A00051F822100166082B01DD08218165826DF7
:1068B0001449022A0ED0062A14D000E01CE0082A4F
:1068C0001AD102693120AAB1012A13D0022A13D1A8
:1068D0003E200FE00269402062B1012A0AD0022A5C
:1068E0000AD107E00269302022B1012A02D0022A2F
:1068F00002D13F20A1F8BC021CB070BD14040020DE
:1069000048040020D004002030B50022102917D8F8
:106910000C4B13E053F82240240E00F8224053F8A9
:106920002240250C00EB8204657033F822502D0ABA
:10693000A57013F82250521CE570D2B28A42E9D3F6
:1069400030BD0000B0760020C278072A03D30022B1
:10695000C27001228270C278B1F1807F00EB8202A6
:1069600001D3A1F100715160C178491CC170704719
:10697000F8B5B0F86C120025082901D90020F8BD3F
:10698000384C79B1491E61702278374E00215AB1D6
:10699000012A20D0022A35D0032A4AD021700125AD
:1069A0002846F8BD0821EEE7D0E9A623934202D994
:1069B0009F1A142F04D29342F2D2D21A142AEFD380
:1069C00062780A2302EB820206EB021200914FF476
:1069D0000C5114323FE0D0E9A623934202D99F1A0A
:1069E000142F04D29342DBD2D21A142AD8D362785D
:1069F0000A2302EB820206EB021200914FF41051BF
:106A0000283228E0D0E9A623934202D99F1A142FF6
:106A100004D29342C4D2D21A142AC1D362780A2370
:106A200002EB820206EB021200914FF408513C3255
:106A300011E0D0E9A623934202D99E1A142E04D263
:106A40009342ADD2D21A142AAAD3009100F51B7238
:106A500001234FF4045101F05FF92078401C2070AD
:106A60009EE70000B4040020707A002030B40022B9
:106A7000404D0123404C114680F84D20A8421ED1C4
:106A800004F58875C5604035056140354561403580
:106A900085612035C5612035056220354562403568
:106AA00085622035C56218350563344D45632D1D5B
:106AB00085632D1DC5632D1D05642D1D1CE0304D06
:106AC000C5604035056140354561403585612035FB
:106AD000C0E9075440354562403585622035C562BE
:106AE00018350563254DAD1E45632D1D85632D1D90
:106AF000C5632D1D05642D1D4564A0F8B23280F8D4
:106B00005410056D00F256236B61056D9B1CAB6143
:106B1000056D00F15503EB61056D2B62A0F856126F
:106B200080F858124FF6FF73A0F85A32A0F85C12A2
:106B3000A0F85E12A0F86A125823A0F86C32A0F8F0
:106B40006E12A0F866120F4900EB820551F8223050
:106B5000521CD2B2C5F870320A2AF5D30021FF22A6
:106B600024F81120491CC9B21029F9D3006D816A9B
:106B700030BC0847A0070020B0770020BE040020EA
:106B8000B07600209C8B0008F8B5B0F86C12002598
:106B9000082901D90020F8BD214C59B1491E617165
:106BA0002179204E002339B101291CD02371012500
:106BB0002846F8BD0821F2E7D0E9A6128A4202D998
:106BC000571A142F04D28A42F2D2891A1429EFD309
:106BD0006179009301EB810106EB01120A234FF466
:106BE0000C51143215E0D0E9A6128A4202D9571A84
:106BF000142F04D28A42DBD2891A1429D8D361799E
:106C0000009301EB810106EB01120A234FF41051AE
:106C1000283201F081F82079401C2071C8E700007B
:106C2000B4040020707A0020F8B50446406C1D4E74
:106C30000025B0F90010A6F140022B4629B1012928
:106C400018D0038001252846F8BDD4E9A601814269
:106C500002D90E1A142E04D28142F4D2401A1428FA
:106C6000F1D3009320234FF44051204601F054F813
:106C7000012014E0D4E9A601814202D90A1A142A9B
:106C800004D28142DFD2401A1428DCD300931023AF
:106C900032464FF44451204601F03EF80220616C28
:106CA0000880D0E770770020F8B5B0F86C22002596
:106CB000082A01D90020F8BD204C00214AB1E27019
:106CC000A2781F4E3AB1012A1CD0A1700125284696
:106CD000F8BDE170F4E7D0E9A623934202D99F1AE8
:106CE000142F04D29342F2D2D21A142AEFD3E278AC
:106CF0000A2302EB820206EB021200914FF40C51C0
:106D0000143215E0D0E9A623934202D99F1A142F1A
:106D100004D29342DBD2D21A142AD8D3E27800915B
:106D200002EB820206EB02120A234FF410512832C2
:106D300000F0F2FFA078401CA070C8E7B404002067
:106D4000707A002070B50546B0F86802002401286A
:106D500007D101242846FFF70BFE10B10020A5F84B
:106D60006802204670BD00002DE9F0410F4606463E
:106D700000241B4D2AE02046FEF72EFA286D70B144
:106D80002968A1F5DA426C3A09D1DFED160A60EE06
:106D9000200A00EE100AB8EEC01A80EE810AE86CF4
:106DA000C8B1F2EE040A20EE200A00BFBDEEC00A10
:106DB00007EB840110EE100A46F82400001427F8AF
:106DC000240036F82400641C4880E4B2A86DA04278
:106DD000D1DCBDE8F081F6EE000A30EE200AE5E7EE
:106DE0004804002000007A442DE9F84305460027B6
:106DF0000121FDF77DFB00EB0010A96C102202EBD6
:106E000080028C5E2A6C142606EB8006B2F90030F4
:106E10008E5993FBF4F204FB12324FF0180C36F942
:106E2000126093FBF4F20CEB800C04FB123251F86D
:106E30000CC002EB42020CEB8202DFF858C0DCF817
:106E40004CC0BCF1000F0BD093FBF4F204FB1232E8
:106E50001C2303EB800002EB4202085800EB820285
:106E60004FF000080623B1B22846CDF8008000F0AC
:106E7000EDFE012803D1296C0888401C0880286C8D
:106E8000B0F90010A14202DBA0F8008001273846CB
:106E9000BDE8F88348040020F8B504460026042124
:106EA000FDF726FB00EB0010A16C382202EB8002FC
:106EB0008D5E226C3C2707EB8007B2F90020CF598A
:106EC00092FBF5F305FB132337F813C092FBF5F3A0
:106ED00005FB1322402303EB800002EB420208581B
:106EE000002700EB820206231FFA8CF12046009750
:106EF00000F0ACFE012803D1216C0888401C0880FA
:106F0000206CB0F90010A94201DB07800126304651
:106F1000F8BDF8B5044600260321FDF7E9FA00EBB9
:106F20000010A16C2C2202EB80028D5E226C3027B7
:106F300007EB8007B2F90020CF5992FBF5F305FB70
:106F4000132337F813C092FBF5F305FB1322342308
:106F500003EB800000270858022300EB82021FFA8F
:106F60008CF12046009700F071FE012803D1216CBE
:106F70000888401C0880206CB0F90010A94201DB91
:106F8000078001263046F8BDF8B5044600260221E8
:106F9000FDF7AEFA00EB0010A16C202202EB80029C
:106FA0008D5E226C242707EB8007B2F90020CF59B1
:106FB00092FBF5F305FB132337F813C092FBF5F3AF
:106FC00005FB1322282303EB800002EB4202085842
:106FD000002700EB820206231FFA8CF1204600975F
:106FE00000F034FE012803D1216C0888401C088081
:106FF000206CB0F90010A94201DB07800126304661
:10700000F8BD00002DE9F843002705463946FDF795
:107010006FFA00EB0010A96C2A6C042631F92040AD
:10702000B2F9003006EB800693FBF4F204FB123257
:107030008E594FF0080C0CEB800C36F9126093FB64
:10704000F4F204FB123251F80CC002EB42020CEBDA
:107050008202DFF858C0DCF84CC0BCF1000F0BD046
:1070600093FBF4F204FB12320C2303EB800002EBDF
:107070004202085800EB82024FF000080623B1B22A
:107080002846CDF8008000F0E1FD012803D1296CED
:107090000888401C0880286CB0F90010A14202DB6F
:1070A000A0F8008001273846BDE8F8834804002096
:1070B00010B50448FFF7DAFCBDE810400248FFF7BE
:1070C000D5BC0000D0040020A00700202DE9F04727
:1070D0000024154688468146032A1ED2DFF840A0C8
:1070E0006F1E16E000FB0740C6B221462846FAF79D
:1070F0007FF8BDEEC00A10EE100A49F82600011410
:1071000028F8261008EB860139F82600641C488010
:10711000E4B2DAF85800A042E4DCBDE8F0870000F1
:10712000480400201CB50E4A002352680192ADF8B5
:107130000610D0E9A6128A4202D9541A142C04D29D
:107140008A420AD2891A142907D300210091022306
:1071500001AA842100F0E0FD012318461CBD0000B7
:10716000C48B000870B50546B0F8620200240128FF
:1071700007D101242846FFF707FD10B10020A5F82C
:107180006202204670BD70B50546B0F8600200246A
:10719000012803D0FDF786FD01280DD10124FEF75B
:1071A000B1F800F0D1FC2846FFF73EFD20B10020E9
:1071B000A5F8600200F0BAFA204670BD70B5054629
:1071C000B0F864020024012807D101242846FFF703
:1071D0006BFD10B10020A5F86402204670BD0000D0
:1071E0001CB51249124A002309680191BDF8041028
:1071F00092F84820C9B241EA0221ADF80410D0E962
:10720000A6128A4202D9541A142C04D28A420AD2F3
:10721000891A142907D300210091022301AA82218F
:1072200000F07AFD012318461CBD0000C48B000845
:1072300048040020002301220E2100F0C3BC0000FE
:107240002DE9F041064627480025C06A28B330469C
:1072500000F04EF8244C2548002721784FF0010813
:1072600039B101290DD0022918D003292BD027705C
:1072700003E000F0D5F9012801D001252EE0677068
:1072800028E06178415C304600F0BCF8012825D147
:1072900002202070D6F8980260601FE0827A617840
:1072A000921E4FF496608A4202D009B14FF4617089
:1072B000A060D4E90112D6F89802114488420DD397
:1072C000032020700AE06178491CC9B26170807A9D
:1072D000884202D984F8008000E027702846BDE883
:1072E000F0810000480400207C1F0020F07E002078
:1072F0002DE9F04385B000242A4D03AE4FEA04097E
:1073000005EBC40703A920464237FCF7F1FC002136
:107310000A460846335C17F800C0634509D005EB00
:10732000440C3B54ACF8629005EB040C01238CF840
:107330006A30335CFF2B05D003F1010C0DF801C05E
:10734000491C89B2401C1A44C0B292B20828E1D349
:10735000B2F5FF6F1AD02F1997F86A00012815D1DE
:10736000022913D305EB4400B0F86220521C92B2FC
:10737000A0F86220B2F5FA7F0CD3A0F86290C9B2EF
:10738000684600F073F987F86A9003E005EB440162
:10739000A1F86290641CE4B2042CB1D305B0BDE83E
:1073A000F0830000FC7E002000B5154AA1B000214A
:1073B000136901AAA3B1012B12D0022B17D000BF71
:1073C00022F81110491C09B20829F9DB00228BB2FE
:1073D000009201AA43F6011100F038FC21B000BD73
:1073E00022F81110491C09B21029F9DBEEE701F16E
:1073F000080322F81130491C09B20829F7DBE5E738
:10740000480400207CB51D4A0023126801921C4AE2
:10741000146C651E632D06D8BDF80650EDB245EA22
:107420000424ADF806403F2908D1BDF8064092F883
:107430004420E4B244EA0222ADF806203F22B1FB28
:10744000F2F402FB1411012202EB0121ADF8041049
:10745000D0E9A6128A4202D9541A142C04D28A42C4
:107460000AD2891A142907D300210091022301AA04
:10747000A02100F051FC012318467CBD008C0008BF
:10748000480400202DE9F05F44688046002594F808
:1074900058022F462E46012875D194F85500A9466A
:1074A0005A286ED194F85600A5286AD1B4F856121D
:1074B000062953D394F85700C91E81424ED194F83F
:1074C000581080294AD0812904D0822946D08329A6
:1074D00044D116E094F85A60C01EB0423ED194F8F0
:1074E00059A00BE0E01990F85B200AEB0700C1B24D
:1074F000404600F062F805437F1CBFB2B742F1D3AB
:107500002CE094F85B70001F00EBD070B7EB600FBD
:1075100024D194F859004FF6FF7101EA002094F845
:107520005A2000F47F4010441FFA80FA8B4613E083
:1075300004EB460010F85C1F0BEA0121407801F4CF
:107540007F41084482B20AEB060081B2404600F057
:107550003FF80543761CB6B2BE42E9D3D4F8980290
:1075600041F2883188420CD9E80702D000F020F9B6
:1075700001E0A80705D500F0A9F9D8F8041081F8B2
:10758000B89284F85892BDE8F09F00002DE9F041D0
:1075900000240546042746680AE000BF686907EB37
:1075A000C401415830468847012804D0641CE4B225
:1075B000287CA042F2D8BDE8F081034600205B6839
:1075C000002904D183F85420012183F84D1070471D
:1075D0002DE9F047446800274FF6FF78A4F85A12C7
:1075E00006463D46A4F85E22414513D04FF00409FB
:1075F0000AE000BFF16809EBC5000958204688473A
:1076000001280AD06D1CEDB2307AA842F2D800BF32
:10761000A4F85A823846BDE8F08794F8B872F7E7C4
:1076200011490246002091F87830002B1BD091F8C8
:10763000770000EB400303EBC000084403681360CD
:107640004368536003891381807A907211F8770F31
:107650000622401CB0FBF2F302FB130008704878CE
:10766000401E487001207047FC7E002030B52A4A39
:10767000002392F87840062C4CD207294AD292F87F
:10768000764004EB440505EBC4041444056825600A
:107690004568656005892581807AA07292F87640F8
:1076A0001A2004EB440505EBC4041444605492F81A
:1076B00076403F2004EB440505EBC40414440C441D
:1076C000607092F87640881C04EB440505EBC40416
:1076D0001444A0721148006E01280FD1491C0BE020
:1076E00092F8760000EB400404EBC0008418E05CE4
:1076F0001E30E0545B1CDBB28B42F1D312F8760FE4
:107700000621401CB0FBF1F301FB130010709078D0
:10771000401C907030BD0000FC7E0020480400201A
:10772000014981F862037047AC000020014981F8EB
:1077300061037047AC000020014981F86003704785
:10774000AC00002008280BD20A2909D200EB8003E4
:10775000C3EB8010034B03EB800000EB8100C2659C
:107760007047000048690020104810B54168D1F802
:107770009822521CC1F89822C069D0F89812491C6E
:10778000C0F898120948FFF77DFE084818300446F3
:10779000FFF778FE0548FFF7F9FE2046FFF7F6FEF3
:1077A000BDE81040A520FFF7BBBF0000700A002015
:1077B0002DE9F041434E00273D464FF4B078F8B232
:1077C000FDF762FA05F10A0189B200F1340243467D
:1077D00006E09D4202D210CA46F825406D1CADB2AB
:1077E0008D42F6D301F10A0292B200F15C0406E088
:1077F000994202D220CC46F82150491C89B29142CC
:10780000F6D302F10B0189B200F1840409E09A4237
:1078100005D2B4EC010A06EB820585ED000A521C84
:1078200092B28A42F3D301F10B0292B200F1B0049A
:1078300009E0994205D2B4EC010A06EB810585ED19
:10784000000A491C89B29142F3D3511C8CB200F159
:10785000DC0109E09A4205D2B1EC010A06EB82058F
:1078600085ED000A521C92B2A242F3D3611C8DB284
:10787000E03006E09C4202D202C846F82410641CA4
:10788000A4B2AC42F6D37F1CBFB2082F97D3A1009D
:107890003046FCF719FF46F82400641CA0B2B0F58E
:1078A000B17F0DD24FF6FF7101EA80023146002010
:1078B000FCF79CFE002803D103490888401C08807F
:1078C000BDE8F081C07000204404002070B59C4BDE
:1078D0009A4C0021586B401C58639A48012220C8DA
:1078E00044F82150491C89B29142F8D3501C944964
:1078F00004E020C944F82250521C92B28242F8D3CC
:107900000146401C1B1D04E004CB44F82120491C07
:1079100089B28142F8D30146894A401C083204E00A
:1079200008CA44F82130491C89B28142F8D3014683
:10793000834A401C0C3207E0B2EC010A04EB8103DD
:10794000491C89B283ED000A8142F5D301467C4A85
:10795000401C103204E008CA44F82130491C89B2A6
:107960008142F8D30146764A401C143204E008CA2A
:1079700044F82130491C89B28142F8D30146704A4B
:10798000001D183204E008CA44F82130491C89B2AD
:107990008142F8D301466A4A401C283208E000BF01
:1079A000B2EC010A04EB8103491C89B283ED000AA1
:1079B0008142F5D30146624A401C2C3204E008CAD9
:1079C00044F82130491C89B28142F8D301465C4A0F
:1079D000401C303204E008CA44F82130491C89B206
:1079E0008142F8D30146564A401C343204E008CAAA
:1079F00044F82130491C89B28142F8D30146504AEB
:107A0000401C383204E008CA44F82130491C89B2CD
:107A10008142F8D301464A4A401C3C3204E008CA7D
:107A200044F82130491C89B28142F8D30146444AC6
:107A3000401C403204E008CA44F82130491C89B295
:107A40008142F8D301463E4A401C443204E008CA51
:107A500044F82130491C89B28142F8D3411C384A8C
:107A600089B2483204E008CA44F82030401C80B291
:107A70008842F8D3481C324A80B24C3204E008CA2B
:107A800044F82130491C89B28142F8D3411C2C4A68
:107A900089B2503204E008CA44F82030401C80B259
:107AA0008842F8D3481C82B22548543004E008C804
:107AB00044F82130491C89B29142F8D3501C204926
:107AC00080B2583104E008C944F82230521C92B206
:107AD0008242F8D3411C8DB219495C3104E004C9DB
:107AE00044F82020401C80B2A842F8D3681C81B220
:107AF0001348603004E004C844F825206D1CADB282
:107B00008D42F8D32046A900FCF7DEFD44F825009D
:107B10006D1CA8B21B280FD84FF6FF7101EA800236
:107B200021464FF4C060FCF761FD002804D10448F1
:107B3000001F4188491C418070BD00004476002030
:107B400048040020140400202DE9F04F1B4C0020B5
:107B500004F180029FED1A0A01464FF6FF75A2F16B
:107B6000400602F14008FF2302F1600902F180079C
:107B700002F1A00A02F5987B02F5B87E44F82010C5
:107B800002EB800C22F82010ACF8021046F82050CE
:107B900028F8101029F810300AEB800C27F8103064
:107BA0008CED000A0BEB800C8CED000A2EF8101007
:107BB000401CC0B21028E1D3BDE8F08FB0760020A1
:107BC0000000000070B50446D4E9A605854202D93C
:107BD0002E1A142E04D285422BD2401B142828D3EF
:107BE0004FF6FF70814224D288184FF6FE75401E72
:107BF000A8421ED25A2084F85501A52084F85601C7
:107C0000042084F85701832084F85801080A84F876
:107C1000590184F85A1184F85B21012B0AD00722FC
:107C2000206D04F25511436B9847D4F89802C4F8BC
:107C30009C0270BD042104F5AC70FCF745FD010AFF
:107C400084F85C1184F85D010922E9E72DE9F0412F
:107C500004461D46D4E9A6364FF0000C069F604648
:107C60009E4204D9A6EB030EBEF1140F04D29E422D
:107C700040D29B1B142B3DD34FF6FF73994239D250
:107C80004B194FF6FE765B1EB34233D25A2384F86B
:107C90005531A52384F85631032303EB450384F8BB
:107CA0005731822684F858610E0A84F8596184F8A5
:107CB0005A110BE032F8101004EB40064FEA112C79
:107CC00086F85BC1401C86F85C1180B2A842F1D3F3
:107CD000012F12D05FF0060000EB450082B2206D4C
:107CE00004F25511436B9847D4F898024FF0010CF9
:107CF000C4F89C026046BDE8F081194604F5AC70FA
:107D0000FCF7E2FC04EB4501020A81F85B2181F8F3
:107D10005C010820E0E700002DE9F04104461D4623
:107D2000D4E9A6360020069F9E4204D9A6EB030C98
:107D3000BCF1140F04D29E423ED29B1B142B3BD3AA
:107D40004FF6FF73994237D24B194FF6FE765B1E02
:107D5000B34231D25A2384F85531A52384F85631E1
:107D6000032303EB450384F85731822684F85861D6
:107D70000E0A84F8596184F85A110BE032F8021B9C
:107D800004EB40064FEA112C86F85BC1401C86F8D4
:107D90005C1180B2A842F1D3012F0FD05FF0060032
:107DA00000EB450082B2206D04F25511436B9847F9
:107DB000D4F89802C4F89C02BDE8F081194604F595
:107DC000AC70FCF781FC04EB4501020A81F85B21F1
:107DD00081F85C010820E3E730B5082866D20A295B
:107DE00064D200EB8002C2EB8010354A02EB8002C5
:107DF00002EB8100536A436301235418002984F87D
:107E0000283053D094F82740012C06D1D0E90C45F6
:107E1000A54200DD0023C2F8E030D0E916431C1B68
:107E200000EE104AD0E90C54F8EEC00A651B00EED3
:107E3000105A0929B8EEC01A80EE810A00EE903A75
:107E400001EE104AF8EEE00AB8EEC11A80ED210A00
:107E500040EE410AC0ED2C0A1CD2046EE31A00EE7B
:107E6000103AD0E90D53F8EEC00A5D1B00EE105A2F
:107E7000B8EEC01A80EE810A00EE904A01EE103A88
:107E8000F8EEE00AB8EEC11A80ED220A40EE410A8F
:107E9000C0ED2D0A01290AD0092907D192ED2A0A3D
:107EA00082ED2B0A92ED350A82ED360A30BD92ED55
:107EB000220A82ED210A92ED2D0A82ED2C0A30BDB4
:107EC00048690020D0E9013201699A60D0E90123B4
:107ED0005A604A68824201D182684A600022026187
:107EE0000868401E0860086870470000034B036084
:107EF00003F154000860802010607047B02000201B
:107F000000F108014FF0FF32C0E90112C1600161C8
:107F100000210160704700210161704730B50B6896
:107F20005A1C02D000F1080202E0026904E0224675
:107F3000546825689D42FAD953684B6099608A60FD
:107F4000516008610168491C016030BD42684A60A7
:107F500093688B6093685960916008610168491C5F
:107F600001607047502080F31188BFF34F8FBFF33B
:107F70006F8F0A494868401C486001280CD10848A6
:107F8000006810F0FF0F07D0502080F31188BFF376
:107F90004F8FBFF36F8FFEE770470000780000201F
:107FA00004ED00E00849486828B1401E486001D14E
:107FB00080F311887047502080F31188BFF34F8FF2
:107FC000BFF36F8FFEE700007800002070B5002837
:107FD0002AD0164DA0F1080460686969084207D1EB
:107FE000502080F31188BFF34F8FBFF36F8FFEE7F0
:107FF00022683AB1502080F31188BFF34F8FBFF34E
:108000006F8FFEE78843606000F080F86068696801
:10801000084468602046FEF725FA2869401C28615C
:10802000BDE8704000F04ABA70BD00005800002062
:108030004FF0E02000210161816105494FF47A721F
:108040000968B1FBF2F1491E4161072101617047E6
:108050001800002010B5020014D00F48006B38B192
:10806000502080F31188BFF34F8FBFF36F8FFEE76F
:1080700000F04CF800211046FEF798F800F01EFAC8
:10808000002807D105494FF080500860BFF34F8F9B
:10809000BFF36F8F10BD00001C00002004ED00E056
:1080A00010B586B00024039405AA04A903A804947B
:1080B000FFF71CFFDDE903010094CDE90110002367
:1080C0000EA11048059A00F068F90F490028C8620F
:1080D00011D0502080F31188BFF34F8FBFF36F8F03
:1080E0004FF0FF30886201204861CC6006B0BDE8E7
:1080F000104000F0ABB806B010BD000049444C453C
:10810000000000006D6300081C0000200248016BA5
:10811000491C0163704700001C0000201448016BDB
:1081200011B10121C16170470021C1610169B1FA3A
:1081300081F1C1F11F0101EB81020E4951F822309A
:108140006BB101EB820101F108034A6852684A6091
:108150009A4201D152684A60D1680160704750204C
:1081600080F31188BFF34F8FBFF36F8FFEE70000DE
:108170001C000020302C002070B50022102916D8D9
:1081800000250B4B11E000BF23F8125010F81240ED
:1081900000EB4206240204F47F4423F81240767870
:1081A000344423F81240521CD2B28A42ECD370BD40
:1081B0007077002070B500220C2916D800250B4BD3
:1081C00011E000BF23F8125010F8124000EB4206F5
:1081D000240204F47F4423F812407678344423F8D0
:1081E0001240521CD2B28A42ECD370BD30780020CB
:1081F00070B50022102921D970BD124B002400EB6C
:10820000820543F8224010F82240240204F47F44FF
:1082100043F822406E7834440B4E06EA042443F8B7
:108220002240AE783444240224F0FF0443F8224074
:10823000ED782C4443F82240521CD2B28A42DCD35F
:1082400070BD0000B076002000FFFF001CB537486D
:108250000168374A914207D1502080F31188BFF35B
:108260004F8FBFF36F8FFEE700683149491E884288
:1082700007D1502080F31188BFF34F8FBFF36F8F6A
:10828000FEE72C4908780190FF20087008788DF8E7
:1082900000009DF800009DF8002000F0F0009042E2
:1082A00007D0502080F31188BFF34F8FBFF36F8F3B
:1082B000FEE79DF80000204C00F0500020700720E1
:1082C000A06005E09DF8002052008DF80020401EBF
:1082D0009DF800201206F5D4A060032807D0502096
:1082E00080F31188BFF34F8FBFF36F8FFEE74FF41A
:1082F0004070A060019808700C482030016841F47B
:1083000070010160016841F070410160FFF790FE6B
:1083100000206060F7F7D0FF0848016841F0404155
:108320000160F7F7B5FF00201CBD000000ED00E084
:1083300071C20F4100E400E07800002034EF00E05B
:108340002DE9FF5F8346DDE90E87994616468A468A
:108350009000FEF7D1F805001CD05420FEF7CCF8B1
:10836000040014D00020256384F85100CDE90240B8
:10837000CDE900874B46324651465846FEF726F86F
:108380002046FDF74BFF012004B0BDE8F09F2846D2
:10839000FFF71CFE4FF0FF30F6E7F0B585B0DDE9E2
:1083A0000B640A9DA6B1DCB1542700972663022610
:1083B00084F85160002604AFCDE90246CDE90057AC
:1083C000FEF704F82046FDF729FF049805B0F0BD3C
:1083D000502080F31188BFF34F8FBFF36F8FFEE7FC
:1083E000502080F31188BFF34F8FBFF36F8FFEE7EC
:1083F0002DE9F0412F4C0026206B28B1A069401CCC
:10840000A0613046BDE8F081E5686D1CE56013D1E0
:10841000606B006838B1502080F31188BFF34F8F34
:10842000BFF36F8FFEE7606BA16B6163A063206A8F
:10843000401C2062FEF73CF8A06ADFF87C80854291
:1084400009D3606B0068A0B1606BC068C7687868CA
:10845000854211D2A0622068C06A00EB800158F802
:108460002100012800D90126E0690028C9D0012691
:10847000C7E74FF0FF30EDE7381DFFF723FDB86A7F
:1084800018B107F11800FFF71DFDF96A01202269F4
:1084900088401043206101EB810108EB8100391D08
:1084A000FFF754FDF86A2168C96A8842C9D30126DA
:1084B000C7E700001C000020302C00202DE9F04709
:1084C0002C4D00242746286B38B1FFF74BFD286B55
:1084D000401E2863286B40B146E0502080F311888D
:1084E000BFF34F8FBFF36F8FFEE7A968224E0120C5
:1084F000D1B3A6F1B40980463068E8B1F068C46829
:1085000004F11800FFF7DEFC201DFFF7DBFCE06A3A
:108510002A6908FA00F11143296100EB800109EB97
:108520008100211DFFF712FDE06A2968C96A8842AF
:10853000E2D3C5F81C80DFE70CB1FDF7B9FFAC69E9
:1085400044B14646FFF754FF00B1EE61641EF9D115
:108550000020A861E86938B1084901273807086098
:10856000BFF34F8FBFF36F8FFFF71CFD3846BDE899
:10857000F08700001C000020E42C002004ED00E047
:1085800021F00042A2F16052B2F5801F01F00043D9
:1085900028BFD2F17F6C0BD95FEA001C43EAC2020C
:1085A00042EB507018BF704728BF20F001007047A1
:1085B000B2F5801FBCBF184670474FEA410C1CF54E
:1085C000001F02D2084600F0B8B970B500F026F9D5
:1085D00000000089FFF7F6BF4FF00040A0F58000D3
:1085E0007047491058BFC1F140415B1058BFC3F1FB
:1085F00040438B42EFF30080704710F0004248BFC9
:108600004042B0FA80F310FA03F10AD0C3F11D031F
:1086100003F580634FEA415002EB035202EBD12194
:1086200070474FF000007047B0FA80F310FA03F182
:108630000AD0C3F11D0303F580634FEA41504FEAAE
:10864000035202EBD12170474FF000007047000049
:1086500051EA030C17D41CF5801F58BFBCF5801FCE
:1086600000F10680994218BF704708BF90427047DA
:1086700007D711F5801F58BF13F5801F19D49942F1
:108680007047894270471CF5801F08D5BCF5801FD4
:10869000F7D58B4218BF704708BF824270474FF42E
:1086A000001C1CEB410F38BF1CEB430F01D28B4267
:1086B000704770B500F0B2F8922449004FF00051B5
:1086C0004FF08053FFF78DBFDFF848C170B51CEA4B
:1086D000111E1EBF1CEA13159EEA0C0F95EA0C0F23
:1086E00000F06F8081EA030423EA4C134EEAD47E43
:1086F00021EA4C1141F4801143F48013AE44A1FBF4
:10870000024CA0FB0365AEF17F7E361955EB0C05DC
:10871000A1FB034C4CF10003A0FB021C16EB0C0662
:10872000654153F10003094218BF46F0010613F4F6
:10873000007F0BD14FEA03314FEA0530340341EAA1
:10874000155140EA16506FF003020AE04FEAC321C8
:108750004FEAC520F40241EA555140EA56506FF005
:10876000020202EB2E4201EB025585EACE710AD0DD
:108770005FEA440C18BF24F0004450F1000041F1BE
:10878000000120EAD47040F2FE7C624500D270BD48
:10879000A84214BF4FF080444FF04044002E08BF61
:1087A0000024BEF1806FA8BFA1F1C041BDE87040B8
:1087B00080F282804FF0000001F1C04101F00041E1
:1087C00070479EEA0C0F0CEA131518BF95EA0C0FC0
:1087D00006D04FF0000081EA030E0EF0004170BD9C
:1087E00000F01CF88900013E00F007B800F009B85D
:1087F0004FEA430C5FEA5C5C08D081EA030100F0B9
:108800005BB84FEA410C5FEA5C5CF6D14FF00000C8
:10881000014970470000FF070000F87F0EF1020ECB
:108820002EF0030E5EF8046B364205D4012A43EBAA
:10883000030515F5001F12D8012841EB010C1CF5AA
:10884000001F0CD80ED14FEAD17C15F5001F0CEBA0
:108850004C0C0CF1020C08BF4CEBD37C04E04FF045
:10886000080C01E04FEAD37C0CEB4C0526FA05F628
:1088700006F00706B6F1040C06D20EEB860CBDE836
:1088800070404CF0010C6047DFE80CF0090B02026D
:108890004FF000414FF00000A1F5002170BD1946D6
:1088A0001046012851EB010418BFD4F5001484BF11
:1088B000002001F0004170BD0808A0F500114FEA4A
:1088C0003101704753EA010C17D41CF5801F58BFC3
:1088D000BCF5801F00F106808B4218BF704708BFAF
:1088E0008242704707D713F5801F58BF11F5801FCC
:1088F00019D48B4270479B4270471CF5801F08D5E6
:10890000BCF5801FF7D5994218BF704708BF904249
:1089100070474FF4001C1CEB430F38BF1CEB410F9A
:1089200001D2994270470FB40CBC03BCFFF7C1BE23
:108930004FF04070E1EE100A7047FF2141EAD0503D
:10894000C0057047048C0008453D00080000000089
:108950000000000080000000000000000000000097
:10896000108C00084D3D0008FDFF000000000000D5
:1089700000040000000000000000000000061016C7
:1089800000061016000000000000000001020304B1
:1089900006070809000000000102030400C181402D
:1089A00001C0804101C0804100C1814001C08041BF
:1089B00000C1814000C1814001C0804101C08041AF
:1089C00000C1814000C1814001C0804100C181409F
:1089D00001C0804101C0804100C1814001C080418F
:1089E00000C1814000C1814001C0804100C181407F
:1089F00001C0804101C0804100C1814000C181406F
:108A000001C0804101C0804100C1814001C080415E
:108A100000C1814000C1814001C0804101C080414E
:108A200000C1814000C1814001C0804100C181403E
:108A300001C0804101C0804100C1814000C181402E
:108A400001C0804101C0804100C1814001C080411E
:108A500000C1814000C1814001C0804100C181400E
:108A600001C0804101C0804100C1814001C08041FE
:108A700000C1814000C1814001C0804101C08041EE
:108A800000C1814000C1814001C0804100C18140DE
:108A900001C0804101C0804100C1814000C0C101CE
:108AA000C30302C2C60607C705C5C404CC0C0DCD5E
:108AB0000FCFCE0E0ACACB0BC90908C8D81819D9CE
:108AC0001BDBDA1A1EDEDF1FDD1D1CDC14D4D515FE
:108AD000D71716D6D21213D311D1D010F03031F1EE
:108AE00033F3F23236F6F737F53534F43CFCFD3D1E
:108AF000FF3F3EFEFA3A3BFB39F9F83828E8E9290E
:108B0000EB2B2AEAEE2E2FEF2DEDEC2CE42425E5BD
:108B100027E7E62622E2E323E12120E0A06061A12D
:108B200063A3A26266A6A767A56564A46CACAD6DDD
:108B3000AF6F6EAEAA6A6BAB69A9A86878B8B9794D
:108B4000BB7B7ABABE7E7FBF7DBDBC7CB47475B57D
:108B500077B7B67672B2B373B17170B0509091516D
:108B60009353529296565797559594549C5C5D9D9D
:108B70005F9F9E5E5A9A9B5B99595898884849898D
:108B80004B8B8A4A4E8E8F4F8D4D4C8C448485453D
:108B9000874746868242438341818040000000002F
:108BA0003200000064000000C8000000F401000072
:108BB000E8030000D0070000B80B0000A00F000081
:108BC00088130000236460EA015A35000010002079
:108BD0000008008000400400080010002000400051
:108BE00000200100040000802000000401000200B9
:108BF00004000800100080000100020008001000BE
:108C00000131006464656661756C745461736B0056
:108C10006170705461736B314D7300003C8C0008BF
:108C200000000020B0200000C401000848970008A0
:108C3000B0200020286700002802000892000112DE
:108C4000010462100D00045E24F4000112AA010167
:108C50002A300006FF080B0020000101FF0101FF80
:108C6000010162011ECD6A031006ACF7FF1FE80484
:108C70005006107AFF1FAC08300820F4F01F500097
:108C8000F80443907510ADD403338813076E405039
:108C900004FE02F603A3A040301E646B04921E047F
:108CA0005E327F045F1A04F4030575002F2C196CE3
:108CB000040C04FF010048740401FF015D1203EB82
:108CC000FFFFCA0E4A580D07100B803600310035E1
:108CD0000038003408024F31BE2BE814D00804FFDE
:108CE000020088D001FF010967D00A1501D01C06D7
:108CF000D00400200F2C061006841A0020118A12BE
:108D0000FC082D7C0A2C05A0070020300610063C2C
:108D10001600200590124C080005230010024004A4
:108D2000920804120C1052041C02150C04613852F3
:108D300000047F0505680A0E160215061D1D0B109E
:108D400006594D00085F0412610412650C125D049F
:108D5000125B04033C010640023D02402C06042342
:108D60000020A047044C067D0020407D280B6E6447
:108D7000D80B00FF009011902190319041905190BC
:108D80006190719081909190A190B190C190D1909B
:108D9000E190F19001911191219131914191519185
:108DA0006191719181919191A191B191C191D19173
:108DB000E191F1910192119221923192419251925D
:108DC0006192719281929192A192B192C192D1924B
:108DD000E192F19201931193219331934193519335
:108DE0006193719381939193A193B193C193D19323
:108DF000E193F19301B011B0019411942194319455
:108E0000419451946194719481949194A194B194FA
:108E1000C194D194E194F1940195119521953195E6
:108E2000419551956195719581959195A195B195D2
:108E3000C195D195E195F1950196119621963196BE
:108E4000419651966196719681969196A196B196AA
:108E5000C196D196E196F196019711972197319796
:108E6000419751976197719781979197A197B19782
:108E7000C197D100FF0097E197F19701B111B101BE
:108E800098119821983198419851986198719881DA
:108E9000989198A198B198C198D198E198F19801CA
:108EA00099119921993199419951996199719981B2
:108EB000999199A199B199C199D199E199F19901A2
:108EC0009A119A219A319A419A519A619A719A818A
:108ED0009A919AA19AB19AC19AD19AE19AF19A017A
:108EE0009B119B219B319B419B519B619B719B8162
:108EF0009B919BA19BB19BC19BD19BE19BF19B0152
:108F0000B211B2019C119C219C319C419C519C61ED
:108F10009C719C819C919CA19CB19CC19CD19CE129
:108F20009CF19C01A011A021A031A041A051A06101
:108F3000A071A081A091A0A1A0B1A0C1A0D1A0E1E9
:108F4000A0F1A001A111A1019E119E219E319E417F
:108F50009E519E619E719E819E919EA19EB19EC1D9
:108F60009ED19EE19EF19E019F119F219F319F41C5
:108F70009F519F612C1E9F719F819F919FA19FB1C7
:108F80009FC19FD19FE19FF19F01B311B33000B703
:108F9000007464270360070100300077010C8381AF
:108FA00001188381011883D2021883D202308322F0
:108FB00004488322044810042E00C51822283C606F
:108FC00006012E0085010C837F0118837F01188321
:108FD000D0021883D0023083210448832104181C56
:108FE000040F00282B0412227810040000960C4372
:108FF0001F040C40075401280210F80C90040F00C5
:109000008C24928C24728C24830D0248838A02481B
:1090100083480348830D0248838A024883480348F3
:10902000321490321C6C329B90410C324A903118B1
:10903000330114906124928C24728C248312024890
:1090400083940248833E0348831202488394024873
:10905000833E03481C04A0008B460B100412000240
:109060006C6005A0004B010C83F1011883F101181D
:109070008342033083420330839304488393043054
:10908000100410007E04141E3E0161017E00610187
:109090003E01B2027E00B2023E0103047E000304E0
:1090A0003E011300E7B83A201860051300B9010C1F
:1090B00092BB1892BB188363011883630118830B5A
:1090C0000248830B024892C51892C518836D03604D
:1090D000836D0360831504608315044892BD189264
:1090E000BD1810041300D2783A167860051300C337
:1090F000010C92BB1892BB1883630118836301189B
:10910000830B0248830B024892C51892C518836DE1
:109110000360836D0360831504608315044892BD6A
:109120001892BD1818042D003D48361AE812AF0CED
:1091300052FF0C180459013D6C3A1A5490042D004A
:109140007E24927E24927E2492BF2492BF2472BFFA
:1091500048832B026C83AD026C8348036C832B0223
:109160006C83AD026C8348036C832B026C83AD026D
:109170006C8348036C0116D81004540144903A14CF
:10918000FC0116D89004540185240114D8700454AD
:1091900001C6480118D8816C0118D8816C0118D813
:1091A000816C18063E00730094282D800360053EF4
:1091B0000064010C92E61892E618838E0118838EE3
:1091C0000118833602488336024892F11892F1184A
:1091D0008399036083990360834104608341044859
:1091E00092E91892E91810040B005F041004500172
:1091F000B30812B30810125B015F005B015001035A
:10920000025F0003025001BD0812BD081012650381
:109210005F00650350010D045F000D045001B508A7
:1092200012B50845004D880A45004D08100004138A
:1092300019052C1801183002131E181E06040D1EE5
:10924000E44014100AF80D0020580E00200C1410F1
:1092500006040C0020B80C2005480F002020122422
:109260001052D80C12441C4F3810980A126428432C
:10927000881418013E442DD010C3680C44928844D1
:10928000212052A844210C92C84412E8B043A014F3
:1092900034D2EC44830C0D442154432C0D44216002
:1092A000124CF44F4814640B226C2811442DE8151D
:1092B000227084115C1C061811002012800B229071
:1092C00034110C43B0122012B4541DD011310C9241
:1092D000D44412F45C3ED0500E19281E48A3111D30
:1092E00016064F0948AB1143354C10225D1819780A
:1092F00013FD4B0810060300008771081DD41112DE
:109300005920ED0C0A0D16FC09EDF409EDE4092DC8
:10931000D4091C0456006080083E3C38066005569F
:109320000049010C83DC011883DC011883620318F7
:109330008362033083E8043083E804307C04560001
:1093400077B008116C7DB00883DC0118116C7DE0EA
:109350000883620318116C713083E80430116C7D4E
:10936000C8082C040E0661EE123D800812630C52F0
:10937000FF0C12EA0C6D600590040E06A72492A75C
:109380002492A72492E82492E82492E848832F01AB
:109390006C832F016C832F016C0114906C05E50622
:1093A000670018050116909004E506AD240114909D
:1093B0009004E506EE480114906C05E506350118A9
:1093C000051E8C5A094D00085C0600008C0006182A
:1093D000081DCE0882021883120218839803308376
:1093E000980318831E0548831E05483C041007197E
:1093F000180531181DC6091C061E000401A4AA097F
:109400001006A40104012A4C2C0D2A030401B00407
:109410001400B00404019C0E1F881F800310052057
:109420000020240419D71300A810123C104F60200C
:10943000BC0E12C81052840C12E80C4FA820440431
:109440001208244F9C2044041F941B7403121C34E4
:1094500011042E096803111012A8104F141D640482
:1094600012D41052800C12F41C4FD41D8804121414
:10947000344FC81D24041E74240F12C0044F20173B
:10948000440412841012800C4F10184404129C20C3
:1094900052A00C12AC284F0C1944042EBC540F5E81
:1094A000194404821D883D4404821E883D440411F1
:1094B0001043701EB4834C1E88126C0C4FB81EA053
:1094C00004C3C41E88C3D41E8812EC4443101F0C6E
:1094D00083FC1E88160C281670206D55134F8F576D
:1094E00038044F415738044F0D5638044F0F553844
:1094F000042231081D15102253081519139553081D
:1095000020050700005508115D227518154D22AD84
:109510000820050A0000D50810060B000085540835
:1095200011ED22CB28120D2021604C060E00006B9D
:1095300057B0044FBD5DB00452C9784F715DB0049F
:109540004F255DB004434B5D78438D5C7843975D58
:109550007843FF5C7843B35C7843D95C78433958EF
:109560007843456D7843BD7178436571783D080552
:109570001DFD10225D301DD00F43E15D886E501C33
:10958000110E8107B00F1D58052DC8076D40059EAF
:10959000B358058392021883920218837904189EA7
:1095A0007940059EB340059EB3400583920218831F
:1095B0009202189E792805BE7928059E7074049E33
:1095C0007004059E7004059EC974049EC904059E1E
:1095D000C904059E2374049E2304057E230405020A
:1095E00015136C7C04E50676E0040215136C9004F8
:1095F000E506D12401146C7C04E5062BE0049EEB07
:10960000E0049EEBE0049ED0E0049ED0E0042D8CAC
:1096100004810CADC8047E1EC804127D541E7DC892
:10962000041E62240510066202040142341E42C078
:10963000040D8200111EF866054F74649C066005D7
:10964000F8000E010C83DF02187004DB020C181EF8
:10965000BC240F810C81189E0AB805FD4411EC183A
:109660009D119D219D319D419D519D619D719D81CA
:109670009D919DA19DB19D28110D121811839800F7
:109680007083980088831C0218921CA083A203A0F8
:1096900083A203188328054803142805B86D341BDA
:1096A0001E84E8040D22F8112C5D21A131A141A1F5
:1096B00051A161A171A181A191A1A1A1B1A1C1A15A
:1096C000D1A1E1A1F1A101A211A221A231A241A245
:1096D00051A261A271A281A291A2A1A2B1A2C1A232
:1096E000D1A2E1A2F1A201A311A321A331A341A31D
:1096F00051A361A371A381A391A3A1A3B1A3C1A30A
:10970000D1A3E1A3F1A34C097C041D01F7CC118383
:1097100015040C73EC000C800401E5030C0D2270A1
:10972000030D2228031C0440013CC4093E30E8100C
:109730008338040C780410072DD400090042002857
:08974000003B032800000000BB
:040000050800018965
:00000001FF
