:020000040800F2
:10000000D887002031030008293A0008472D00084E
:1000100099350008BD0E000881410008000000006D
:100020000000000000000000000000007102000855
:10003000C50F000800000000CD020008313B000899
:100040004B0300084B0300084B0300084B03000858
:100050004B0300084B0300084B0300084B03000848
:100060004B0300084B0300084B0300084B03000838
:10007000C10E00084B030008CD0E00084B0300081A
:10008000D90E0008E50E00084B0300084B030008DA
:100090004B0300084B0300084B0300084B03000808
:1000A0004B0300084B0300084B0300084B030008F8
:1000B0004B0300084B0300084B0300084B030008E8
:1000C0004B0300084B0300084B0300084B030008D8
:1000D0004B0300082D410008454100085D41000820
:1000E0004B0300084B0300084B0300084B030008B8
:1000F0004B0300084B0300084B0300084B030008A8
:100100004B0300084B0300084B0300084B03000897
:100110004B0300084B030008053C00084B03000894
:100120004B030008F10E0008FD0E00084B03000809
:100130004B0300084B0300084B0300084B03000867
:100140004B0300084B0300084B0300084B03000857
:100150004B030008090F0008150F0008754100083F
:100160004B0300084B0300084B0300084B03000837
:100170004B0300084B0300084B030008000000007D
:100180004B0300084B03000800F002F800F060F891
:100190000AA090E8000C82448344AAF10107DA45E2
:1001A00001D100F055F8AFF2090EBAE80F0013F0D4
:1001B000010F18BFFB1A43F0010318472088000005
:1001C0004088000010F8013B0A4413F0030408BF04
:1001D00010F8014B1D1108BF10F8015B641E05D01B
:1001E00010F8016B641E01F8016BF9D1002D15D0D8
:1001F00010F8014B03F00C030C2BA1EB04040ABF15
:1002000010F8013BA4EB8314A4EB032405F10103D4
:1002100014F8016B5B1E01F8016BF9D5914238BFF0
:1002200010F8013BD1D3704700230024002500269D
:10023000103A28BF78C1FBD8520728BF30C148BF49
:100240000B6070471FB508F053FA1FBD10B510BD05
:1002500000F0A6F91146FFF7F5FF05F0BFFD00F02D
:10026000C4F903B4FFF7F2FF03BC00F0CBF90000C0
:100270002C4B19680868B0E8F04F80F30988BFF389
:100280006F8F4FF0000080F311887047000000006E
:1002900008480068006880F308884FF0000080F389
:1002A000148862B661B6BFF34F8FBFF36F8F00DF64
:1002B00000BF00BF08ED00E0DFF80C00016841F46A
:1002C00070010160704700BF88ED00E0EFF3098026
:1002D000BFF36F8F134B1A681EF0100F08BF20ED8D
:1002E000108A20E9F04F106009B44FF0500080F3FD
:1002F0001188BFF34F8FBFF36F8F07F0EFFD4FF003
:10030000000080F3118809BC19680868B0E8F04F54
:100310001EF0100F08BFB0EC108A80F30988BFF3FD
:100320006F8F70471C000020EFF3058070470000BE
:100330000948804709480047FEE7FEE7FEE7FEE779
:10034000FEE7FEE7FEE7FEE7FEE7FEE704480549B5
:10035000054A064B70470000F53B0008890100087C
:10036000D87F0020D8870020D8830020D8830020A1
:1003700053EA020C00F069802DE9F04B4FF00006C3
:10038000002B1FBFB3FA83F503FA05F424FA05F630
:100390005E4012BF1643B2FA82F502FA05F4C5F1C7
:1003A00020051EBF22FA05FC44EA0C04203556EA5B
:1003B000044C4FEA144418BF641C4FF000084FF07F
:1003C0000009904271EB030C39D3002919BFB1FA2F
:1003D00081F701FA07F6B0FA80F700FA07F6C7F1DD
:1003E00020071EBF20FA07FC46EA0C062037B6FBA2
:1003F000F4FCA7EB0507103F07F01F0BCBF120061D
:100400000CFA0BFB2CFA06F644BFB3460026202F4D
:10041000A4BF5E464FF0000B5BEA060C08BF4FF02E
:10042000010B19EB0B09ABFB027C48EB0608C01B68
:1004300006FB02CC0BFB03CC71EB0C01C1E70B46B6
:10044000024641464846BDE8F08B13B54FF0000028
:100450004FF00001AFF30080BDE81C407047032A55
:1004600040F2308010F0030C00F0158011F8013BD1
:10047000BCF1020F624498BF11F801CB00F8013BB8
:1004800038BF11F8013BA2F1040298BF00F801CB7C
:1004900038BF00F8013B11F0030300F02580083A53
:1004A000C0F0088051F8043B083A51F804CBA0E8AA
:1004B0000810F5E7121D5CBF51F8043B40F8043BFF
:1004C000AFF30080D20724BF11F8013B11F801CB34
:1004D00048BF11F8012B24BF00F8013B00F801CB05
:1004E00048BF00F8012B704710B5203AC0F00B80D0
:1004F000B1E81850203AA0E81850B1E81850A0E828
:100500001850BFF4F5AF5FEA027C24BFB1E8185081
:10051000A0E8185044BF18C918C0BDE810405FEAF1
:10052000827C24BF51F8043B40F8043B08BF70476D
:10053000D20728BF31F8023B48BF11F8012B28BF72
:1005400020F8023B48BF00F8012B70474FF0000233
:1005500000B5134694469646203922BFA0E80C50B9
:10056000A0E80C50B1F12001BFF4F7AF090728BF94
:10057000A0E80C5048BF0CC05DF804EB890028BF10
:1005800040F8042B08BF704748BF20F8022B11F039
:10059000804F18BF00F8012B7047704770477047B5
:1005A000754600F02BF8AE4605006946534620F02C
:1005B0000700854618B020B5FFF7C8FEBDE820400B
:1005C0004FF000064FF000074FF000084FF0000B0F
:1005D00021F00701AC46ACE8C009ACE8C009ACE8C2
:1005E000C009ACE8C0098D46704710B50446AFF3AA
:1005F00000802046BDE81040FFF733BE004870473A
:10060000787F002001491820ABBEFEE726000200DB
:10061000704700002DE9F041364C10210020617038
:10062000354D0421A17095F85810E170E96D09B9B4
:100630000221E170314961608031A1604031E160A7
:1006400040312161A988E1822989218395ED030A3E
:10065000BCEEC00A10EE101A618395ED0A0ABCEEDA
:10066000C00A10EE101AA183E96C012921D1A988D2
:10067000F2EE040A01EB81024FF6FF7101EA420239
:10068000E2822A8902EB820201EA4201218395ED8E
:10069000030A20EE200ABCEEC00A10EE101A618395
:1006A00095ED0A0A20EE200ABCEEC00A10EE101AE0
:1006B000A1830022616801EBC001401C0A716178CE
:1006C000C0B28142F6D800264FF001080DE0A068C4
:1006D00000EB0617384600F0AFFC05EB860087F804
:1006E0000E80007E761CF873F6B2A078B042EED889
:1006F000BDE8F081D07E002048040020C07D0020AD
:1007000003F0C0B92DE9F843044600790026FE2520
:1007100030B1012812D0FE280AD06670257106E09B
:10072000204600F023F8012804D16570207165711E
:10073000BDE8F883657025716671F9E70A4F009688
:100740004FF6FF78B96D204608EA41034FF4445153
:10075000A26907F05BF9B96D08EA4102D4E9060124
:1007600000F0B0F8E6E70000480400202DE9F04171
:10077000504C0546234600204F4AD4F810C0AF69BC
:100780009B6D064602F53471BCF1000F08D04FF6A0
:10079000FF78BCF1010F2FD0BCF1020F55D163E0FF
:1007A000AA4214D1092093FBF0F100FB1130C1B231
:1007B0002846FFF7A5FF06E017F81610304602F0AE
:1007C000D5FC761CF6B2A06DB042F5DC10E0A94273
:1007D0000ED13949002007E08A69AB6932F8102050
:1007E00023F81020401C80B2A26DB0EB420FF3DB67
:1007F000B4F8580082B224E0AA4210D15806010E83
:100800002846FFF77DFF06E017F81610304602F085
:10081000ADFC761CF6B2A06DB042F5DC46E0A94214
:1008200044D12549002007E08A69AB6932F81020DD
:1008300023F81020401C80B2A26DB0EB420FF3DB16
:1008400034E0D5E9060100F0E9F91C49D5F8982211
:100850004B680D68B2FBF3F4AC4203D0B2FBF3F08B
:1008600008600120BDE8F081AA420ED10026144F95
:1008700007E0304417F81010F0B202F077FC761C55
:10088000B6B2A06DB042F4DC10E0A9420ED10A4924
:10089000002007E08A69AB6932F8102023F81020A5
:1008A000401C80B2A26DB0EB420FF3DBA16D08EAF1
:1008B0004102C6E748040020D00400208C1B002021
:1008C0007077002010B5002306E000BF30F8134019
:1008D00021F813405B1C9BB29342F7D310BD00007C
:1008E00010B5002306E000BF50F8234041F8234034
:1008F0005B1C9BB29342F7D310BD00002DE9F84F6B
:1009000000220092D0E90954A2460024C66A8369F5
:10091000C268204613E000BF33F810706FB952F878
:10092000207000EE107A05EB8407B8EEC00A87ED60
:10093000000A2AF81400641CE4B2401CC0B28842C9
:10094000EAD3012C04D922465146284600F068FA21
:10095000DFF810B1002047F6FF7CFF276346B94659
:10096000002145E005EB81029BED0A0AD2ED000A69
:10097000F4EEC00AF1EE10FA06DAB1EE401AF4EE27
:10098000C10AF1EE10FA31D84A1CD2B2B1EE401AC7
:1009900010E000BF05EB8208D8ED001AF4EEC01A93
:1009A000F1EE10FA08DAF4EEC11AF1EE10FA03D9FA
:1009B000521CD2B2A242EDD3A14217D2A24215D20A
:1009C00005EB820898ED000A70EE600A00EE103A1E
:1009D000B8EEC00AF4EEC00AF1EE10FA06D2BDEE8F
:1009E000E00A91460F4610EE103A1BB2491CC9B2FC
:1009F000A142B7D363452ED0FF2F2CD0B9F1FF0F02
:100A000029D004280FD23AF8192000EB4001521CDB
:100A100026F811203AF8172006EB4101521C4A80B3
:100A2000401C8B80C0B29FED100A05EB89010428A1
:100A300081ED000A05EB870181ED000A8DD30DE001
:100A400000EB4002401C26F8121006EB4202C0B236
:100A50005180918000E000210428F1D30098BDE886
:100A6000F88F00004804002000000000F8B504469C
:100A70004079FE25002620B101280BD0FE2818D190
:100A8000F8BD204600F01AF8012812D165702571D2
:100A90006071F8BD00960C2341F201212046E26A04
:100AA00006F0B4FF0128F4D1D4E90B010C22FFF7C2
:100AB00009FF667025716571F8BD000010B5044628
:100AC0002948294A29490369926D01F5347023B1F7
:100AD000012B18D0022B3FD12EE0A14204D191B2BC
:100AE000204600F045F837E0A04235D11F490020EC
:100AF000E36ACA6A32F8102023F81020401C80B242
:100B00000C28F5D328E0A14207D14FF6FF7000EA88
:100B100042012046FFF7F2FE1EE0A0421CD113491D
:100B20000020E36ACA6A32F8102023F81020401C23
:100B300080B20C28F5D30FE0A1420DD0A0420BD11A
:100B40000A490020E36ACA6A32F8102023F810200C
:100B5000401C80B20C28F5D3D4E90B01BDE810404D
:100B60000C2200F05BB8000048040020D0040020F4
:100B70002DE9F04703460020DD68DC6A0246264E78
:100B80004FF001094FF0020A03463FE055F832707A
:100B9000B6F81CC0674505DA05EBC208D8F8048032
:100BA000E04529DB05EBC20CDCF804C067450EDB31
:100BB000A7EB0C07B6F81AC0BC451DDC02EB420CD3
:100BC00009EB420824F81C800AEB42080DE0ACEB6C
:100BD0000707B6F81AC0BC450EDC02EB420C0AEB64
:100BE000420824F81C8009EB420804EB4C0CACF8DA
:100BF0000280ACF8047007E002EB420724F81730DB
:100C000004EB47077B80BB80521CD2B2B2EB510F82
:100C1000BCD3BDE8F0870000D07E002070B504464C
:100C20000020034609E000BF34F9135031F9136086
:100C3000B54200D001205B1C9BB29342F4D370BD3F
:100C400070B504460020034609E000BF54F8235065
:100C500051F82360B54200D001205B1C9BB2934247
:100C6000F4D370BD2DE9F843044640780026FE25F4
:100C700020B1012817D0FE2832D129E0204600F00B
:100C800033F8012809D06088401C80B26080FA28BF
:100C900007D366806570267102E0012060702571BF
:100CA0006571BDE8F8830F4F00964FF6FF78B96D78
:100CB000204608EA81034FF44051626906F0A6FE1F
:100CC000B96D08EA4102D4E90301FFF709FE06E025
:100CD0006088401C80B26080B0F57A7FE1D3668086
:100CE0006670DCE7480400202DE9F0414A4D4B4A8C
:100CF000044600232F6902F53470022137B14FF604
:100D0000FF76012F29D0022F53D155E0A24204D102
:100D10006169E06805F008FF1BE0A04219D13F4A75
:100D2000002013E0D368E66853F8203046F82030FE
:100D30005369666933F8203026F8203001EB8003D0
:100D400056696769401CF65AFE5280B2AB6D834209
:100D5000E8DCB5F8580082B226E0A24204D161690D
:100D6000E06805F0E1FE2EE0A04251D12B4A0020C0
:100D700015E0D368E76853F8203047F8203053690E
:100D8000676933F8203027F8203001EB800357697A
:100D9000D4F814C0401CFF5A2CF8037080B2AB6D1D
:100DA000B0EB430FE5DB33E0D4E90301FFF748FF85
:100DB00003461846BDE8F081A2420AD101226169CA
:100DC000E06806F063F802226169E06806F05EF808
:100DD0001EE0A0421CD1114A002015E0D368E7684C
:100DE00053F8203047F820305369676933F82030D2
:100DF00027F8203001EB80035769D4F814C0401C59
:100E0000FF5A2CF8037080B2AB6DB0EB430FE5DBFB
:100E1000A86D06EA4002C7E748040020D00400207D
:100E2000F0B5002426E000260123171B1CE000BFBC
:100E300000EB8305D5ED000A15ED010AF4EEC00ABA
:100E4000F1EE10FA0ED245ED010A85ED000A01EB34
:100E5000430631F813C036F8025C26F802CC21F8BC
:100E6000135001265B1CDBB29F42E1DC002E03D055
:100E7000641CE4B29442D6D3F0BD0000F0B5002368
:100E800019E000250122CE1A0FE000BF00EB820717
:100E900050F822C057F8044CA44504DA47F804CCB3
:100EA00040F822400125521CD2B29642EEDC002DC1
:100EB00003D05B1CDBB28B42E3D3F0BDFEE7000046
:100EC000014800F021B90000682A0020014800F024
:100ED0001BB90000C82A0020014800F015B9000025
:100EE000A8290020014800F00FB90000082A0020BE
:100EF000014800F009B90000282B0020014800F04B
:100F000003B90000E8280020014800F0FDB8000007
:100F1000882B0020014800F0F7B800004829002085
:100F200001681823CAB2103AB2FBF3F2054B6FF313
:100F30000901032A9B5CC36500D9091D8165084628
:100F4000704700003C87000810B5014600208B69FF
:100F50008A6A4FF0C07453B1B3F5005F15D072B117
:100F6000012A0CD0022A0AD0032A09D104E01AB1BE
:100F7000012A06D0022A03D1C96AC90100D501207D
:100F800010BDC96AA142FAD010BD002AF7D0012ACB
:100F9000F2D0022AF3D0032AF3D010BD30B5046892
:100FA000256825F480252560046863608368402BEC
:100FB000036803D099600068C26030BD9A60006821
:100FC000C16030BD704772B6FEE700009FED160AA3
:100FD000164A082921D200281FD003281DD202EB6F
:100FE000401000EB810090EDBB0A1148016D71B11A
:100FF0000268A2F5DA436C3B09D1DFED0E0A60EE20
:10100000200A00EE101AB8EEC01A80EE810AC06CF9
:1010100020B1F2EE040A20EE200A7047F6EE000A34
:1010200030EE200A7047000000000000AC000020F5
:101030004804002000007A440021018041800171B1
:101040004173FF224318491CC9B25A710829F9D3C8
:1010500070472DE9F0410446876D00F0D1FA06464D
:1010600094F835000025022806D08020606584F8B9
:1010700034500120BDE8F0812068016821F016019C
:1010800001602068416921F080014161206C08B94C
:10109000A06C20B12068016821F00801016020687F
:1010A000016821F0010101600CE000F0A9FA801B49
:1010B000052807D920206065032084F8350084F8CE
:1010C0003450D7E720680068C007EED194F85C1070
:1010D0003F208840B860012084F8350084F83450FF
:1010E0000020C7E790F83510022903D08021416520
:1010F00001207047052180F835100068016821F053
:1011000001010160002070472DE9F84304464FF0CB
:101110000009CDF8009063484FF41651A56D0068A2
:10112000B0FBF1F72E6894F85C10082000FA01F18A
:1011300031420FD021680A6852070BD50A6822F0A5
:1011400004020A6094F85C108840A860606D40F06A
:101150000100606594F85C104FF0010808FA01F096
:10116000304208D021684969090604D5A860606D3D
:1011700040F00200606594F85C1004208840304222
:1011800008D021680968890704D5A860606D40F01F
:101190000400606594F85C1010208840304218D03C
:1011A00021680968090714D5A86020680168490307
:1011B00004D50068000308D5A16C07E00168C905E3
:1011C00003D4016821F008010160216C09B12046B7
:1011D000884794F85C1020208840304231D0216844
:1011E0000968C9062DD5A86094F83500052820683F
:1011F000016806D0490347D5006800031DD4616C1F
:101200001CE021F0160101602068416921F0800195
:101210004161206C08B9A06C20B12068016821F000
:101220000801016094F85C103F208840A86084F8B1
:10123000358084F83490216D1FE0E16B09B12046C0
:101240008847606D00282BD0606DC00714D0052042
:1012500084F835002068016821F0010101600098E0
:10126000401C0090B84203D820680068C007F6D13F
:1012700084F8358084F83490E16C002910D001B0F6
:101280002046BDE8F04308470168C905D5D4016888
:1012900021F01001016084F8358084F83490CCE7A7
:1012A000BDE8F883180000202DE9F041044600F065
:1012B000A7F906465CB1022084F83500002584F8C1
:1012C00034502068016821F0010101600DE0012027
:1012D000BDE8F08100F094F9801B052805D9202095
:1012E0006065032084F83500F2E720680068C007D5
:1012F000F0D12268116820480140D4E90103184365
:10130000D4E903363343184363691843A369184388
:10131000E3691843236A18430843616A042903D127
:10132000D4E90B1319430843106020684069666ACA
:1013300020F0070130460E43012704280CD1A06A93
:101340000643E06A40B12046FFF7FEFD20B1402091
:10135000606584F83570BAE7206846612046FFF77B
:10136000DFFD94F85C203F2191408160656584F841
:1013700035700020ACE700003F8010F02DE9F0410F
:101380000446866D90F83400002501280DD0012018
:1013900084F8340094F835700020012F07D084F8C9
:1013A000340002252846BDE8F0810220FBE7022731
:1013B00084F8357060652046FFF7F0FD94F85C1006
:1013C0003F208840B0602068016841F0160101604C
:1013D000206C20B12068016841F00801016020689C
:1013E000016841F001010160DCE700002DE9F84FE0
:1013F000DFF8BCA10022012503264FF00F090AF1F6
:10140000040BAAF1040E00BF0B6805FA02F4234096
:10141000A34270D10F7907F00307012F01D0022FEB
:1014200016D187684FEA420806FA08FC27EA0C073B
:10143000D1F80CC00CFA08FC4CEA070CC0F808C044
:101440004768A7430C79C4F3001494403C434460BC
:101450000C79E443A4070AD0C4684FEA420C06FAA8
:101460000CF7BC438F6807FA0CF72743C7600C7969
:1014700004F00304022C12D1D40800EB840CDCF835
:1014800020405707FF0E09FA07F824EA0804D1F8AC
:10149000108008FA07F848EA0408CCF820800468AD
:1014A0004FEA420C06FA0CF7BC430F7907F003072A
:1014B00007FA0CF7274307604C6814F4403F70D0DC
:1014C0003C4C276847F480472760246822F00307D4
:1014D00004F480440094384C07EB040CDCF8084812
:1014E00097074FEA177809FA08F7BC43334FB84219
:1014F00002D1002724E054E0314FB84201D1012746
:101500001EE0304FB84201D1022719E02E4FB842F9
:1015100001D1032714E02D4FB84201D104270FE079
:101520002B4FB84201D105270AE02A4FB84201D11A
:10153000062705E0284FB84201D1072700E0082719
:1015400007FA08F72743CCF80878DAF8004057463E
:10155000D1F804C09C435FEACC2C00D51C433C600E
:10156000DBF800405F46D1F804C09C435FEA8C2C56
:1015700000D51C433C60DEF800407746D1F804C03B
:101580009C435FEA8C3C00D51C433C60084F083FFD
:101590003C68D1F804C09C435FEACC3C00D51C43B6
:1015A0003C60521C102AFFF42FAFBDE8F88F0000FA
:1015B000083C014044380240003001400000024035
:1015C0000004024000080240000C024000100240EB
:1015D0000014024000180240001C0240006908404C
:1015E00000D001207047426921EA02030A4043EA21
:1015F0000241816170470AB1816170470904FBE7CC
:1016000001488068704700000C00002070B504009D
:1016100025D094F83D00002520B984F83C502046A0
:1016200000F04CFA242084F83D002068016821F085
:10163000010101602068016841F4004101602068F7
:10164000016821F40041016000F004FC4D4A61682A
:10165000914201D84C4900E04C49884201D2012016
:1016600070BD4B492368B0FBF1F15E6826F03F0680
:101670000E435E606368934206D94FF496735943F4
:101680004FF47A73B1FBF3F12368491C1E6A26F00C
:101690003F06314319626168914210D84900401EEB
:1016A000B0FBF1F2521CC2F30B02042A01D2042057
:1016B00022E0B0FBF1F0401CC0F30B001CE0A2687C
:1016C000F2B301EBC10303EB0116431EB3FBF6F3C8
:1016D0005B1C43F480431B0549D092B301EBC1026C
:1016E00002EB0111401EB0FBF1F0401CC0F30B00F7
:1016F00040F4804040F400402168CA694CF6FF7312
:101700009A431043C861D4E9071001432068026876
:1017100022F0C00211430160D4E9030101432068B3
:10172000826848F2FF339A4311438160D4E905018E
:1017300008432168CA6822F0FF021043C86001E034
:101740000EE016E02068016841F0010101602564A7
:10175000202084F83D00256384F83E50002070BDB1
:1017600001EB4106431EB3FBF6F35B1CB3E701201C
:10177000C2E701EB4101401EB0FBF1F0401CC0F399
:101780000B00B7E7A086010080841E0000093D0021
:1017900040420F002DE9FF4F83B09A46DDE91197D3
:1017A00093460446DDF84080FFF72AFF054694F88B
:1017B0003D00202870D1192301227149204600954F
:1017C00001F0D2FB0028F5D194F83C00012863D049
:1017D000012084F83C0020680168C90703D1016832
:1017E00041F0010101602068016821F4006101609D
:1017F000222084F83D00402084F83E000026266424
:10180000C4F82480A4F82A90608D20855D48E062A9
:10181000CDE9007553465A462046049901F0ACFACA
:1018200000287CD1208DD0B1012821D00228206849
:1018300024D0416980690090208D032869D801284F
:101840002BD0514902283B464FF00002009559D059
:101850008846204601F088FB002860D13CE02068E3
:10186000416981690091016841F40071016077E08C
:101870002068016821F480610160F0E7016821F4CB
:10188000806101602068016841F4006101602068A6
:1018900041698069009063E06FE02A46394620463E
:1018A00001F0E1FB98BB20680069616A08704EE0B6
:1018B0002068016841F40071016020680069616A74
:1018C0000870606A401C6062218D491E2185618D0F
:1018D000491E6185216838E02068016821F4806133
:1018E000016020680069616A0870606A401C60627B
:1018F000208D401E2085608D401E60853B46002265
:1019000041460095204601F02FFB00B9D0E706E0E4
:10191000FFE72A463946204601F0A5FB18B1012011
:1019200007B0BDE8F08F20680069616A0870606ADE
:10193000401C6062218D491E2185618D491E618593
:1019400021684A69D24352070AD409690170606A62
:10195000401C6062208D401E2085608D401E608589
:10196000208D00287FF468AF202084F83D0084F8A3
:101970003E6084F83C600020D2E70220D0E70000FF
:10198000020010000000FFFF040001002DE9FF4FDE
:1019900083B09A46DDE9119793460446DDF840800E
:1019A000FFF72EFE054694F83D0020287FD119232D
:1019B000012240492046009501F0D6FA002876D150
:1019C00094F83C00012872D0012084F83C00206883
:1019D0000168C90703D1016841F001010160206875
:1019E000016821F400610160212084F83D0040205D
:1019F00084F83E0000262664C4F82480A4F82A90C7
:101A0000608D20852C48E062CDE9007553465A462A
:101A10002046049901F02EFA70B930E02A46394682
:101A2000204601F053FB58B1206C042804D12068F3
:101A3000016841F400710160012007B0BDE8F08F3A
:101A4000606A216800780861606A401C6062218DCC
:101A5000491E89B22185628D521E628522685369B2
:101A6000DB435B070BD469B100781061606A401CEE
:101A70006062208D401E2085608D401E6085208D17
:101A80000028CBD12A463946204601F047FA0028E3
:101A9000CAD154F83D0B016841F400710160202067
:101AA00004F81E09E67766770020C6E7FFE7022004
:101AB000C3E70000020010000000FFFF10B586B071
:101AC000044614216846FEF741FD14492068884207
:101AD00021D113480021026842F00202026000682E
:101AE00000F0020005904FF4407000901220CDE904
:101AF0000101032003900420049069460948FFF780
:101B000075FC07481030016841F40011016000685D
:101B100000F40010059006B010BD00000054004015
:101B200030380240000402400248816802781144C3
:101B3000816070470C0000200B4810B5016841F42B
:101B400000710160016841F480610160016841F445
:101B500080710160032000F09FF80F2000F006F86C
:101B600000F050F8002010BD003C024030B50546A2
:101B70001F4887B00024016841F01001016000682F
:101B800006A900F01000009001A800F043F90498A5
:101B9000A8B100F05FF940001649174AB0FBF1F117
:101BA0001648491E026040F2E732C0E90324C0E94A
:101BB0000114846100F0A0FB040003D015E000F0E4
:101BC00049F9E9E70D4800F0D9FB04000DD13620B2
:101BD00000F034F8102D07D200222946362000F0FC
:101BE0003BF80748056000E0012407B0204630BDFF
:101BF0004038024040420F0000100040E82B002017
:101C0000100000200C4882B0016841F4804101605E
:101C1000006800F4804000900748001F016841F010
:101C2000805101600068002200F0805000900F2178
:101C3000901E02B000F010B844380240002809DBC2
:101C400000F01F02012191404009800000F1E020D6
:101C5000C0F8001170470000F0B40E4B1B680C4632
:101C6000C3F30223C3F10705042D00D90425191D70
:101C7000072901D2002300E0DB1E012606FA05F148
:101C8000491E214099409E40761E16403143F0BCCB
:101C900002F0FCBA0CED00E0064900F0070208680B
:101CA0004FF6FF03184040EA0220034A1043086041
:101CB000704700000CED00E00000FA05BFF34F8F05
:101CC00005480168054A01F4E06111430160BFF372
:101CD0004F8F00BFFDE700000CED00E00400FA05A7
:101CE0002DE9F0470E46050065D0DFF81481D8F8DD
:101CF0000000F7B200F00700B04207D288F8007089
:101D0000D8F8000000F00700B04254D128683D4CDC
:101D1000810712D5400703D5206840F4E0502060C9
:101D20002878000703D5206840F4604020602068D0
:101D3000A96820F0F000084320602878C0072DD063
:101D4000304968680839012812D0022813D00328C6
:101D500011D00968890700292DDA216821F00301D3
:101D600001432160FFF74CFC814641F2883A0EE0C6
:101D700009688903EFE709688901ECE7FFF740FC90
:101D8000A0EB0901514502D90320BDE8F087206886
:101D9000696800F00C00B0EB810FEFD1D8F80010AB
:101DA000404601F00701B14207D90770006800F012
:101DB0000700B04201D00120E7E72878400705D5A9
:101DC0002068E96820F4E050084320602878000784
:101DD00006D52068296920F4604040EAC1002060EF
:101DE00000F058F82168084AC1F30311515CC8405B
:101DF0000649086006480068FFF7B8FE0020C4E7FF
:101E0000003C0240083802404487000818000020C7
:101E1000100000200F2202600C4A136803F0030335
:101E20004360136803F0F0038360136803F4E05326
:101E3000C36012684FF4E05303EAD202026104481F
:101E4000006800F007000860704700000838024092
:101E5000003C02400448054900680968044AC1F38F
:101E60008221515CC84070471800002008380240A9
:101E7000548700080448054900680968044AC1F30A
:101E80004231515CC84070471800002008380240B9
:101E900054870008154810B5006810F00C0214486B
:101EA00013D01449042A0FD0082A0ED10F4C241F36
:101EB0002268236802F03F025B0207D52068C0F366
:101EC0008810A0FB010106E0084610BD2168C1F39F
:101ED0008811A1FB00010023FEF74AFA2168C1F333
:101EE0000141491C4900B0FBF1F010BD0838024027
:101EF0000024F40040787D012DE9F84F04006ED0F5
:101F00002078DFF84C93C007A9F104054AD009F105
:101F100004000168C1F38101012908D00068C0F301
:101F2000810002280AD1D9F80000400206D52868AD
:101F3000800337D560680028E1D033E06068B0F5F1
:101F4000803F10D0B0F5A02F286810D020F480304A
:101F50002860286820F4802028606068A8B1FFF716
:101F60004FFB06460DE0286840F48030F4E740F46B
:101F700080202860F7E700BFFFF742FB801B642842
:101F800073D828688003F7D50CE0FFF739FB0646C5
:101F900005E000BFFFF734FB801B6428F0D82868F9
:101FA0008003F7D42078DFF8AC8280074FF0000A76
:101FB0003ED5A748001D016811F00C0F08D000683D
:101FC000C0F3810002280BD1D9F80000400207D4E9
:101FD0002868800716D5E068012800D112E033E1B7
:101FE000E068B8B10120C8F80000FFF709FB064619
:101FF00005E000BFFFF704FB801B0228C0D828685B
:102000008007F7D52868216920F0F80040EAC10070
:1020100028600DE0C8F800A0FFF7F2FA064604E0D9
:10202000FFF7EEFA801B02281FD828688007F7D434
:102030002078000722D5864F87486169703771B1D3
:1020400001210160FFF7DCFA064604E0FFF7D8FA49
:10205000801B022809D838688007F7D50EE0C0F841
:1020600000A0FFF7CDFA064605E082E0FFF7C8FAC8
:10207000801B02287DD838688007F7D42078400775
:1020800068D5DFF8CCB100270BF13C0BDBF8000082
:10209000C0000BD4DBF8001041F08051CBF80010E9
:1020A000DBF80000012700F0805000906B4E306894
:1020B000C00510D4306840F480703060FFF7A0FA9B
:1020C000009005E0FFF79CFA0099401A022850D8CA
:1020D0003068C005F6D55E4EA0686C3601280FD07A
:1020E0000528306810D020F001003060306820F002
:1020F00004003060A068B8B1FFF782FA00900FE0EA
:10210000306840F00100F4E740F004003060F7E789
:10211000FFF776FA0099411A41F28830814266D879
:1021200030688007F4D50EE0FFF76AFA009007E008
:10213000FFF766FA0099411A41F28830814256D879
:1021400030688007F4D42FB1DBF8001021F0805103
:10215000CBF80010A069C8B33D49091D0968C1F357
:10216000810102294AD00228504607D0C8F86000F1
:1021700000E03CE0FFF744FA04463BE04746C8F87D
:102180006000FFF73DFA064605E000BFFFF738FAAA
:10219000801B02282BD828688001F7D4D4E90701D6
:1021A0000843A16A2E4A490802EB0141626A41EAEA
:1021B0008211084394F82C1040EA0161C9F800101C
:1021C00001203866FFF71CFA044606E03EE000BF37
:1021D000FFF716FA001B022809D828688001F7D5F6
:1021E00034E000BFFFF70CFA001B022802D90320DD
:1021F000BDE8F88F28688001F4D427E00128F7D0E3
:10220000D9F80000E26900F4800191421CD1226AF1
:1022100000F03F01914217D147F6C071626A014058
:10222000B1EB821F10D1A26A4FF0FF3300F44031AE
:1022300003EB5202B1EB024F06D194F82C1000F0E0
:102240007060B0EB016F01D00120D1E70020CFE733
:102250000438024000004742800E474200700040B0
:102260000000FFFF7047704770B590F83C20012ACE
:1022700032D0012480F83C40022280F83D200368DF
:102280005A689D6822F070060A6832435A60134B00
:1022900002689A4214D0B2F1804F11D0104B9A428A
:1022A0000ED0104B9A420BD00F4B9A4208D00F4BD6
:1022B0009A4205D00E4B9A4202D00E4B9A4204D15C
:1022C000496825F080031943916080F83D40002162
:1022D00080F83C10084670BD022070BD000001402F
:1022E0000004004000080040000C004000040140D1
:1022F000004001400018004010B5040003D094F8DD
:102300003D0010B107E0012010BD002084F83C0022
:10231000204600F01FF8022084F83D00211D2068AF
:1023200001F07CFC012084F8460084F83E0084F82B
:102330003F0084F8400084F8410084F8420084F8AB
:10234000430084F8440084F8450084F83D000020F0
:1023500010BD000008B500680649884208D106484B
:10236000016841F020010160006800F02000009049
:1023700008BD0000001400404038024090F83D10B5
:10238000012901D001207047022180F83D10016829
:10239000CA6842F00102CA6000681149884214D03C
:1023A000B0F1804F11D00F4988420ED00E498842BB
:1023B0000BD00E49884208D00D49884205D00D49FE
:1023C000884202D00C49884204D1816801F007019B
:1023D000062903D0016841F0010101600020704727
:1023E000000001400004004000080040000C0040D4
:1023F000000401400040014000180040704770B5E3
:102400000446006801694FF00005C943890715D4E7
:10241000C168C943890711D4E91E016101202077F1
:10242000206880698007204602D0FFF7E7FF04E0BC
:1024300000F098F8204600F096F8257720680169AA
:10244000C943490717D4C168C943490713D46FF07A
:1024500004010161022020772068806910F4407F28
:10246000204602D0FFF7CAFF04E000F07BF82046C8
:1024700000F079F8257720680169C943090716D467
:10248000C168C943090712D46FF008010161042033
:1024900020772068C0698007204602D0FFF7AEFF92
:1024A00004E000F05FF8204600F05DF82577206832
:1024B0000169C943C90617D4C168C943C90613D401
:1024C0006FF010010161082020772068C06910F4C6
:1024D000407F204602D0FFF791FF04E000F042F871
:1024E000204600F040F8257720680169C943C907F4
:1024F00008D1C168C943C90704D1891E01612046BA
:1025000000F032F820680169C943090609D4C1689E
:10251000C943090605D46FF0800101612046FFF729
:10252000A1FE20680169C943490609D4C168C943AD
:10253000490605D46FF040010161204600F01EF805
:1025400020680169C94389060BD4C168C94389065B
:1025500007D46FF0200101612046BDE87040FFF70D
:1025600082BE70BD7047704700680349884201D140
:10257000FFF7DABA7047000000100040704770475C
:1025800010B504460068406994F83D10C0F3C010CF
:10259000212911D180B12068143050E8001F21F0AA
:1025A000800140E80012002AF5D1606B08B1FEF707
:1025B00050FD204601F05EFC2068406994F83E1012
:1025C000C0F38010222911D180B12068143050E866
:1025D000001F21F0400140E80012002AF5D1A06B55
:1025E00008B1FEF736FD204601F01DFC002010BDAD
:1025F00070470000F8B5016804460868CA684B696E
:1026000010F00F0F4FF000055AD003F0010602F44E
:102610009077374365D0C10705D0D10503D5216C2C
:1026200041F001012164410705D5D90703D0216C90
:1026300041F002012164810705D5D90703D0216C3F
:1026400041F004012164010707D502F02001314364
:1026500003D0216C41F008012164216C00293BD09A
:10266000800604D5900602D5204601F011FC2068B2
:102670004069216CC0F3801001F00801014320463D
:102680002BD001F0D0FB20684069400621D520689E
:10269000143050E8001F21F0400140E80012002AE9
:1026A000F5D1A06BA8B16C490165A06BFEF71AFDCE
:1026B000002811D0A06B016D01B0BDE8F0400847C3
:1026C00083060ED593060CD52046BDE8F84001F0F0
:1026D000DFBB2046FFF78CFFF8BDFFF789FF2564BD
:1026E000F8BD266B2023012E79D1C60677D5D606F4
:1026F00075D50868486800904869400640D5A16BC8
:10270000086840680004000CEAD0A28D8242E7D934
:10271000E085C869B0F5807F2DD020680C3050E886
:10272000001F21F4807140E80012002AF5D12068D2
:10273000143050E8001F21F0010140E80012002A87
:10274000F5D12068143050E8001F21F0400140E826
:102750000012002AF5D184F83E30256320680C3041
:1027600050E8001F21F0100140E80012002AF5D1C6
:10277000A06BFEF76EFCA08DE18D401A81B229E0BE
:10278000A08DE18D401A81B2E08D0028A8D00029EB
:10279000A6D020680C3050E8002F22F4907240E858
:1027A0000026002EF5D12068143050E8002F22F0CA
:1027B000010240E80026002EF5D184F83E30256362
:1027C00020680C3050E8002F22F0100240E800236F
:1027D000002BF5D12046FFF7D2FEF8BDFFE7050636
:1027E0002BD5150629D594F83D002128F5D1A068F0
:1027F000B0F5805F01D12069B0B1206A411C21622F
:10280000216800784860E08C401E0004000CE084E1
:10281000E3D12068C16821F08001C1602068C168EF
:1028200041F04001C160D8E7206A0088C0F3080089
:102830004860206A801C2062E5E74006CDD550063E
:10284000CBD5CA68204622F04002CA6084F83D30E9
:1028500000F056FAC1E70000E53C000870B504003E
:1028600004D094F83D00002510B106E0012070BDB1
:1028700084F83C50204600F023F8242084F83D00E2
:102880002068C16821F40051C160204601F060FB5E
:102890002068016921F4904101612068416921F0BB
:1028A0002A0141612068C16841F40051C16025647A
:1028B000202084F83D0084F83E00002070BD000018
:1028C0002DE9F04F87B0044614216846FDF73EFE1F
:1028D000C048BF4B1438D4F800C0DFF8F8E202213A
:1028E00003228715002506154FF0070B4FF040090E
:1028F0004FF0006A9C4554D1DEF800C04CF0100C3B
:10290000CEF800C0DEF8003003F010030593036832
:1029100043F002030360006800F002000590C0204D
:102920008DE82300CDE9032B6946AB48FEF75EFD39
:10293000DFF8AC82A9494046C8F80010C0E901A5FB
:10294000C0E90356C8F81450C0E90657C8F820502B
:10295000C8F82450FEF7A8FC08B1FEF734FBA04FDE
:10296000C4F838806037C8F83840C7F80890C7E91D
:1029700003567D61BD619948FD613D6278307D629D
:10298000C7E9000A3846FEF78FFC08B1FEF71BFBCB
:102990006763002205212520BC63FFF75DF9252030
:1029A00059E08C4BDFF83C821B1FC44558D1D3F84B
:1029B00000C04CF4003CC3F800C01B6803F40033B3
:1029C0000593036843F008030360006800F0080003
:1029D000059060208DE82300CDE9032B69468248ED
:1029E000FEF704FDDFF8F881804908F1C008404691
:1029F000C8F80010C0E901A5C0E90356C8F8145092
:102A0000C0E90657C8F82050C8F82450FEF74CFC1F
:102A100008B1FEF7D8FA764FC4F83880C8F83840C5
:102A2000C7F80890C7E903567D61BD616F48FD6135
:102A30003D6218307D62C7E9000A3846FEF734FC73
:102A400008B1FEF7C0FA6763002205212620BC63A7
:102A5000FFF702F92620FFF7F1F807B0BDE8F08F85
:102A6000DFF89081C44557D1D3F800C04CF4802CD6
:102A7000C3F800C01B6803F480230593036843F088
:102A800004030360006800F0040005904FF4406008
:102A90008DE82300CDE9032B69465748FEF7A6FCD5
:102AA000DFF84C81514908F1600860394046C8F8A8
:102AB0000010C0E901A5C0E90356C8F81450C0E9E8
:102AC0000657C8F82050C8F82450FEF7EDFB08B1AF
:102AD000FEF779FA464FC4F83880C037C8F8384056
:102AE000C7F80890C7E903567D61BD613F48FD61A5
:102AF0003D6230387D62C7E9000A3846FEF7D4FBF4
:102B000008B1FEF760FA6763002205212720BC6345
:102B1000FFF7A2F827209EE7384B9C459DD1DEF8B1
:102B200000C04CF0200CCEF800C0DEF8003003F0FE
:102B300020030593036843F004030360006800F07A
:102B400004000590C0208DE823000820CDE9032073
:102B500069462948FEF74AFC2049DFF8A480183965
:102B600040464FF0206AC8F80010C0E901A5C0E94E
:102B70000356C8F81450C0E90657C8F82050C8F8E2
:102B80002450FEF791FB08B1FEF71DFA1C4FC4F864
:102B900038806037C8F83840C7F80890C7E903564E
:102BA0007D61BD610D48FD613D6260307D62C7E9B8
:102BB000000A3846FEF778FB08B1FEF704FA6763AF
:102BC000002205214720BC63FFF746F8472042E773
:102BD00000100140443802400004024040640240BA
:102BE000E828002000440040000C024088600240B9
:102BF000082A00200048004000080240001401405C
:102C0000282B002090F83E30202B0ED159B152B124
:102C100090F83C30012B08D0012380F83C30002391
:102C2000036301F01BBA012070470220704790F83F
:102C30003E30202B0ED159B152B190F83C30012BCF
:102C400008D0012380F83C300023036301F050BA20
:102C500001207047022070470449884204D10122B4
:102C600034390248FFF7E3BF70470000D82700203F
:102C70007047000070B5044690F83D00202836D11A
:102C800091B38AB394F83C00012830D0012084F835
:102C90003C002162A284E28400252564212084F87E
:102CA0003D00636B1348D863636B13481864636B10
:102CB0001248D864606B134605652668606B321D48
:102CC000FEF75CFB21686FF04000086084F83C5020
:102CD0002068143050E8001F41F0800140E80012E5
:102CE000002AF5D1002070BDFFE70120FBE702209C
:102CF000F9E70000DB3D00081D3E0008F53C000838
:102D0000416B09680A6822F001020A600A490068FA
:102D10000968884205D10948017821F00201017053
:102D200070470549883109688842F9D100224FF47B
:102D300080610348FEF75FBCD8270020A023002055
:102D4000000002407047FEE701684A69D24352051D
:102D50000FD46FF480624A61002140F8301F2022B6
:102D600042738173026942F004020261017301201F
:102D700070470020704700002DE9F84F04460068B6
:102D800089460B9D01689846174641F480610160B1
:102D90002068016841F48071016000954FF0011BCB
:102DA0000022594620460A9B00F0DEF84FF4007AD4
:102DB00040B120680068C00501D5C4F840A00320D8
:102DC000BDE8F88F216809F0FE0008612B4628490C
:102DD00020460A9A00F0FCF8F0BB2068416980693F
:102DE00000902A4620460A9900F070F940B1206C04
:102DF00004283AD12068016841F40071016034E090
:102E0000FEB2B8F1010F09D02168380A08612A46DC
:102E100020460A9900F05AF90028E8D12068066196
:102E20002A4620460A9900F051F90028DFD120688F
:102E3000016841F4807101600095002259462046E6
:102E40000A9B00F091F80028B3D1216809F0FF0037
:102E500040F00100086100E007E02B4604492046ED
:102E60000A9A00F0B5F80028AAD00120A8E70000CF
:102E7000020001002DE9F843044600680D46DDE933
:102E8000089701689846164641F4807101604B46E8
:102E900000224FF001112046009700F065F848B17C
:102EA00020680068C00502D54FF40070206403203C
:102EB000BDE8F883216805F0FE0008613B464A46FC
:102EC0001549204600F084F888B920684169806976
:102ED00000903A464946204600F0F8F848B1206C88
:102EE000042804D12068016841F4007101600120C8
:102EF000DEE7F5B2B8F1010F09D02168300A0861A8
:102F00003A464946204600F0E1F80028E7D120681B
:102F100005610020CCE700000200010070B51646F4
:102F20000D4604460DE02046FFF70EFF08B10120D4
:102F300070BD681C05D0FEF763FB801BA84207D854
:102F400035B120684069C0434007ECD4002070BD13
:102F5000002044F8300F20216173A073216941F0F3
:102F6000200121612073E2E72DE9F0471E469046DB
:102F70000D460446C1F30747DDF8209008E0701CB9
:102F800006D0FEF73DFBA0EB0900B0420FD876B1AA
:102F90002068012F18D0806925EA00000004000C89
:102FA00014D000214145EAD00020BDE8F087002080
:102FB00044F8300F20216173A073216941F0200192
:102FC000216120730120F0E74069E5E70121E9E78D
:102FD0002DE9F0479A4691460E46044600254FF0EB
:102FE0002008C1F3074725E020684069C043400539
:102FF00014D42068016841F40071016021686FF405
:1030000080604861256384F83D8084F83E50206CE0
:1030100040F00400206484F83C501FE0B9F1FF3F09
:1030200008D0FEF7EDFAA0EB0A0149450CD8B9F13A
:10303000000F09D02068012F13D0806926EA000014
:103040000004000C0BD0CFE744F8305F84F80D800B
:10305000A573206940F02000206125730120BDE8A0
:10306000F0874069EAE72DE9F041002590460E46D9
:103070000446202717E04069C043C0060CD454F82A
:10308000301B6FF01000486144F810596777A5773E
:10309000206A2062257717E0FEF7B2FAA0EB08005D
:1030A000B04208D83EB120684169C9434906E2D41C
:1030B0000020BDE8F08144F8305F6773A573206994
:1030C00040F02000206125730120F2E770B516461C
:1030D0000D4604460DE02046FFF736FE08B10120FC
:1030E00070BD681C05D0FEF78BFA801BA84207D87C
:1030F00035B120684069C0430006ECD4002070BDA3
:10310000002044F8300F20216173A073216941F041
:10311000200121612073E2E770B56424054601298E
:1031200011D001F0DDFC6320401EFDD1284601F0E6
:10313000E5FC611E491EFDD1284601F0D1FC641E4C
:10314000641EFDD170BD01F0D9FC6320401EFDD18D
:10315000284601F0C5FC611E491EFDD1284601F03C
:10316000CDFC641E641EFDD170BD000070B5034629
:1031700000200246012906D002290AD0032906D0E0
:10318000042907D101E0012204E0082202E0042220
:1031900000E00222082B15D2C3F1070101EBD17622
:1031A0000B4DC6F34703042BEC5C0BD226F0010059
:1031B000081A10F0FF0F06D004F00F0141EA0210C8
:1031C000E854012070BD04F0F0001043F8E700005F
:1031D0009D000020294808B5016841F400110160F4
:1031E000016801F400110091016841F4800101605F
:1031F0000068002200F48000009005210C20FEF7FA
:103200002BFD0C20FEF71AFD002205210E20FEF7F3
:1032100023FD0E20FEF712FD002205211020FEF7EF
:103220001BFD1020FEF70AFD002205211120FEF7EC
:1032300013FD1120FEF702FD002205213920FEF7C3
:103240000BFD3920FEF7FAFC002205213A20FEF79B
:1032500003FD3A20FEF7F2FC002205214520FEF78F
:10326000FBFC4520FEF7EAFC002205214620FEF784
:10327000F3FCBDE808404620FEF7E0BC30380240D1
:1032800010B58EB01C220B496846FDF72DF90021C0
:10329000684602F00DFE084C06491C2220601C31D5
:1032A00007A8FDF721F9002107A802F001FE6060E0
:1032B0000EB010BD04870008000000202DE9F04F7B
:1032C00087B014216846FDF741F95448002501688C
:1032D00041F010010160016801F0100105910168E1
:1032E00041F004010160016801F0040105910168E9
:1032F00041F080010160016801F0800105910168E1
:1033000041F001010160016801F0010105910168CE
:1033100041F008010160016801F0080105910168B0
:1033200041F0020101600068DFF8F48000F0020063
:103330004FF67C040590002221464046FEF75BF9DB
:10334000DFF8E090002242F20D014846FEF753F903
:10335000DFF8D4B04FF40046002231465846FEF75D
:103360004AF9DFF8C8A07711002239465046FEF727
:1033700042F9012220212E48FEF73DF90094012454
:1033800001940294694640460394FEF72FF842F2F6
:103390000800CDE9000469464846CDE90245FEF73C
:1033A00025F80520CDE900040294694648460394B7
:1033B000FEF71CF81820CDE9000569465046029535
:1033C000FEF714F8F81CCDE9000569460294404662
:1033D000FEF70CF8CDE9006469465846CDE9024590
:1033E000FEF704F8CDE9007469465046CDE9024580
:1033F000FDF7FCFF9F20CDE9000569460294584681
:10340000FDF7F4FF20208DE8310069460848039459
:10341000FDF7ECFF07B0BDE8F08F00003038024048
:103420000010024000080240000C02400000024070
:10343000000402400D4810B50B4901600C49416081
:1034400000214FF480428160C0E903124161816133
:10345000C1610162FEF7DAF8002803D0BDE8104030
:10346000FDF7B1BD10BD0000005400400423002052
:10347000801A06001CB500240E4800940C490194E3
:1034800001605321C0E901144FF6FF718461C160EE
:10349000FEF732FF08B1FDF796FD00946946054836
:1034A0000194FEF7E1FE002801D0FDF78CFD1CBD64
:1034B00000140040582300200C4810B50A49016050
:1034C0004FF4E1314160002181600C22C160C0E90C
:1034D00004128161C161FFF7C1F9002803D0BDE882
:1034E0001040FDF770BD10BD00100140D82700202E
:1034F0000C4810B50A4901604FF4E13141600021E8
:1035000081600C22C160C0E904128161C161FFF7D2
:10351000A5F9002803D0BDE81040FDF754BD10BD4B
:10352000004400401C2800200C4810B50A490160E6
:103530004FF4E1314160002181600C22C160C0E99B
:1035400004128161C161FFF789F9002803D0BDE849
:103550001040FDF738BD10BD004800406028002035
:103560000C4810B50A4901604FF4E1314160002177
:1035700081600C22C160C0E904128161C161FFF762
:103580006DF9002803D0BDE81040FDF71CBD10BD4B
:1035900000140140A4280020FEE700000A48D0F8EB
:1035A0000813491CC0F8081308490969012907D004
:1035B000022903D00B2903D00C2903D100F039B91B
:1035C00000F02AB870470000AC000020480400203A
:1035D000D0F80813C822B1FBF2F302FB1311002943
:1035E00016D1B0F84E1341F02001A0F84E1309494E
:1035F0000969012902D00B2905D101E0022100E06F
:103600000C2180F85F130021A0F8521380F84C13AE
:10361000704700004804002010B5044600F09CF8F4
:10362000204600F0D6F801280BD1B4F8041304F2B8
:103630000120085CA52804D12046BDE8104000F018
:103640004FB810BD70B504460020B4F84E138A067A
:1036500043D521F02000A4F84E032048006901283A
:1036600001D00B2801D184F8040194F85F0384F899
:103670000501062084F806017E2184F8071184F8EC
:10368000080104F209100C2102F0B2FE94F8600364
:1036900084F82101002084F8600304F59170102162
:1036A00003F012F804F5B170102102F089FE7F21B9
:1036B00004F5827084F85E13054600F0E3FE94F88A
:1036C0005E13030A4A1C84F85E234B5594F85E137C
:1036D0004A1C84F85E234855012070BD4804002030
:1036E00030B5027900214479022A01D00C2A0CD18C
:1036F000184B012C1B6906D00B2C06D10B2B04D1C7
:103700000C2A03D003E0012BFAD030BD02228379CA
:10371000862BFAD1C379222BF7D100EB421400BFDC
:1037200000EB810204EB8103157A83F8EC52557AA1
:1037300083F8ED52957A83F8EE52491CD27A89B219
:1037400083F8EF220829EBD300EB8101097A80F896
:10375000611330BD4804002070B50446FFF738FF00
:1037600094F84C03012128B1002501280DD002282E
:103770002AD11CE0B4F85203401C80B2A4F85203D2
:103780000F2801D384F84C1370BD2046FFF75AFF71
:103790000128F9D1206894F85E2304F58271436B07
:1037A0009847022084F84C03A4F8545370BDB4F831
:1037B0005403421CA4F854233C2801D384F84C132E
:1037C00094F806030128F1D184F84C53A4F852531D
:1037D00070BD2DE9F0410446002690F806033546F9
:1037E000012823D1002084F80603B4F80413C81E6E
:1037F000FD281BD204F2022004F20322085C8A5C3A
:10380000891E02EB002087B204F5017000F03AFE39
:10381000B84206D00AE060196D1C90F804120171DC
:10382000ADB2B4F80403A842F5D801263046BDE88D
:10383000F08110B5044600F043F82046FFF7C9FFB9
:10384000012804D12046BDE8104000F001B810BDA9
:1038500010B5044600796179012801D00B282BD1DD
:10386000022901D1012805D0144A12698A4223D1C4
:103870000B2821D1A07906281ED1E0797E281BD102
:10388000207A062818D104F109000C2104F072FBFB
:1038900094F8210084F8610304F12200102104F05F
:1038A00087FB04F16200102104F046FBB4F85803D2
:1038B00040F02000A4F8580310BD00004804002088
:1038C00070B5044690F8560318B10025012818D1A8
:1038D0000BE0B4F85C03401C80B2A4F85C030A2837
:1038E00002D3012084F8560370BD204600F00CF886
:1038F0000128F9D1206894F85E2304F58271436BA6
:10390000984784F8565370BD70B504460020B4F84B
:10391000581305468A065FD521F02000A4F8580305
:103920003148006984F80401022856D00C2856D08A
:103930006079862184F80611222184F8071104EBAE
:103940004016E8B201F028FB06EB85006D1CADB215
:1039500080EDBB0A082DF4D35FF0000006EB800178
:1039600004EB800291F8EC3282F8083191F8ED32E4
:1039700082F8093191F8EE3282F80A31401C91F850
:10398000EF1280B282F80B110828E7D304EB800114
:1039900094F8602381F80821002284F8602394F8C9
:1039A000622381F80921062101EB8000C1B204F5F0
:1039B000827084F85E13054600F064FD94F85E138F
:1039C000030A4A1C84F85E234B5594F85E134A1C84
:1039D00084F85E234855012070BD012000E00B20D3
:1039E00084F805010220A4E7480400200D480C4992
:1039F00000F5417201604A61911C026891610268A0
:103A000000F58271D161026800F501711162002137
:103A1000A0F8041380F806130068816A08470000C4
:103A2000080B0020AC000020FEE700000C4910B598
:103A30000B888C880989234419440A4B89B240F2C7
:103A4000E5741960024661430020C1F30B018A420C
:103A500004D142F2CD00C3E90120012010BD0000D5
:103A6000B470002010040020054A052303EB001069
:103A70009268104402680A6040684860704700001D
:103A8000D07E00202DE9FE4F05460024214F4FF047
:103A90000209D0F818A0D0F8108035E058F83400AA
:103AA000BA8B904226DB08EBC4014968914221DBC6
:103AB000884201DB401A00E0081A798B80B281420B
:103AC00018D3154800EB8400067E3AF8240090B91C
:103AD0000AEB8400408870B9012000EB44008DF8A7
:103AE000000009EB44008DF801000221684603F054
:103AF0009DFC00E00026A86920F8246009EB840002
:103B0000A969641CE4B20E527878B4EB500FC5D3A7
:103B1000BDE8FE8FD07E002048040020012002F086
:103B2000BBF9FBE7012002F0B7F900F08BFCF9E7E5
:103B300010B5502080F31188BFF34F8FBFF36F8F04
:103B400004F036FB18B104494FF0805008600020A3
:103B500080F3118810BD000004ED00E030B593B093
:103B600030216846FCF7F2FC14210CA8FCF7EEFCAF
:103B70001E480025016841F080510160006800F096
:103B8000805011901A48016841F48041016000683A
:103B9000022400F480401190012000900004019064
:103BA0008001CDE90640192008904FF4A870CDE9B6
:103BB000090404200B906846FEF79EF908B172B61E
:103BC000FEE70CA90F2081E831004FF4A0500F90C0
:103BD0004FF48050109005210CA8FEF781F80028C2
:103BE00001D072B6FEE713B030BD0000403802408D
:103BF000007000400248016841F4700101607047A4
:103C000088ED00E003480168491C01600248FEF7A6
:103C1000F6BB000008000020E82B0020F0B5026889
:103C2000254C264D264E274F274B4FF0804CA04267
:103C300009D0604507D0A84205D0B04203D0B842B1
:103C400001D0984204D122F0700E4A6842EA0E0276
:103C5000A0421BD0604519D0A84217D0B04215D061
:103C6000B84213D0984211D0184DA8420ED0184D2A
:103C7000A8420BD0174DA84208D0174DA84205D036
:103C8000164DA84202D0164DA84203D122F4407529
:103C9000CA682A434D6922F080022A4302608A687A
:103CA000C2620A688262A04201D0984201D10969C9
:103CB000016301214161F0BD0000014000040040AA
:103CC00000080040000C004000040140004001409A
:103CD000004401400048014000180040001C004022
:103CE0000020004010B5806B0021C185C184FEF723
:103CF0007FFC10BD70B5846B2068406994F83D105E
:103D0000C0F3C0100025212904D118B1E584204654
:103D100000F0B0F82068406994F83E10C0F38010BD
:103D2000222904D118B1E585204600F07CF8206CEA
:103D300040F0100020642046FEF75AFC70BD10B51C
:103D40000146806B09680968C9052FD40021C18527
:103D500001680C3151E8002F22F4807241E8002301
:103D6000002BF5D10168143151E8002F22F0010237
:103D700041E80023002BF5D10168143151E8002FF0
:103D800022F0400241E80023002BF5D1202180F8E9
:103D90003E10016B012909D101680C3151E8002F57
:103DA00022F0100241E80023002BF5D1016B01291C
:103DB00002D0FEF751FF10BD818DFEF7E0FB10BD74
:103DC00010B5806B016B012902D0FEF751FF10BDC9
:103DD000818D4908FEF7D3FB10BD10B50146806BFD
:103DE00009680968C90516D40021C1840168143125
:103DF00051E8002F22F0800241E80023002BF5D18A
:103E000001680C3151E8002F42F0400241E80023E4
:103E1000002BF5D110BDFEF773FF10BD10B5806B00
:103E2000FEF790FF10BD01680C3151E8002F22F41D
:103E3000907241E80023002BF5D10168143151E85C
:103E4000002F22F0010241E80023002BF5D1016B85
:103E5000012909D101680C3151E8002F22F010022C
:103E600041E80023002BF5D1202180F83E100021ED
:103E70000163704701680C3151E8002F22F0C00245
:103E800041E80023002BF5D1202180F83D10704738
:103E900008B590F83E10222901D0022008BD8268A2
:103EA0004FF480539A4201D1016921B1816A9A424B
:103EB0001BD04AB10AE00268816A5268C2F3080264
:103EC0000A80816A891C08E0026972B1026852683E
:103ED00002F07F020A70816A491C8162C18D491E0D
:103EE0000904090CC18503D019E002685268F1E7A2
:103EF0000168CA6822F02002CA600168CA6822F418
:103F00008072CA6001684A6922F001024A61202178
:103F100080F83E10016B012903D0FEF79DFE0020C2
:103F200008BD0021016301680C3151E8002F22F027
:103F3000100241E80023002BF5D101680A68D2067F
:103F400002D50A6849680091818DFEF718FBE6E703
:103F500070B5044600680169E26821F440511143DC
:103F600001612169A068E26908436169114308435E
:103F70002168CA6849F20C639A430243CA60206808
:103F80004169A26921F440711143416131492068BE
:103F9000884202D03049884202D1FDF76BFF01E030
:103FA000FDF758FFE2690023192164253226B2F596
:103FB000004F626828D0A0FB0101930F9200FCF72C
:103FC000D7F90146B0FBF5F06FF01802504301EB52
:103FD000800006EB0010B0FBF5F000F0F002B1FB42
:103FE000F5F002EB0012B1FBF5F06FF01803584347
:103FF00001EB800006EB0010B0FBF5F000F00F00C5
:1040000021681044886070BDA0FB010192185B41DB
:10401000FCF7AEF90146B0FBF5F00201B1FBF5F09B
:104020006FF01803584301EB800006EBC000B0FBB3
:10403000F5F000F0F80002EB4002B1FBF5F0584358
:1040400001EB800006EBC000B0FBF5F000F00700CC
:10405000D6E70000001001400014014038B581622D
:1040600082850025134604460564222084F83E001C
:10407000A26B1C48D063A26B1B481064A26B1B4848
:10408000D064A06B0A4605652168A06B091DFDF789
:1040900075F9206801684068009084F83C502069F8
:1040A00048B120680C3050E8001F41F4807140E8AE
:1040B0000012002AF5D12068143050E8001F41F0AA
:1040C000010140E80012002AF5D12068143050E8C0
:1040D000001F41F0400140E80012002AF5D1002005
:1040E00038BD00003F3D0008C13D0008F53C000818
:1040F00081628285C28500210164222280F83E20EF
:1041000080F83C10016921B10168CA6842F48072EC
:10411000CA6001684A6942F001024A610068C168E8
:1041200041F02001C16000207047000010B5044834
:1041300000F028F8BDE810400148FEF75BBA000027
:10414000D827002010B5044800F044F8BDE810401E
:104150000148FEF74FBA00001C28002010B50448A3
:1041600000F060F8BDE810400148FEF743BA0000D7
:10417000602800200148FEF73DBA0000A428002076
:10418000FEE7000038B5114C0168206881421CD15F
:104190000968C943C90618D40168406800902046E0
:1041A000FEF7EEF9A06B0068416809480122C1F5ED
:1041B000807180F85822A0F8561200F1550120466F
:1041C000BDE838401202FEF71DBD38BDD8270020DB
:1041D000D004002038B5114C0168206881421CD100
:1041E0000968C943C90618D4016840680090204690
:1041F000FEF7C6F9A06B0068416809480122C1F5C5
:10420000807180F82825A0F8261500F22531204677
:10421000BDE838401202FEF7F5BC38BD1C2800206E
:10422000D004002038B5174C01682068814227D19E
:104230000A68D243D20618D401684068009020462C
:10424000FEF79EF9A06B006841680F480122C1F596
:10425000807180F80623A0F8041300F50171204650
:10426000BDE838401202FEF7CDBC0A68D2435206C0
:1042700003D50968C943090602D401684068009063
:1042800038BD000060280020AC0000200907090E9E
:10429000002804DB00F1E02080F80014704700F0F3
:1042A0000F0000F1E02080F8141D7047144910B58C
:1042B00002468C6D0120134B0969022C0DD0062C8F
:1042C00015D0082C08D10220002905D0042001298E
:1042D00002D1934200D1022010BD00200029FBD062
:1042E00003200129F8D19342F6D1002010BD002906
:1042F000FCD003200129F9D19342F7D1012010BD50
:1043000048040020D00400202DE9FE4F00278B46F2
:104310008118B846B946B1F5804F3CD815460646D7
:10432000DFF87CA022E000BF06EB080086B206F0B2
:104330003F00C0F14004AC4200D32C460A2000F0FC
:104340009DFBDAF80C20DAF814100092CDE9014157
:10435000BAF8041010233246DAF80000FDF71AFA12
:10436000070007D040F24111AAF81810A5B1002F9C
:10437000DAD011E00BEB090022460A49FCF76FF88E
:1043800009EB0400A0461FFA80F9A5EB080005041C
:104390002D0CC9D100E001273846BDE8FE8F000092
:1043A000C80B0020407D00202DE9FE4F0027144659
:1043B000064620448B46B946B846B0F5804F39D8FA
:1043C0000E2000F09BFBDFF874A026E006EB09004E
:1043D00086B206F03F00C0F14005A54200D3254655
:1043E0000BEB08012A461648FCF739F80A2000F0C2
:1043F00045FBDAF80820DAF814100092CDE90151F3
:10440000BAF8041010233246DAF80000FDF7BEFABD
:10441000070006D07B21AAF8181064B1002FD5D070
:1044200009E008EB0500A9461FFA80F8A4EB090093
:1044300084B2F2E701273846BDE8FE8FC80B0020A2
:10444000807D0020084810B50168491C016001F01A
:10445000D1FB00F003FCFFF7A1F803F065F8BDE81D
:10446000104001F04BBC0000A800002010B5002453
:1044700000212046FEF77AFE641CE4B2082CF7D334
:1044800010BD000070B50C4DFF22134605F5807677
:1044900006E000BF10F8014B5C402B5D5340325DDD
:1044A000491EF7D24FF6FF7000EA022000F47F4069
:1044B000184480B270BD00005C87000870B500240D
:1044C0002DED028B25469FED1E8A2646D8B1082881
:1044D00016D8401EC0B200F0B7FA00BF00EB85014D
:1044E0006D1CEDB24E630A2DF8D3002100EB810262
:1044F000491C82ED218AC9B282ED2C8A0B29F5D3A1
:10450000BDEC028B70BD204600F09EFA01460020F3
:1045100001EB8002401CC0B256630A28F8D3002089
:1045200001EB8002401C82ED218AC0B282ED2C8A10
:104530000B28F5D3641CE4B2082CE4D3E0E70000B8
:104540000000000030B50021134C0A460B4680B134
:1045500008280DD8401EC0B200EB800004EB00110B
:1045600001EB4200521C8382D2B203850A2AF7D3A0
:1045700030BD01EB8102002004EB021202EB40058A
:10458000401CAB82C0B22B850A28F7D3491CC9B2A4
:104590000929EED330BD0000707A002010B500204C
:1045A000074B0446052103F1200200BF23F8104009
:1045B00022F81010401CC0B21028F7D310BD000024
:1045C0007077002010B5B0F85A2200240A49A2F5ED
:1045D0000453023B0ED1B0F85E220124A2F525431C
:1045E0005A3B07D10122A0F86022A1F860221046B0
:1045F00002F082FF204610BDD004002010B5B0F8B4
:104600005A2200210E2A05D10121A0F8B41203F08C
:104610007BF90121084610BD70B50446B0F8B2021E
:10462000002501280CD1B4F8C802012550B1012899
:104630000FD0022814D0002603281AD0A4F8C8628C
:10464000284670BD204602F0BDFB0028F8D00120AE
:104650000CE0204602F0A8FA0028F1D0022005E084
:10466000204602F071FB0028EAD00320A4F8C8021B
:10467000E6E7204602F0F0FA0028E1D0A4F8C8628C
:10468000A4F8B2620025DBE7F0B5002690F8B9C2C5
:10469000A1B0012304463146354601AABCF1800F82
:1046A00017D00CDCC4484FF00707BCF1090F74D2D7
:1046B000DFE80CF092A2B9D0737373F0EE00ACF1A6
:1046C000810CBCF1060FF2D2DFE80CF01525354560
:1046D0005568B4F8B40208B181205FE1D4F89802BB
:1046E0006421B0FBF1F201FB1200002802D1204648
:1046F00002F080FC5CE1D4E9A601814202D90A1AE9
:10470000282A04D28142F5D2401A2828F2D3204622
:1047100002F058FB3EE0D4E9A601814202D90A1A10
:10472000282A04D28142E5D2401A2828E2D3204622
:1047300002F00AFB2EE0D4E9A601814202D90A1A4E
:10474000282A04D28142D5D2401A2828D2D3204622
:1047500002F0BFFA1EE0D4E9A601814202D90A1A8A
:10476000282A04D28142C5D2401A2828C2D3204622
:1047700002F01AFA0EE0D4E9A601814202D90A1A1F
:10478000282A04D28142B5D2401A2828B2D3204622
:1047900002F062FA00282ED10AE102E1D4E9A60172
:1047A000814202D90B1A282B04D2814213D2401A1B
:1047B000282810D310230020411C09B222F8101021
:1047C00008469942F8DB43F601112046009503F0B4
:1047D00083F984F8B952EBE0D4E9A601814202D909
:1047E0000A1A282A04D2814251D2401A28284ED3CC
:1047F000204602F0D5FBCEE0D4E9A603834202D9DD
:104800001F1A282F04D2834241D2C01A28283ED32F
:1048100022F81150491C09B22029F9DB8BB24FF460
:1048200040510095B4E0D4E9A603834202D91F1A8F
:10483000282F04D283422AD2C01A282827D322F84C
:104840001150491C09B21029F9DB8BB24FF44451C5
:1048500000959DE0D4E9A603834204D9A3EB000CA4
:10486000BCF1280F04D2834211D2C01A28280ED3DB
:1048700022F81150491C09B20C29F9DB8BB241F224
:1048800001212046009503F027F984F8B9728FE0E2
:1048900014E0FFE7D4E9A6128A4202D9571A282F5A
:1048A00004D28A427CD2891A282979D30088ADF8AB
:1048B000040001AA4FF48051009569E0D4E9A612E2
:1048C0008A4202D9531A282B04D28A4270D2891AFA
:1048D00028296DD38188ADF804100189ADF8061040
:1048E00090ED030A03221823BDEEC00A10EE101A41
:1048F000ADF8081030F8101FADF80A108188ADF837
:104900000C100189ADF80E108189ADF81010018AE4
:10491000ADF81210818AADF8141090ED060ABDEEC4
:10492000C00A10EE101AADF81610018FADF818106D
:10493000818EADF81A10018EADF81C10818BADF888
:104940001E10018CADF82010818CADF82210ADF84E
:1049500024204FF69D11ADF82610818FADF8281058
:10496000B0F84010ADF82A10B0F84410ADF82C1093
:10497000B0F84810ADF82E10B0F84C10ADF830106B
:10498000B0F85000ADF8320001AA41F20A010095DA
:10499000204603F0A1F894F8B902401C84F8B9024B
:1049A00006E0B4F8B602012802D1A4F8A432012628
:1049B00021B03046F0BD00004804002070B5044628
:1049C000B0F8A402002501280FD10948012500698B
:1049D00010B10220A4F8BC02B4F9BC12204602F0C7
:1049E00081FA10B10020A4F8A402284670BD00008E
:1049F0004804002070B5054690F84C0000241228A9
:104A000008D001242846FFF73FFE012802D11220DA
:104A100085F84C00204670BD70B505460948002455
:104A20000068A0F50051CD3909D101242846FCF7D2
:104A300019F92846FBF766FE2846FCF717F82046CA
:104A400070BD0000180400200549082806D200EBBC
:104A50008001C1EB8010024901EB800108467047DC
:104A600048690020014890F861037047AC000020BD
:104A700001480068704700000800002000B50146AA
:104A80004FF47A7203E01046491E00F003F8002943
:104A9000F9D100BD00EB8000C00000E0401E0028FE
:104AA000FCD17047064910B5064A31F8101052F88B
:104AB0002000FCF793FD002800D0012010BD00006D
:104AC000AA890008DC0A00200349044A31F81010C2
:104AD00052F82000FCF787BD8C890008A00A00204E
:104AE0000449054A31F8101052F820000122FCF761
:104AF00082BD00008C890008A00A00200449054AF4
:104B000031F8101052F820000022FCF774BD0000AC
:104B10008C890008A00A00207047704770477047D2
:104B20007047000070B5007814460D46012803D088
:104B3000022803D020B10DE0074809E0074807E04C
:104B4000012291020648FCF756FD224629460548F7
:104B5000FEF790F8002070BDD82700201C28002008
:104B600000000240602800202DE9F04188B0DFF805
:104B7000BC80002001466D4645F82010401CC0B2A4
:104B80000828F9D3002601E0192E34D20024601D34
:104B9000C0B2FFF7B3FF641CE4B2082CF7D30A20BD
:104BA000FFF778FF0024601DC0B2FFF799FF641C77
:104BB000E4B2082CF7D30A20FFF76CFF5FF0000483
:104BC000671C55F82400400045F82400F8B2FFF7B0
:104BD00069FF55F82410084445F82400FCB2082C5D
:104BE000EED30024601DC0B2FFF788FF641CE4B25E
:104BF000082CF7D302E01420FFF74CFF761CF6B226
:104C00001B2EC1D35FF0000303EB8300C0EB8312C4
:104C100055F8231008EB820001F076FD5B1CDBB237
:104C2000082BF1D308B0BDE8F081000048690020EE
:104C300070B50024084DFFF797FF00BF04EB840018
:104C4000C0EB841005EB800000F048F9641CE4B26E
:104C5000082CF3D370BD00004869002010B54FF454
:104C6000FA6000F07DF8012818D100F01DF8012845
:104C700014D10B4C6079002810D12079401CC0B2AF
:104C8000207109280AD300F01DFA02F03DFE054903
:104C900001206071A1F8B602A1F8860510BD0000E0
:104CA00084000020D00400202DE9F0472B4D002483
:104CB0000327A9780120A0462646052904D2DFE86B
:104CC00001F003050F1A4200A87043E0601DC0B256
:104CD000FFF706FF641CE4B2082CF7D30220F3E7C9
:104CE000601DC0B2FFF70AFF641CE4B2082CF7D3C2
:104CF000AF70AE812EE0A98940F28A22491C89B2A8
:104D0000A981914202D3AE81EE70DDE7DFF84C90CD
:104D100009F10E0919F80400012805D1601CC0B280
:104D2000FFF7C0FE01280CD0641CE4B2082CF1D3BC
:104D3000E878411CE9700A280CD90420A870EE70AC
:104D400008E0AF70FBE7FFF773FFAF70AE81EE7066
:104D50004FF001084046BDE8F087000084000020C5
:104D60002DE9F05F594F01462DED028B0026F888A2
:104D70003546884278D8401CF88038785449002459
:104D800001F1100B4FF0010808286DD2DFE800F0A8
:104D9000040F2398981B3270701DC0B2FFF7AEFE4F
:104DA000761CF6B2082EF7D387F8008089E0701DD4
:104DB000C0B2FFF795FE761CF6B2082EF7D3052099
:104DC00038703C817DE03889401C80B238810A28E7
:104DD00077D9022072E08846701DC0B2FFF78EFEC0
:104DE00028F81640761CF6B2082EF5D30620387047
:104DF0007C8166E07A89B946521C7A818A46771CA2
:104E0000F8B2FFF74FFE20B93AF81610491C2AF8FD
:104E10001610FEB2082EF2D3B9F80A0040F28A2129
:104E20004A4688424DD35078002156465B46474655
:104E300036F811C08046BCF1320F01EB410C9C44A6
:104E400002D30CF8007001E00CF80040491CC9B214
:104E50000829EDD308F10100C0B25070032804D333
:104E6000072089F800002CE02AE089F8004028E0BB
:104E7000C246A046154C9FED178BD9460E34002133
:104E800006EB4603084603EB0902135C401C194479
:104E9000C0B2C9B20328F8D3084603F0A5FA53EC10
:104EA000182B03F0EFFB02D804F806A001E004F889
:104EB0000680761CF6B2082EE1D30820387000E098
:104EC0000125BDEC028B2846BDE8F09F8400002040
:104ED00020690020CCCCCCCCCCCC004030B50446F2
:104EE0000020A17887B0012940D16D4604EB8001F4
:104EF000496845F82010401CC0B20728F6D30721A6
:104F00002846FBF7BBFF002020620220216A55F8EB
:104F10002020401C1144C0B221620528F6D3084667
:104F2000032190FBF1F16162D4F8E020002000BF82
:104F300004EB80035B6BDAB1994203DA401CC0B228
:104F40000A28F5D300EE901A04EB8000F8EEE00A90
:104F500090ED210A20EE800AD0ED2C0A30EE800A76
:104F6000D4ED390AC4ED3A0A84ED390A07B030BDF0
:104F70009942E7DDE2E7000001460020054A0829E2
:104F800006D201EB8100C0EB811002EB8000406A89
:104F9000704700004869002010B504462DED028BD3
:104FA000DFED188A1848B0EE688A806803F005FAC9
:104FB0009FED161B53EC112B03F066FA03F0C0F9BA
:104FC00000EE100A1348082C0BD204EB8401C1EB4D
:104FD000841100EB8100D0ED390A90ED371A30EEE4
:104FE000C18AB4EEC08AF1EE10FA01DBB0EE408A5D
:104FF0000948005D08B9B0EE688AB0EE480ABDEC19
:10500000028B10BD00000000480400209A99999975
:105010009999F13F4869002092000020F0B5244C96
:1050200000231A4603EB8300C0EB8310002104F831
:10503000203004EB80008270C2700262C0F824202D
:1050400000EB8105491CC9B26A600A29F8D3194DE1
:10505000002100BF00EB810755F82160FE6546186E
:10506000491CC9B286F828200A29F3D300219FEDF4
:10507000120ADFED120A00BF00EB8105491C85ED25
:10508000210AC9B2C5ED2C0A0B29F5D301219FEDE8
:105090000C0A5B1C80ED370AC0F8E02080ED390A6D
:1050A00080ED3A0ADBB24170082BBBD3F0BD0000A3
:1050B000486900205C890008124DA03AE1DA85C3F6
:1050C0000000000010B511495FF0000000EB800205
:1050D000C2EB801201EB8202401C92ED390AC0B291
:1050E00082ED370A0828F1D3FFF758FAFFF7BEF927
:1050F0000020074A014600BF02EB4003401CC0B23B
:10510000A3F864100428F7D310BD000048690020FC
:105110004804002070B50446B0F85A02002542F257
:105120000111884214D1B4F85E020125A0F5E061B6
:10513000E5390DD10120A4F86402A4F8660294F8C0
:105140006C0204F51974FFF7FDF9207AFFF7B6F940
:10515000284670BDB0F85A220021B2F5045F12D182
:105160000022A0F86622B0F86C32B0F95E2201216C
:10517000934208D00123A0F86832082A03DCB0F873
:105180005E22A0F86C22084670472DE9F0410446E3
:105190000026B0F866023546012836D1B4F85A0226
:1051A000B0F5145F31D342F20A5188422DD2B4F9DE
:1051B0005E120126A1F59052FE3A26D10121A4F8F3
:1051C000621294F8B812C7B241F0010184F8B81223
:1051D000B4F86C02E0B1082817D8401EC0B2FFF73F
:1051E000CBFEC11700EBD150451294F86C02394642
:1051F000401EC0B202F0D0FC94F86C022BB2401EEC
:10520000C0B20122394600F08DFE3046BDE8F08183
:105210002846FFF7B1FEC11700EBD15044123946C2
:10522000284602F0B9FC23B201223946284600F094
:1052300079FE6D1CEDB2082DEAD3012223B2394666
:105240000820E0E72DE9F0410446B0F85A024FF09B
:105250000008A0F5085046460A2835D294F8B8123E
:10526000C7B241F0010184F8B812A4F86E0204EB51
:105270008701B4F95E02C1F87002B4F95E52B4F865
:105280006C024FF0010860B1401EC0B22A46394698
:1052900002F038F994F86C022A46401EC0B2394632
:1052A00010E02A463946304602F02CF92A463946A3
:1052B000304600F04BFE761CF6B2082EF1D32A469B
:1052C0003946304600F042FE4046BDE8F081B0F875
:1052D0005A32002141F20312934207D1B0F85E32F4
:1052E0000121934202D10122A0F8AC220846704766
:1052F000B0F85A32002141F20212934207D1B0F8BD
:105300005E320121934202D10122A0F8AA2208466E
:105310007047B0F85A32002141F20112934207D18E
:10532000B0F85E320121934202D10122A0F8A422FA
:105330000846704710B5B0F85A220021A2F5045370
:10534000033B11D1B0F85E320121A3F5E0640A46B7
:10535000E53C04D0A3F58064B23C03D004E0A0F89F
:10536000A02201E0A0F8A622084610BDB0F85A22FB
:105370000021A2F50453043B09D1B0F85E220121BB
:10538000A2F54073F23B02D10122A0F8AE220846FA
:105390007047000010B5B0F85A2200240A49A2F55F
:1053A0000453023B0ED1B0F85E220124A2F525433E
:1053B0005A3B07D10122A0F86022A1F860221046D2
:1053C00002F09AF8204610BDD004002070B5B0F865
:1053D0005A220024A2F58055212D6ED80124464979
:1053E0002346222D73D2DFE805F0117272727272B9
:1053F0007272727215191D262A727272722E373DE0
:105400004145497272724D565A5E6A6EB0F95E221B
:105410000A6069E0B0F95E224A6065E0B0F95E2298
:105420008A6061E0B0F95E2200EE102AB8EEC00A90
:1054300081ED030A58E0B0F95E220A6154E0B0F948
:105440005E224A6150E0B0F95E2200EE102AB8EE0A
:10545000C00A81ED0A0A47E0B0F95E228A64A0F82A
:10546000B03241E0B0F95E224A643DE0B0F95E221C
:105470000A6439E0B0F95E22CA6235E0B0F95E2212
:105480000A6331E0B0F95E22CA641C49A0F8B23266
:10549000A1F8823528E0B0F95E220A6524E0B0F96F
:1054A0005E224A6520E0B0F95E22022A03D0062A75
:1054B00001D0082A18D18A6516E01BE007E0B0F990
:1054C0005E22CA6510E0B0F95E220A660CE0A2F521
:1054D00080530F3B032B07D801EB8201A1F5A041BC
:1054E000B0F95E32C1F8DC3F90F8B81241F0020129
:1054F00080F8B812204670BD48040020D004002077
:1055000010B504460020B4F85A12A1F5A852103A7A
:105510000AD1B4F95E02FEF789FA94F8B80240F0B5
:10552000020084F8B802012010BD10B5B0F85A127C
:105530000024A1F5CC42663A07D1B0F95E02A0F58D
:1055400025415A3901D1FCF7B9FB204610BD10B5F1
:10555000B0F85A2200210E2A05D10121A0F8B41278
:1055600002F0D2F90121084610BD0000B0F85A221D
:105570000021A12A04D1034A90F85E020121107093
:1055800008467047801A002070B50446B0F8B20291
:10559000002501280CD1B4F8C802012550B101281A
:1055A0000FD0022814D0002603281AD0A4F8C8620D
:1055B000284670BD204601F005FC0028F8D00120E7
:1055C0000CE0204601F0F0FA0028F1D0022005E0BE
:1055D000204601F0B9FB0028EAD00320A4F8C80255
:1055E000E6E7204601F038FB0028E1D0A4F8C862C5
:1055F000A4F8B2620025DBE770B50546B0F8B0024A
:105600000024012807D10124284601F0C9FC10B16B
:105610000020A5F8B002204670BD0000F0B5044699
:10562000FC49002094F8B9E2A1B005260123D1F885
:1056300058C00546024601AFBEF1080F7ED008DC17
:10564000BEF1080F1FD2DFE80EF0566688A1B9F848
:10565000F6F5BEF12A0F72D00CDCBEF1090F6FD047
:10566000BEF10A0F6DD0BEF10B0F6BD0BEF1290F4A
:1056700009D1B6E0BEF1800F0AD0BEF1810F19D07A
:10568000BEF1820F30D0B4F8B60201287DD0BEE161
:10569000B4F8B40208B18120B5E0D4F898026421CE
:1056A000B0FBF1F201FB12000028F0D1204601F01E
:1056B000A1FCACE1D84ED4F89802B6F90410B0FBC6
:1056C000F1F201FB12000028E1D1B6F902102046E8
:1056D00001F008FC0128DAD1B6F90200411C718002
:1056E0001928D4DB82208EE0B4F8B6020128CED18E
:1056F00084F8B9228BE1D4E9A601814202D90A1AC1
:10570000282A04D28142C2D2401A2828BFD3204678
:1057100001F046FC1DE0D4E9A6138B4202D95E1AC3
:10572000282E04D28B42B2D2C91A2829AFD327F827
:105730001020401C00B22028F9DB04E0C1E065E045
:105740002AE13EE14EE1009283B23A464FF44051E5
:10575000B3E094F8B902401C55E0D4E9A6138B429B
:1057600002D95E1A282E04D28B4290D2C91A282957
:105770008DD327F81020401C00B21028F9DB0092CE
:1057800083B23A464FF4445197E03DE1D4E9A61381
:105790008B4202D95E1A282E04D28B4289D2C91AB2
:1057A000282986D327F81020401C00B20C28F9DBEA
:1057B000009283B23A4641F201217EE0D4E9A6018B
:1057C000814202D90A1A282A04D281421DD2401AE3
:1057D00028281AD3204601F0F5FA002815D02920F0
:1057E00011E0D4E9A601814202D90A1A282A04D27A
:1057F00081420AD2401A282807D3204601F0D4F962
:10580000002802D02A2084F8B90200E1D4E9A601D8
:10581000814202D90A1A282A04D2814209D2401AA6
:10582000282806D3204601F054FA002801D084F835
:10583000B962ECE02EE01BE0FFE7D4E9A6138B424F
:1058400002D95E1A282E0AD28B4202D2C91A2829FE
:1058500005D2DCE0411C09B227F810100846B0EB75
:105860004C0FF7DB009283B23A4643F6011124E075
:10587000D4E9A601814202D90A1A282A04D2814217
:105880007DD2401A28287AD3B4F9BC12204601F000
:1058900029FB5EE7D4E9A606864202D9371A282FEB
:1058A00004D286426BD2801B282868D308880092D5
:1058B000ADF8040001AA4FF48051204602F00CF923
:1058C00047E7D4E9A603834202D91E1A282E04D240
:1058D000834254D2C01A282851D38888ADF80400D6
:1058E0000889ADF8060091ED030A0323BDEEC00A56
:1058F00010EE100AADF8080031F8100FADF80A00EC
:105900008888ADF80C000889ADF80E008889ADF8DC
:105910001000088AADF81200888AADF8140091EDE5
:10592000060ABDEEC00A10EE100AADF81600088F88
:10593000ADF81800888EADF81A00088EADF81C007E
:10594000888BADF81E00088CADF82000888CADF86F
:105950002200ADF824304FF69D10ADF82600888F58
:10596000ADF82800B1F84000ADF82A00B1F84400C5
:10597000ADF82C00ADF82EC0B1F84C0000E042E0CC
:10598000ADF83000B1F850000092ADF832001823A5
:105990003A4641F20A0190E7D4E9A601814202D9D0
:1059A0000E1A282E04D2814231D2401A28282ED332
:1059B000B4F86C020092ADF804003A464FF404517A
:1059C0007BE7D4E9A601814202D90A1A282A04D227
:1059D00081421CD2401A282819D33F21204601F0C9
:1059E000F1FBB6E6D4E9A601814202D90A1A282AB7
:1059F00004D281420BD2401A282808D3204601F055
:105A0000A3F90028EDD102E0A4F8A432012521B0C9
:105A10002846F0BD48040020841B002070B50546D0
:105A2000B0F8CA02002401280BD1074E01243078B7
:105A300038B9284601F098FB18B100203070A5F85D
:105A4000CA02204670BD0000841B002070B50446C9
:105A5000B0F8A6020025012809D10125B4F9C01229
:105A6000204601F03FFA10B10020A4F8A602284613
:105A700070BD70B50446B0F8AC020025012809D10C
:105A80000125B4F9C412204601F02CFA10B100200F
:105A9000A4F8AC02284670BD70B50446B0F8AA025E
:105AA0000025012809D10125B4F9C612204601F0CC
:105AB00019FA10B10020A4F8AA02284670BD70B5EA
:105AC0000446B0F8A8020025012809D10125B4F93F
:105AD000C612204601F006FA10B10020A4F8A80270
:105AE000284670BD70B50446B0F8A4020025012810
:105AF00009D10125B4F9BC12204601F0F3F910B127
:105B00000020A4F8A402284670BD70B50446B0F881
:105B1000A0020025012809D10125B4F9BE122046B2
:105B200001F0E0F910B10020A4F8A002284670BDF1
:105B300070B50446B0F8A2020025012809D101255C
:105B4000B4F9BA12204601F0CDF910B10020A4F842
:105B5000A202284670BD70B50446B0F8AE0200251A
:105B6000012809D10125B4F9C212204601F0BAF981
:105B700010B10020A4F8AE02284670BD70B50546ED
:105B800090F84C000024122808D001242846FFF782
:105B900045FD012802D1122085F84C00204670BD39
:105BA00070B505460A4800240068A0F50051CD39BB
:105BB0000CD101242846FBF755F82846FAF7A2FD38
:105BC0002846FAF753FF284601F01AFA204670BD1E
:105BD0001804002001460020A1F10902022A06D281
:105BE00001EB4100024901EB400010F8310C704715
:105BF000A87000202DE9F04100F042F81E4C00276B
:105C0000012620781D4D00284FF00A0003D0FFF731
:105C1000E1FF60B10CE0FFF7DDFF012808D126703D
:105C2000A5F86062A5F8306501F066FC00E0277019
:105C3000607800284FF0090006D0FFF7CBFF00285E
:105C400000D16770BDE8F081FFF7C4FF0128F9D1EA
:105C50006670A07810F0010100F10100A07006D07C
:105C60000029EFD0A5F8A462A5F87465EAE7A5F8C5
:105C7000A262A5F87265E5E79A000020D004002032
:105C800070B5104D002400BF04EB440615F8160053
:105C9000FEF708FF05EB46010871CA78824209D178
:105CA0008A78521CD2B28A70322A05D332228A7084
:105CB000487101E000228A70641CE4B2C870022CB2
:105CC000E2D370BDA870002030B500200A4B014619
:105CD0005FF0010500F1090200EB4004401C03F8ED
:105CE000142003EB4402C0B29170D1701171517154
:105CF00055700228EED330BDA87000202DE9F04188
:105D000000241B4F264600F037F81A484069012846
:105D10002BD13D1D385D295D814201D028550126DA
:105D2000641CE4B2042CF5D3012E1ED100240026FD
:105D30002F5DF8074FF0000002D0FEF7D1FE01E022
:105D4000FEF7DCFE7F0801210320FDF7E5F9761C54
:105D5000F6B2082EEDD3641CE4B2042CE7D3BDE800
:105D6000F04101210220FDF7D7B9BDE8F081000024
:105D70009D0000204804002010B5FEF779FE4FF486
:105D80007A71B0FBF1F201FB1200002804D1BDE8EA
:105D900010400D20FEF798BE10BD10B50020FEF794
:105DA0009FFE0120FEF79CFE0220FEF7A7FE0320C7
:105DB000FEF7A4FE0420FEF7A1FE0120FEF790FEF0
:105DC00000210420FDF7A8F901210220FDF7A4F924
:105DD000BDE810400120FEF791BE0000FBF7ACFECD
:105DE000FDF7BCFEFDF76AFAFDF7F4F9FDF742FB9B
:105DF000FDF79AFBFDF760FBFDF71CFBFDF7B0FB21
:105E0000FDF776FB4FF4807422461A491A48FCF7D6
:105E1000F9FE19480068C16841F01001C1602246CE
:105E200016491748FCF7EEFE15480068C16841F0B6
:105E30001001C160224613491348FCF7E3FE1248E3
:105E40000068C16841F01001C160FFF73DFFFFF736
:105E5000A4FFFFF7E3F801F00BF8FDF7C7FD00F032
:105E6000DFFA00F07DFBFAF7D5FBFDF709FA00F049
:105E70001AF8FEE725050020D8270020F5070020A6
:105E80001C280020B00200206028002001460020CD
:105E9000842900D0C81C704710B500B9012001F05A
:105EA000B9FF002010BD10B501F0DAFF002010BDD1
:105EB0007FB50D4604464169B0F9080081B1A1697A
:105EC00071B1FFF7E3FFD4E905128DE80700D4E9CB
:105ED00000102B46226902F040F9039004B070BD17
:105EE000FFF7D4FF03A9CDE90001208A2B4682B237
:105EF000D4E9001002F004F9012801D00020EDE7F8
:105F00000398EBE7082809D80A2907D2044B00EBCD
:105F1000800003EB001000EB410002857047000099
:105F2000707A002030B508280DD80A290BD200EB72
:105F300080050548012400EB051020F8114000EB16
:105F400041008282038530BD707A0020082809D87C
:105F50000A2907D2044B00EB800003EB001000EB92
:105F60004100828770470000707A00202DE9F041DF
:105F7000184C0F460546E6682068001D01F082FEB9
:105F800038B9206890F82C1001208840216981439D
:105F90002161681C07D137B12168BDE8F0410E4886
:105FA000091D01F0B3BE20683544B5424560216843
:105FB00005D2A06BBDE8F041091D01F08FBE606BFA
:105FC000091D01F08BFEA06A854200D2A562BDE8E2
:105FD000F08100001C0000200C2D00202DE9F04174
:105FE000054601F09FFE2E4CA068401CA060206872
:105FF0002C4F10B1606940B32DE02560A0680128E6
:1060000029D1002606EB860007EB800001F058FE40
:10601000761C072EF6D323488C3001F051FE214820
:10602000A03001F04DFE1F48B43001F049FE1D487C
:10603000C83001F045FE1B48DC3001F041FE194834
:106040008C3060631430A06305E02068E96AC06AA0
:10605000884200D82560606A401C6062E96A0120BD
:10606000226988401043206101EB810007EB80002A
:10607000291D01F04BFE01F075FE606900280CD06F
:106080002068E96AC06A884207D207494FF0805009
:106090000860BFF34F8FBFF36F8FBDE8F081000042
:1060A0001C000020302C002004ED00E010B5044658
:1060B00090F8510058B101280CD002280FD0502080
:1060C00080F31188BFF34F8FBFF36F8FFEE7206B14
:1060D00001F05CFE2046BDE8104001F057BE10BD47
:1060E00010484FF47051420706D0C01D0D4920F0F2
:1060F0000700411AC1F570510B4A00230144C2E95F
:1061000000030839183A21F0070111604B600B6059
:106110000B1AC0E9001393604FF0004053605061C8
:1061200070470000202D002070000020144E154CF8
:10613000A6F1C8074FF08058DFF84C9012E000BF7E
:1061400001F0F0FDF068C568281D01F09BFDA06816
:10615000401EA0606068401E606001F003FE28469B
:10616000FFF7A4FF60680028EAD138680128F9D950
:10617000C9F80080BFF34F8FBFF36F8FF2E70000C5
:10618000F82C00201C00002004ED00E02DE9F04771
:106190009A46DDE9098481466FF00303206B03EB27
:1061A00082021044089E20F00707780707D050208D
:1061B00080F31188BFF34F8FBFF36F8FFEE7002589
:1061C00061B1002023180A5C83F834200A5C12B104
:1061D000401C1028F6D384F8435001E084F8345072
:1061E000072E00D30626E662C4E91165201D01F0E2
:1061F00072FD04F1180001F06EFD2461C6F1070084
:106200006462A061E56484F85050524649463846BD
:1062100000F0C0F82060B8F1000F01D0C8F80040CD
:10622000BDE8F08730B5114900E011460A688242A6
:10623000FBD34B685C18844203D140681844486023
:10624000084643681C18944209D1084C183C24683D
:10625000A24209D052681A4442600A681268026079
:10626000814200D0086030BD0460F9E77000002072
:106270000648416B096829B1416BC968C96849681A
:10628000816270474FF0FF31FAE700001C000020E8
:1062900008484068401C4FF0500080F3118804D03B
:1062A000BFF34F8FBFF36F8FFEE7BFF34F8FBFF387
:1062B0006F8FFEE7780000202DE9F04105460027AA
:1062C00001F004FE324E306808B9FFF709FF70692B
:1062D00005424ED1C5B3083568070ED005F007005A
:1062E000C0F108000544680707D0502080F31188EA
:1062F000BFF34F8FBFF36F8FFEE72DB370688542FA
:1063000037D82348183001460C6801E020460C4677
:106310006168A94202D221680029F7D131688C4214
:1063200027D007682168016060680837411B102981
:106330000FD96019420708D0502080F31188BFF3AD
:106340004F8FBFF36F8FFEE713E041606560FFF78B
:1063500069FF61687068401A7060B268904200D24C
:10636000B060706901430020C4E90001F068401C7E
:10637000F06001F083FF780707D0502080F3118888
:10638000BFF34F8FBFF36F8FFEE73846BDE8F08154
:106390005800002010B5031F4FF080741C601B1FB5
:1063A00021F001011960191F044B0B6014390A60B8
:1063B000091F6FF0020244380A6010BD91620008A4
:1063C00030B5002210290FD8084B0BE033F81240EB
:1063D00000EB4205240A00F8124013F81240521C48
:1063E0006C70D2B28A42F1D330BD000070770020C9
:1063F00030B500220C290FD8084B0BE033F81240BF
:1064000000EB4205240A00F8124013F81240521C17
:106410006C70D2B28A42F1D330BD000030780020D7
:106420002DE9F047ADF5B16D40F284552946684637
:10643000FAF78CF84FF0000844462A466946404671
:10644000FDF762FFDDF88055002876D14FF4B0618A
:106450006846FEF717F8A8427ED1EA4608F0FF002A
:10646000FEF7F2FA814604F10A00002687B209F12C
:10647000340512E05AF8241002C55AF82400C11756
:1064800000EBD150314640F34F22761CF6B208F0B3
:10649000FF00FFF737FD641CA4B2BC42EAD307F14A
:1064A0000A00002486B209F15C050EE05AF82710B4
:1064B00002C53AF82700214602B2641CE4B208F093
:1064C000FF00FFF743FD7F1CBFB2B742EED306F1DA
:1064D0000B0080B209F18401534607E003EB86020A
:1064E000761C92ED000AB6B2A1EC010A8642F5D301
:1064F00000F10B0189B209F1B00207E003EB80045F
:10650000401C94ED000A80B2A2EC010A8842F5D347
:10651000481C80B209F1DC0208E000BF03EB8104F3
:10652000491C94ED000A89B2A2EC010A8142F5D31C
:10653000411C8CB209F1E00105E00DE053F8202088
:10654000401C04C180B2A042F8D308F101001FFA38
:1065500080F8B8F1080F81D30DF5B16DBDE8F08773
:1065600070B59CB06C216846F9F7F0FF00246C22EE
:1065700069464FF4C060FDF7C7FE1A9D00287DD123
:1065800068216846FDF77EFFA84277D14B4A009804
:10659000694610604A48019A0260029A4260039A72
:1065A00082609DED040A80ED030A059A0261069A55
:1065B000426107225FF00B0351F8225000EB840682
:1065C000641C521C92B2E4B2B5619A42F4D301EB5E
:1065D0008203521C93ED000A92B280ED0A0A51F830
:1065E0002230521C92B2C36251F82230521C92B235
:1065F000036351F82230521C92B2436351F82230A7
:10660000521C92B2836351F82230521C92B2C3637F
:1066100051F82230521C92B2036451F82230521CBD
:1066200092B2436451F82230521C92B2836451F802
:106630002230521C92B2C36451F82230521C92B2E2
:10664000036551F82230521C92B2436551F8223052
:10665000521C92B2836551F82240521C92B2C4651A
:1066600051F822100166082B01DD08218165826D39
:106670001449022A0ED0062A14D000E01CE0082A91
:106680001AD102693120AAB1012A13D0022A13D1EA
:106690003E200FE00269402062B1012A0AD0022A9E
:1066A0000AD107E00269302022B1012A02D0022A71
:1066B00002D13F20A1F8BC021CB070BD1404002020
:1066C00048040020D004002030B50022102917D83B
:1066D0000C4B13E053F82240240E00F8224053F8EC
:1066E0002240250C00EB8204657033F822502D0AFD
:1066F000A57013F82250521CE570D2B28A42E9D339
:1067000030BD0000B0760020C278072A03D30022F3
:10671000C27001228270C278B1F1807F00EB8202E8
:1067200001D3A1F100715160C178491CC17070475B
:10673000F8B5B0F86C120025082901D90020F8BD81
:10674000384C79B1491E61702278374E00215AB118
:10675000012A20D0022A35D0032A4AD021700125EF
:106760002846F8BD0821EEE7D0E9A623934202D9D6
:106770009F1A142F04D29342F2D2D21A142AEFD3C2
:1067800062780A2302EB820206EB021200914FF4B8
:106790000C5114323FE0D0E9A623934202D99F1A4C
:1067A000142F04D29342DBD2D21A142AD8D362789F
:1067B0000A2302EB820206EB021200914FF4105101
:1067C000283228E0D0E9A623934202D99F1A142F39
:1067D00004D29342C4D2D21A142AC1D362780A23B3
:1067E00002EB820206EB021200914FF408513C3298
:1067F00011E0D0E9A623934202D99E1A142E04D2A6
:106800009342ADD2D21A142AAAD3009100F51B727A
:1068100001234FF4045101F05FF92078401C2070EF
:106820009EE70000B4040020707A002030B40022FB
:10683000404D0123404C114680F84D20A8421ED106
:1068400004F58875C56040350561403545614035C2
:1068500085612035C56120350562203545624035AA
:1068600085622035C56218350563344D45632D1D9D
:1068700085632D1DC5632D1D05642D1D1CE0304D48
:10688000C56040350561403545614035856120353D
:10689000C0E9075440354562403585622035C56200
:1068A00018350563254DAD1E45632D1D85632D1DD2
:1068B000C5632D1D05642D1D4564A0F8B23280F816
:1068C0005410056D00F256236B61056D9B1CAB6186
:1068D000056D00F15503EB61056D2B62A0F85612B2
:1068E00080F858124FF6FF73A0F85A32A0F85C12E5
:1068F000A0F85E12A0F86A125823A0F86C32A0F833
:106900006E12A0F866120F4900EB820551F8223092
:10691000521CD2B2C5F870320A2AF5D30021FF22E8
:1069200024F81120491CC9B21029F9D3006D816ADD
:1069300030BC0847A0070020B0770020BE0400202C
:10694000B07600205C890008F8B5B0F86C1200251C
:10695000082901D90020F8BD214C59B1491E6171A7
:106960002179204E002339B101291CD02371012542
:106970002846F8BD0821F2E7D0E9A6128A4202D9DA
:10698000571A142F04D28A42F2D2891A1429EFD34B
:106990006179009301EB810106EB01120A234FF4A8
:1069A0000C51143215E0D0E9A6128A4202D9571AC6
:1069B000142F04D28A42DBD2891A1429D8D36179E0
:1069C000009301EB810106EB01120A234FF41051F1
:1069D000283201F081F82079401C2071C8E70000BE
:1069E000B4040020707A0020F8B50446406C1D4EB7
:1069F0000025B0F90010A6F140022B4629B101296B
:106A000018D0038001252846F8BDD4E9A6018142AB
:106A100002D90E1A142E04D28142F4D2401A14283C
:106A2000F1D3009320234FF44051204601F054F855
:106A3000012014E0D4E9A601814202D90A1A142ADD
:106A400004D28142DFD2401A1428DCD300931023F1
:106A500032464FF44451204601F03EF80220616C6A
:106A60000880D0E770770020F8B5B0F86C220025D8
:106A7000082A01D90020F8BD204C00214AB1E2705B
:106A8000A2781F4E3AB1012A1CD0A17001252846D8
:106A9000F8BDE170F4E7D0E9A623934202D99F1A2A
:106AA000142F04D29342F2D2D21A142AEFD3E278EE
:106AB0000A2302EB820206EB021200914FF40C5102
:106AC000143215E0D0E9A623934202D99F1A142F5D
:106AD00004D29342DBD2D21A142AD8D3E27800919E
:106AE00002EB820206EB02120A234FF41051283205
:106AF00000F0F2FFA078401CA070C8E7B4040020AA
:106B0000707A002070B50546B0F8680200240128AC
:106B100007D101242846FFF70BFE10B10020A5F88D
:106B20006802204670BD00002DE9F0410F46064680
:106B300000241B4D2AE02046FEF72EFA286D70B186
:106B40002968A1F5DA426C3A09D1DFED160A60EE48
:106B5000200A00EE100AB8EEC01A80EE810AE86C36
:106B6000C8B1F2EE040A20EE200A00BFBDEEC00A52
:106B700007EB840110EE100A46F82400001427F8F1
:106B8000240036F82400641C4880E4B2A86DA042BA
:106B9000D1DCBDE8F081F6EE000A30EE200AE5E730
:106BA0004804002000007A442DE9F84305460027F8
:106BB0000121FDF77BFB00EB0010A96C102202EB1A
:106BC00080028C5E2A6C142606EB8006B2F9003037
:106BD0008E5993FBF4F204FB12324FF0180C36F985
:106BE000126093FBF4F20CEB800C04FB123251F8B0
:106BF0000CC002EB42020CEB8202DFF858C0DCF85A
:106C00004CC0BCF1000F0BD093FBF4F204FB12322A
:106C10001C2303EB800002EB4202085800EB8202C7
:106C20004FF000080623B1B22846CDF8008000F0EE
:106C3000EDFE012803D1296C0888401C0880286CCF
:106C4000B0F90010A14202DBA0F80080012738460D
:106C5000BDE8F88348040020F8B504460026042166
:106C6000FDF724FB00EB0010A16C382202EB800240
:106C70008D5E226C3C2707EB8007B2F90020CF59CC
:106C800092FBF5F305FB132337F813C092FBF5F3E2
:106C900005FB1322402303EB800002EB420208585D
:106CA000002700EB820206231FFA8CF12046009792
:106CB00000F0ACFE012803D1216C0888401C08803C
:106CC000206CB0F90010A94201DB07800126304694
:106CD000F8BDF8B5044600260321FDF7E7FA00EBFE
:106CE0000010A16C2C2202EB80028D5E226C3027FA
:106CF00007EB8007B2F90020CF5992FBF5F305FBB3
:106D0000132337F813C092FBF5F305FB132234234A
:106D100003EB800000270858022300EB82021FFAD1
:106D20008CF12046009700F071FE012803D1216C00
:106D30000888401C0880206CB0F90010A94201DBD3
:106D4000078001263046F8BDF8B50446002602212A
:106D5000FDF7ACFA00EB0010A16C202202EB8002E0
:106D60008D5E226C242707EB8007B2F90020CF59F3
:106D700092FBF5F305FB132337F813C092FBF5F3F1
:106D800005FB1322282303EB800002EB4202085884
:106D9000002700EB820206231FFA8CF120460097A1
:106DA00000F034FE012803D1216C0888401C0880C3
:106DB000206CB0F90010A94201DB078001263046A3
:106DC000F8BD00002DE9F843002705463946FDF7D8
:106DD0006DFA00EB0010A96C2A6C042631F92040F2
:106DE000B2F9003006EB800693FBF4F204FB12329A
:106DF0008E594FF0080C0CEB800C36F9126093FBA7
:106E0000F4F204FB123251F80CC002EB42020CEB1C
:106E10008202DFF858C0DCF84CC0BCF1000F0BD088
:106E200093FBF4F204FB12320C2303EB800002EB21
:106E30004202085800EB82024FF000080623B1B26C
:106E40002846CDF8008000F0E1FD012803D1296C2F
:106E50000888401C0880286CB0F90010A14202DBB1
:106E6000A0F8008001273846BDE8F88348040020D8
:106E700010B50448FFF7DAFCBDE810400248FFF700
:106E8000D5BC0000D0040020A00700202DE9F04769
:106E90000024154688468146032A1ED2DFF840A00A
:106EA0006F1E16E000FB0740C6B221462846FAF7DF
:106EB0008DF8BDEEC00A10EE100A49F82600011444
:106EC00028F8261008EB860139F82600641C488053
:106ED000E4B2DAF85800A042E4DCBDE8F087000034
:106EE000480400201CB50E4A002352680192ADF8F8
:106EF0000610D0E9A6128A4202D9541A142C04D2E0
:106F00008A420AD2891A142907D300210091022348
:106F100001AA842100F0E0FD012318461CBD0000F9
:106F20008489000870B50546B0F862020024012883
:106F300007D101242846FFF707FD10B10020A5F86E
:106F40006202204670BD70B50546B0F860020024AC
:106F5000012803D0FDF786FD01280DD10124FEF79D
:106F6000B1F800F0D1FC2846FFF73EFD20B100202B
:106F7000A5F8600200F0BAFA204670BD70B505466B
:106F8000B0F864020024012807D101242846FFF745
:106F90006BFD10B10020A5F86402204670BD000012
:106FA0001CB51249124A002309680191BDF804106A
:106FB00092F84820C9B241EA0221ADF80410D0E9A4
:106FC000A6128A4202D9541A142C04D28A420AD236
:106FD000891A142907D300210091022301AA8221D2
:106FE00000F07AFD012318461CBD000084890008CA
:106FF00048040020002301220E2100F0C3BC000041
:107000002DE9F041064627480025C06A28B33046DE
:1070100000F04EF8244C2548002721784FF0010855
:1070200039B101290DD0022918D003292BD027709E
:1070300003E000F0D5F9012801D001252EE06770AA
:1070400028E06178415C304600F0BCF8012825D189
:1070500002202070D6F8980260601FE0827A617882
:10706000921E4FF496608A4202D009B14FF46170CB
:10707000A060D4E90112D6F89802114488420DD3D9
:10708000032020700AE06178491CC9B26170807ADF
:10709000884202D984F8008000E027702846BDE8C5
:1070A000F0810000480400207C1F0020F07E0020BA
:1070B0002DE9F04385B000242A4D03AE4FEA0409C0
:1070C00005EBC40703A920464237FCF7CDFC00219D
:1070D0000A460846335C17F800C0634509D005EB43
:1070E000440C3B54ACF8629005EB040C01238CF883
:1070F0006A30335CFF2B05D003F1010C0DF801C0A1
:10710000491C89B2401C1A44C0B292B20828E1D38B
:10711000B2F5FF6F1AD02F1997F86A00012815D120
:10712000022913D305EB4400B0F86220521C92B23E
:10713000A0F86220B2F5FA7F0CD3A0F86290C9B231
:10714000684600F073F987F86A9003E005EB4401A4
:10715000A1F86290641CE4B2042CB1D305B0BDE880
:10716000F0830000FC7E002000B5154AA1B000218C
:10717000136901AAA3B1012B12D0022B17D000BFB3
:1071800022F81110491C09B20829F9DB00228BB240
:10719000009201AA43F6011100F038FC21B000BDB5
:1071A00022F81110491C09B21029F9DBEEE701F1B0
:1071B000080322F81130491C09B20829F7DBE5E77A
:1071C000480400207CB51D4A0023126801921C4A25
:1071D000146C651E632D06D8BDF80650EDB245EA65
:1071E0000424ADF806403F2908D1BDF8064092F8C6
:1071F0004420E4B244EA0222ADF806203F22B1FB6B
:10720000F2F402FB1411012202EB0121ADF804108B
:10721000D0E9A6128A4202D9541A142C04D28A4206
:107220000AD2891A142907D300210091022301AA46
:10723000A02100F051FC012318467CBDC089000844
:10724000480400202DE9F05F44688046002594F84A
:1072500058022F462E46012875D194F85500A946AC
:107260005A286ED194F85600A5286AD1B4F856125F
:10727000062953D394F85700C91E81424ED194F881
:10728000581080294AD0812904D0822946D08329E8
:1072900044D116E094F85A60C01EB0423ED194F832
:1072A00059A00BE0E01990F85B200AEB0700C1B28F
:1072B000404600F062F805437F1CBFB2B742F1D3ED
:1072C0002CE094F85B70001F00EBD070B7EB600F00
:1072D00024D194F859004FF6FF7101EA002094F888
:1072E0005A2000F47F4010441FFA80FA8B4613E0C6
:1072F00004EB460010F85C1F0BEA0121407801F412
:107300007F41084482B20AEB060081B2404600F099
:107310003FF80543761CB6B2BE42E9D3D4F89802D2
:1073200041F2883188420CD9E80702D000F020F9F8
:1073300001E0A80705D500F0A9F9D8F8041081F8F4
:10734000B89284F85892BDE8F09F00002DE9F04112
:1073500000240546042746680AE000BF686907EB79
:10736000C401415830468847012804D0641CE4B267
:10737000287CA042F2D8BDE8F081034600205B687B
:10738000002904D183F85420012183F84D1070475F
:107390002DE9F047446800274FF6FF78A4F85A1209
:1073A00006463D46A4F85E22414513D04FF004093D
:1073B0000AE000BFF16809EBC5000958204688477C
:1073C00001280AD06D1CEDB2307AA842F2D800BF75
:1073D000A4F85A823846BDE8F08794F8B872F7E707
:1073E00011490246002091F87830002B1BD091F80B
:1073F000770000EB400303EBC00008440368136010
:107400004368536003891381807A907211F8770F73
:107410000622401CB0FBF2F302FB13000870487810
:10742000401E487001207047FC7E002030B52A4A7B
:10743000002392F87840062C4CD207294AD292F8C1
:10744000764004EB440505EBC4041444056825604C
:107450004568656005892581807AA07292F876403A
:107460001A2004EB440505EBC4041444605492F85C
:1074700076403F2004EB440505EBC40414440C445F
:10748000607092F87640881C04EB440505EBC40458
:107490001444A0721148006E01280FD1491C0BE062
:1074A00092F8760000EB400404EBC0008418E05C26
:1074B0001E30E0545B1CDBB28B42F1D312F8760F26
:1074C0000621401CB0FBF1F301FB13001070907813
:1074D000401C907030BD0000FC7E0020480400205D
:1074E000014981F862037047AC000020014981F82E
:1074F00061037047AC000020014981F860037047C8
:10750000AC00002008280BD20A2909D200EB800326
:10751000C3EB8010034B03EB800000EB8100C265DE
:107520007047000048690020104810B54168D1F844
:107530009822521CC1F89822C069D0F89812491CB0
:10754000C0F898120948FFF77DFE08481830044635
:10755000FFF778FE0548FFF7F9FE2046FFF7F6FE35
:10756000BDE81040A520FFF7BBBF0000700A002057
:107570002DE9F041434E00273D464FF4B078F8B274
:10758000FDF762FA05F10A0189B200F134024346BF
:1075900006E09D4202D210CA46F825406D1CADB2ED
:1075A0008D42F6D301F10A0292B200F15C0406E0CA
:1075B000994202D220CC46F82150491C89B291420E
:1075C000F6D302F10B0189B200F1840409E09A427A
:1075D00005D2B4EC010A06EB820585ED000A521CC7
:1075E00092B28A42F3D301F10B0292B200F1B004DD
:1075F00009E0994205D2B4EC010A06EB810585ED5C
:10760000000A491C89B29142F3D3511C8CB200F19B
:10761000DC0109E09A4205D2B1EC010A06EB8205D1
:1076200085ED000A521C92B2A242F3D3611C8DB2C6
:10763000E03006E09C4202D202C846F82410641CE6
:10764000A4B2AC42F6D37F1CBFB2082F97D3A100DF
:107650003046FCF717FF46F82400641CA0B2B0F5D2
:10766000B17F0DD24FF6FF7101EA80023146002052
:10767000FCF79AFE002803D103490888401C0880C3
:10768000BDE8F081C07000204404002070B59C4B20
:107690009A4C0021586B401C58639A48012220C81C
:1076A00044F82150491C89B29142F8D3501C9449A6
:1076B00004E020C944F82250521C92B28242F8D30E
:1076C0000146401C1B1D04E004CB44F82120491C4A
:1076D00089B28142F8D30146894A401C083204E04D
:1076E00008CA44F82130491C89B28142F8D30146C6
:1076F000834A401C0C3207E0B2EC010A04EB810320
:10770000491C89B283ED000A8142F5D301467C4AC7
:10771000401C103204E008CA44F82130491C89B2E8
:107720008142F8D30146764A401C143204E008CA6C
:1077300044F82130491C89B28142F8D30146704A8D
:10774000001D183204E008CA44F82130491C89B2EF
:107750008142F8D301466A4A401C283208E000BF43
:10776000B2EC010A04EB8103491C89B283ED000AE3
:107770008142F5D30146624A401C2C3204E008CA1B
:1077800044F82130491C89B28142F8D301465C4A51
:10779000401C303204E008CA44F82130491C89B248
:1077A0008142F8D30146564A401C343204E008CAEC
:1077B00044F82130491C89B28142F8D30146504A2D
:1077C000401C383204E008CA44F82130491C89B210
:1077D0008142F8D301464A4A401C3C3204E008CAC0
:1077E00044F82130491C89B28142F8D30146444A09
:1077F000401C403204E008CA44F82130491C89B2D8
:107800008142F8D301463E4A401C443204E008CA93
:1078100044F82130491C89B28142F8D3411C384ACE
:1078200089B2483204E008CA44F82030401C80B2D3
:107830008842F8D3481C324A80B24C3204E008CA6D
:1078400044F82130491C89B28142F8D3411C2C4AAA
:1078500089B2503204E008CA44F82030401C80B29B
:107860008842F8D3481C82B22548543004E008C846
:1078700044F82130491C89B29142F8D3501C204968
:1078800080B2583104E008C944F82230521C92B248
:107890008242F8D3411C8DB219495C3104E004C91D
:1078A00044F82020401C80B2A842F8D3681C81B262
:1078B0001348603004E004C844F825206D1CADB2C4
:1078C0008D42F8D32046A900FCF7DCFD44F82500E2
:1078D0006D1CA8B21B280FD84FF6FF7101EA800279
:1078E00021464FF4C060FCF75FFD002804D1044836
:1078F000001F4188491C418070BD00004476002073
:1079000048040020140400202DE9F04F1B4C0020F7
:1079100004F180029FED1A0A01464FF6FF75A2F1AD
:10792000400602F14008FF2302F1600902F18007DE
:1079300002F1A00A02F5987B02F5B87E44F8201007
:1079400002EB800C22F82010ACF8021046F8205010
:1079500028F8101029F810300AEB800C27F81030A6
:107960008CED000A0BEB800C8CED000A2EF8101049
:10797000401CC0B21028E1D3BDE8F08FB0760020E3
:107980000000000070B50446D4E9A605854202D97E
:107990002E1A142E04D285422BD2401B142828D331
:1079A0004FF6FF70814224D288184FF6FE75401EB4
:1079B000A8421ED25A2084F85501A52084F8560109
:1079C000042084F85701832084F85801080A84F8B9
:1079D000590184F85A1184F85B21012B0AD007223F
:1079E000206D04F25511436B9847D4F89802C4F8FF
:1079F0009C0270BD042104F5AC70FCF743FD010A44
:107A000084F85C1184F85D010922E9E72DE9F04171
:107A100004461D46D4E9A6364FF0000C069F60468A
:107A20009E4204D9A6EB030EBEF1140F04D29E426F
:107A300040D29B1B142B3DD34FF6FF73994239D292
:107A40004B194FF6FE765B1EB34233D25A2384F8AD
:107A50005531A52384F85631032303EB450384F8FD
:107A60005731822684F858610E0A84F8596184F8E7
:107A70005A110BE032F8101004EB40064FEA112CBB
:107A800086F85BC1401C86F85C1180B2A842F1D335
:107A9000012F12D05FF0060000EB450082B2206D8E
:107AA00004F25511436B9847D4F898024FF0010C3B
:107AB000C4F89C026046BDE8F081194604F5AC703C
:107AC000FCF7E0FC04EB4501020A81F85B2181F838
:107AD0005C010820E0E700002DE9F04104461D4666
:107AE000D4E9A6360020069F9E4204D9A6EB030CDB
:107AF000BCF1140F04D29E423ED29B1B142B3BD3ED
:107B00004FF6FF73994237D24B194FF6FE765B1E44
:107B1000B34231D25A2384F85531A52384F8563123
:107B2000032303EB450384F85731822684F8586118
:107B30000E0A84F8596184F85A110BE032F8021BDE
:107B400004EB40064FEA112C86F85BC1401C86F816
:107B50005C1180B2A842F1D3012F0FD05FF0060074
:107B600000EB450082B2206D04F25511436B98473B
:107B7000D4F89802C4F89C02BDE8F081194604F5D7
:107B8000AC70FCF77FFC04EB4501020A81F85B2135
:107B900081F85C010820E3E730B5082866D20A299D
:107BA00064D200EB8002C2EB8010354A02EB800207
:107BB00002EB8100536A436301235418002984F8BF
:107BC000283053D094F82740012C06D1D0E90C4539
:107BD000A54200DD0023C2F8E030D0E916431C1BAB
:107BE00000EE104AD0E90C54F8EEC00A651B00EE16
:107BF000105A0929B8EEC01A80EE810A00EE903AB8
:107C000001EE104AF8EEE00AB8EEC11A80ED210A42
:107C100040EE410AC0ED2C0A1CD2046EE31A00EEBD
:107C2000103AD0E90D53F8EEC00A5D1B00EE105A71
:107C3000B8EEC01A80EE810A00EE904A01EE103ACA
:107C4000F8EEE00AB8EEC11A80ED220A40EE410AD1
:107C5000C0ED2D0A01290AD0092907D192ED2A0A7F
:107C600082ED2B0A92ED350A82ED360A30BD92ED97
:107C7000220A82ED210A92ED2D0A82ED2C0A30BDF6
:107C800048690020D0E9013201699A60D0E90123F6
:107C90005A604A68824201D182684A6000220261C9
:107CA0000868401E0860086870470000034B0360C6
:107CB00003F154000860802010607047B02000205D
:107CC00000F108014FF0FF32C0E90112C16001610B
:107CD00000210160704700210161704730B50B68D9
:107CE0005A1C02D000F1080202E0026904E02246B8
:107CF000546825689D42FAD953684B6099608A6040
:107D0000516008610168491C016030BD42684A60E9
:107D100093688B6093685960916008610168491CA1
:107D200001607047502080F31188BFF34F8FBFF37D
:107D30006F8F0A494868401C486001280CD10848E8
:107D4000006810F0FF0F07D0502080F31188BFF3B8
:107D50004F8FBFF36F8FFEE7704700007800002061
:107D600004ED00E00849486828B1401E486001D190
:107D700080F311887047502080F31188BFF34F8F34
:107D8000BFF36F8FFEE700007800002070B5002879
:107D90002AD0164DA0F1080460686969084207D12D
:107DA000502080F31188BFF34F8FBFF36F8FFEE732
:107DB00022683AB1502080F31188BFF34F8FBFF390
:107DC0006F8FFEE78843606000F080F86068696844
:107DD000084468602046FEF725FA2869401C28619F
:107DE000BDE8704000F04ABA70BD000058000020A5
:107DF0004FF0E02000210161816105494FF47A7262
:107E00000968B1FBF2F1491E416107210161704728
:107E10001800002010B5020014D00F48006B38B1D4
:107E2000502080F31188BFF34F8FBFF36F8FFEE7B1
:107E300000F04CF800211046FEF798F800F01EFA0A
:107E4000002807D105494FF080500860BFF34F8FDD
:107E5000BFF36F8F10BD00001C00002004ED00E098
:107E600010B586B00024039405AA04A903A80494BD
:107E7000FFF71CFFDDE903010094CDE901100023A9
:107E80000EA11048059A00F068F90F490028C86251
:107E900011D0502080F31188BFF34F8FBFF36F8F45
:107EA0004FF0FF30886201204861CC6006B0BDE829
:107EB000104000F0ABB806B010BD000049444C457E
:107EC000000000002D6100081C0000200248016B2A
:107ED000491C0163704700001C0000201448016B1E
:107EE00011B10121C16170470021C1610169B1FA7D
:107EF00081F1C1F11F0101EB81020E4951F82230DD
:107F00006BB101EB820101F108034A6852684A60D3
:107F10009A4201D152684A60D1680160704750208E
:107F200080F31188BFF34F8FBFF36F8FFEE7000020
:107F30001C000020302C002070B50022102916D81B
:107F400000250B4B11E000BF23F8125010F812402F
:107F500000EB4206240204F47F4423F812407678B2
:107F6000344423F81240521CD2B28A42ECD370BD82
:107F70007077002070B500220C2916D800250B4B15
:107F800011E000BF23F8125010F8124000EB420637
:107F9000240204F47F4423F812407678344423F812
:107FA0001240521CD2B28A42ECD370BD307800200D
:107FB00070B50022102921D970BD124B002400EBAE
:107FC000820543F8224010F82240240204F47F4442
:107FD00043F822406E7834440B4E06EA042443F8FA
:107FE0002240AE783444240224F0FF0443F82240B7
:107FF000ED782C4443F82240521CD2B28A42DCD3A2
:1080000070BD0000B076002000FFFF001CB53748AF
:108010000168374A914207D1502080F31188BFF39D
:108020004F8FBFF36F8FFEE700683149491E8842CA
:1080300007D1502080F31188BFF34F8FBFF36F8FAC
:10804000FEE72C4908780190FF20087008788DF829
:1080500000009DF800009DF8002000F0F000904224
:1080600007D0502080F31188BFF34F8FBFF36F8F7D
:10807000FEE79DF80000204C00F050002070072023
:10808000A06005E09DF8002052008DF80020401E01
:108090009DF800201206F5D4A060032807D05020D8
:1080A00080F31188BFF34F8FBFF36F8FFEE74FF45C
:1080B0004070A060019808700C482030016841F4BD
:1080C00070010160016841F070410160FFF790FEAE
:1080D00000206060F8F7F0F80848016841F040417E
:1080E0000160F8F7D5F800201CBD000000ED00E0AD
:1080F00071C20F4100E400E07800002034EF00E09E
:108100002DE9FF5F8346DDE90E87994616468A46CC
:108110009000FEF7D1F805001CD05420FEF7CCF8F3
:10812000040014D00020256384F85100CDE90240FA
:10813000CDE900874B46324651465846FEF726F8B1
:108140002046FDF74BFF012004B0BDE8F09F284614
:10815000FFF71CFE4FF0FF30F6E7F0B585B0DDE924
:108160000B640A9DA6B1DCB1542700972663022652
:1081700084F85160002604AFCDE90246CDE90057EE
:10818000FEF704F82046FDF729FF049805B0F0BD7E
:10819000502080F31188BFF34F8FBFF36F8FFEE73E
:1081A000502080F31188BFF34F8FBFF36F8FFEE72E
:1081B0002DE9F0412F4C0026206B28B1A069401C0E
:1081C000A0613046BDE8F081E5686D1CE56013D123
:1081D000606B006838B1502080F31188BFF34F8F77
:1081E000BFF36F8FFEE7606BA16B6163A063206AD2
:1081F000401C2062FEF73CF8A06ADFF87C808542D4
:1082000009D3606B0068A0B1606BC068C76878680C
:10821000854211D2A0622068C06A00EB800158F844
:108220002100012800D90126E0690028C9D00126D3
:10823000C7E74FF0FF30EDE7381DFFF723FDB86AC1
:1082400018B107F11800FFF71DFDF96A0120226936
:1082500088401043206101EB810108EB8100391D4A
:10826000FFF754FDF86A2168C96A8842C9D301261C
:10827000C7E700001C000020302C00202DE9F0474B
:108280002C4D00242746286B38B1FFF74BFD286B97
:10829000401E2863286B40B146E0502080F31188CF
:1082A000BFF34F8FBFF36F8FFEE7A968224E012007
:1082B000D1B3A6F1B40980463068E8B1F068C4686B
:1082C00004F11800FFF7DEFC201DFFF7DBFCE06A7D
:1082D0002A6908FA00F11143296100EB800109EBDA
:1082E0008100211DFFF712FDE06A2968C96A8842F2
:1082F000E2D3C5F81C80DFE70CB1FDF7B9FFAC692C
:1083000044B14646FFF754FF00B1EE61641EF9D157
:108310000020A861E86938B10849012738070860DA
:10832000BFF34F8FBFF36F8FFFF71CFD3846BDE8DB
:10833000F08700001C000020E42C002004ED00E089
:1083400021F00042A2F16052B2F5801F01F000431B
:1083500028BFD2F17F6C0BD95FEA001C43EAC2024E
:1083600042EB507018BF704728BF20F001007047E3
:10837000B2F5801FBCBF184670474FEA410C1CF590
:10838000001F02D2084600F0B8B970B500F026F917
:1083900000000089FFF7F6BF4FF00040A0F5800015
:1083A0007047491058BFC1F140415B1058BFC3F13D
:1083B00040438B42EFF30080704710F0004248BF0B
:1083C0004042B0FA80F310FA03F10AD0C3F11D0362
:1083D00003F580634FEA415002EB035202EBD121D7
:1083E00070474FF000007047B0FA80F310FA03F1C5
:1083F0000AD0C3F11D0303F580634FEA41504FEAF1
:10840000035202EBD12170474FF00000704700008B
:1084100051EA030C17D41CF5801F58BFBCF5801F10
:1084200000F10680994218BF704708BF904270471C
:1084300007D711F5801F58BF13F5801F19D4994233
:108440007047894270471CF5801F08D5BCF5801F16
:10845000F7D58B4218BF704708BF824270474FF470
:10846000001C1CEB410F38BF1CEB430F01D28B42A9
:10847000704770B500F0B2F8922449004FF00051F7
:108480004FF08053FFF78DBFDFF848C170B51CEA8D
:10849000111E1EBF1CEA13159EEA0C0F95EA0C0F65
:1084A00000F06F8081EA030423EA4C134EEAD47E85
:1084B00021EA4C1141F4801143F48013AE44A1FB36
:1084C000024CA0FB0365AEF17F7E361955EB0C051F
:1084D000A1FB034C4CF10003A0FB021C16EB0C06A5
:1084E000654153F10003094218BF46F0010613F439
:1084F000007F0BD14FEA03314FEA0530340341EAE4
:10850000155140EA16506FF003020AE04FEAC3210A
:108510004FEAC520F40241EA555140EA56506FF047
:10852000020202EB2E4201EB025585EACE710AD01F
:108530005FEA440C18BF24F0004450F1000041F100
:10854000000120EAD47040F2FE7C624500D270BD8A
:10855000A84214BF4FF080444FF04044002E08BFA3
:108560000024BEF1806FA8BFA1F1C041BDE87040FA
:1085700080F282804FF0000001F1C04101F0004123
:1085800070479EEA0C0F0CEA131518BF95EA0C0F02
:1085900006D04FF0000081EA030E0EF0004170BDDE
:1085A00000F01CF88900013E00F007B800F009B89F
:1085B0004FEA430C5FEA5C5C08D081EA030100F0FB
:1085C0005BB84FEA410C5FEA5C5CF6D14FF000000B
:1085D000014970470000FF070000F87F0EF1020E0E
:1085E0002EF0030E5EF8046B364205D4012A43EBED
:1085F000030515F5001F12D8012841EB010C1CF5ED
:10860000001F0CD80ED14FEAD17C15F5001F0CEBE2
:108610004C0C0CF1020C08BF4CEBD37C04E04FF087
:10862000080C01E04FEAD37C0CEB4C0526FA05F66A
:1086300006F00706B6F1040C06D20EEB860CBDE878
:1086400070404CF0010C6047DFE80CF0090B0202AF
:108650004FF000414FF00000A1F5002170BD194618
:108660001046012851EB010418BFD4F5001484BF53
:10867000002001F0004170BD0808A0F500114FEA8C
:108680003101704753EA010C17D41CF5801F58BF05
:10869000BCF5801F00F106808B4218BF704708BFF1
:1086A0008242704707D713F5801F58BF11F5801F0E
:1086B00019D48B4270479B4270471CF5801F08D528
:1086C000BCF5801FF7D5994218BF704708BF90428C
:1086D00070474FF4001C1CEB430F38BF1CEB410FDD
:1086E00001D2994270470FB40CBC03BCFFF7C1BE66
:1086F0004FF04070E1EE100A7047FF2141EAD05080
:10870000C0057047C48900081D3B00080000000038
:1087100000000000800000000000000000000000D9
:10872000D0890008253B0008FDFF00000000000084
:108730000004000000000000000000000006101609
:1087400000061016000000000000000001020304F3
:1087500006070809000000000102030400C181406F
:1087600001C0804101C0804100C1814001C0804101
:1087700000C1814000C1814001C0804101C08041F1
:1087800000C1814000C1814001C0804100C18140E1
:1087900001C0804101C0804100C1814001C08041D1
:1087A00000C1814000C1814001C0804100C18140C1
:1087B00001C0804101C0804100C1814000C18140B1
:1087C00001C0804101C0804100C1814001C08041A1
:1087D00000C1814000C1814001C0804101C0804191
:1087E00000C1814000C1814001C0804100C1814081
:1087F00001C0804101C0804100C1814000C1814071
:1088000001C0804101C0804100C1814001C0804160
:1088100000C1814000C1814001C0804100C1814050
:1088200001C0804101C0804100C1814001C0804140
:1088300000C1814000C1814001C0804101C0804130
:1088400000C1814000C1814001C0804100C1814020
:1088500001C0804101C0804100C1814000C0C10110
:10886000C30302C2C60607C705C5C404CC0C0DCDA0
:108870000FCFCE0E0ACACB0BC90908C8D81819D910
:108880001BDBDA1A1EDEDF1FDD1D1CDC14D4D51540
:10889000D71716D6D21213D311D1D010F03031F130
:1088A00033F3F23236F6F737F53534F43CFCFD3D60
:1088B000FF3F3EFEFA3A3BFB39F9F83828E8E92950
:1088C000EB2B2AEAEE2E2FEF2DEDEC2CE42425E500
:1088D00027E7E62622E2E323E12120E0A06061A170
:1088E00063A3A26266A6A767A56564A46CACAD6D20
:1088F000AF6F6EAEAA6A6BAB69A9A86878B8B97990
:10890000BB7B7ABABE7E7FBF7DBDBC7CB47475B5BF
:1089100077B7B67672B2B373B17170B050909151AF
:108920009353529296565797559594549C5C5D9DDF
:108930005F9F9E5E5A9A9B5B9959589888484989CF
:108940004B8B8A4A4E8E8F4F8D4D4C8C448485457F
:108950008747468682424383418180400000000071
:108960003200000064000000C8000000F4010000B4
:10897000E8030000D0070000B80B0000A00F0000C3
:1089800088130000236460EA015A350000100020BB
:108990000008008000400400080010002000400093
:1089A00000200100040000802000000401000200FB
:1089B0000400080010008000010002000800100000
:1089C0000131006464656661756C745461736B0099
:1089D0006170705461736B314D730000FC89000845
:1089E00000000020B0200000C40100080895000825
:1089F000B020002028670000280200089200011221
:108A0000010462100D00045E24F4000112AA0101A9
:108A10002A300006FF080B0020000101FF0101FFC2
:108A2000010162011ECD6A031006ACF7FF1FE804C6
:108A30005006107AFF1FAC08300820F4F01F5000D9
:108A4000F80443907510ADD403338813076E40507B
:108A500004FE02F603A3A040301E646B04921E04C1
:108A60005E327F045F1A04F4030575002F2C196C25
:108A7000040C04FF010048740401FF015D1203EBC4
:108A8000FFFFCA0E4A580D07100B80360031003523
:108A90000038003408024F31BE2BE814D00804FF20
:108AA000020088D001FF010967D00A1501D01C0619
:108AB000D00400200F2C061006841A0020118A1200
:108AC000FC082D7C0A2C05A0070020300610063C6F
:108AD0001600200590124C080005230010024004E7
:108AE000920804120C1052041C02150C0461385236
:108AF00000047F0505680A0E160215061D1D0B10E1
:108B000006194B00081F0412210412250C121D0423
:108B1000121B04033C010640023D02402C060423C4
:108B20000020A047044C067D0020407D280B6E6489
:108B3000D80B00FF009011902190319041905190FE
:108B40006190719081909190A190B190C190D190DD
:108B5000E190F190019111912191319141915191C7
:108B60006191719181919191A191B191C191D191B5
:108B7000E191F1910192119221923192419251929F
:108B80006192719281929192A192B192C192D1928D
:108B9000E192F19201931193219331934193519377
:108BA0006193719381939193A193B193C193D19365
:108BB000E193F19301B011B0019411942194319497
:108BC000419451946194719481949194A194B1943D
:108BD000C194D194E194F194019511952195319529
:108BE000419551956195719581959195A195B19515
:108BF000C195D195E195F195019611962196319601
:108C0000419651966196719681969196A196B196EC
:108C1000C196D196E196F1960197119721973197D8
:108C2000419751976197719781979197A197B197C4
:108C3000C197D100FF0097E197F19701B111B10100
:108C4000981198219831984198519861987198811C
:108C5000989198A198B198C198D198E198F198010C
:108C600099119921993199419951996199719981F4
:108C7000999199A199B199C199D199E199F19901E4
:108C80009A119A219A319A419A519A619A719A81CC
:108C90009A919AA19AB19AC19AD19AE19AF19A01BC
:108CA0009B119B219B319B419B519B619B719B81A4
:108CB0009B919BA19BB19BC19BD19BE19BF19B0194
:108CC000B211B2019C119C219C319C419C519C6130
:108CD0009C719C819C919CA19CB19CC19CD19CE16C
:108CE0009CF19C01A011A021A031A041A051A06144
:108CF000A071A081A091A0A1A0B1A0C1A0D1A0E12C
:108D0000A0F1A001A111A1019E119E219E319E41C1
:108D10009E519E619E719E819E919EA19EB19EC11B
:108D20009ED19EE19EF19E019F119F219F319F4107
:108D30009F519F612C1E9F719F819F919FA19FB109
:108D40009FC19FD19FE19FF19F01B311B33000B745
:108D5000007464270360070100300077010C8381F1
:108D600001188381011883D2021883D20230832232
:108D700004488322044810042E00C51822283C60B1
:108D800006012E0085010C837F0118837F01188363
:108D9000D0021883D0023083210448832104181C98
:108DA000040F00282B0412227810040000960C43B4
:108DB0001F040C40075401280210F80C90040F0007
:108DC0008C24928C24728C24830D0248838A02485E
:108DD00083480348830D0248838A02488348034836
:108DE000321490321C6C329B90410C324A903118F4
:108DF000330114906124928C24728C2483120248D3
:108E000083940248833E03488312024883940248B5
:108E1000833E03481C04A0008B460B100412000282
:108E20006C6005A0004B010C83F1011883F101185F
:108E30008342033083420330839304488393043096
:108E4000100410007E04141E3E0161017E006101C9
:108E50003E01B2027E00B2023E0103047E00030422
:108E60003E011300E7B83A201860051300B9010C61
:108E700092BB1892BB188363011883630118830B9C
:108E80000248830B024892C51892C518836D03608F
:108E9000836D0360831504608315044892BD1892A6
:108EA000BD1810041300D2783A167860051300C379
:108EB000010C92BB1892BB188363011883630118DD
:108EC000830B0248830B024892C51892C518836D24
:108ED0000360836D0360831504608315044892BDAD
:108EE0001892BD1818042D003D48361AE812AF0C30
:108EF00052FF0C180459013D6C3A1A5490042D008D
:108F00007E24927E24927E2492BF2492BF2472BF3C
:108F100048832B026C83AD026C8348036C832B0265
:108F20006C83AD026C8348036C832B026C83AD02AF
:108F30006C8348036C0116D81004540144903A1411
:108F4000FC0116D89004540185240114D8700454EF
:108F500001C6480118D8816C0118D8816C0118D855
:108F6000816C18063E00730094282D800360053E36
:108F70000064010C92E61892E618838E0118838E25
:108F80000118833602488336024892F11892F1188C
:108F9000839903608399036083410460834104489B
:108FA00092E91892E91810040B005F0410045001B4
:108FB000B30812B30810125B015F005B015001039C
:108FC000025F0003025001BD0812BD0810126503C4
:108FD0005F00650350010D045F000D045001B508EA
:108FE00012B50845004D880A45004D0810000413CD
:108FF00019052C1801183002131E181E06040D1E28
:10900000E44014100AF80D0020580E00200C141033
:1090100006040C0020B80C2005480F002020122464
:109020001052D80C12441C4F3810980A126428436E
:10903000881418013E442DD010C3680C4492884413
:10904000212052A844210C92C84412E8B043A01435
:1090500034D2EC44830C0D442154432C0D44216044
:10906000124CF44F4814640B226C2811442DE8155F
:10907000227084115C1C061811002012800B2290B3
:1090800034110C43B0122012B4541DD011310C9283
:10909000D44412F45C3ED0500E1C050000FD45A3E4
:1090A000111D5E064FC545AB1143F5491013194616
:1090B0001819B422BD101006030000476F081DD414
:1090C000111F194A2C0BDD0C0A0D16FC09EDF409D1
:1090D000EDE4092DD4091C0456006080083E3C389C
:1090E000066005560049010C83DC011883DC011879
:1090F000836203188362033083E8043083E804301A
:109100007C04560077B008116C7DB00883DC011830
:10911000116C7DE00883620318116C713083E804E0
:1091200030116C7DC8082C040E0661EE123D8008DB
:1091300012630C52FF0C12EA0C6D600590040E06CF
:10914000A72492A72492A72492E82492E82492E8E4
:1091500048832F016C832F016C832F016C011490C5
:109160006C05E506670018050116909004E506AD4C
:10917000240114909004E506EE480114906C05E576
:1091800006350118051E8C5A094D00085C060000C2
:109190008C000618081DCE0882021883120218835C
:1091A00098033083980318831E0548831E05483CA6
:1091B00004100719180531181DC6091C061E0004E5
:1091C00001A4AA091006A40104012A4C2C0D2A03AB
:1091D0000401B0041400B00404019C0E1F881F8019
:1091E000031005200020240419D71300A810123CF6
:1091F000104F6020BC0E12C81052840C12E80C4FA5
:10920000A82044041208244F9C2044041F941B747B
:1092100003121C3411042E096803111012A8104FF8
:10922000141D640412D41052800C12F41C4FD41D6F
:1092300088041214344FC81D24041E74240F12C055
:10924000044F2017440412841012800C4F1018444D
:1092500004129C2052A00C12AC284F0C1944042E6E
:10926000BC540F5E194404821D883D4404821E884C
:109270003D4404111043701EB4834C1E88126C0CC4
:109280004FB81EA004C3C41E88C3D41E8812EC4469
:1092900043101F0C83FC1E88160C281670206D5579
:1092A000134F4F5538044F015538044FCD533804F0
:1092B0004FCF52380422F1081D151022131815192A
:1092C0001355510820050700001508115D223518B7
:1092D000154D226D0820050A0000950820050B0099
:1092E00000453811ED228B28120D2021601E0E6CD6
:1092F000084E55B0044F7D5BC00452897843315B02
:10930000784FE55AB004430B5B78434D5A78435786
:109310005B7843BF5A7843735A7843995A7843F934
:10932000557843056B78437D6F7843256F783D080A
:10933000051DFD10221D301DD00F43A15B886E500E
:109340001C110E8107B00F1D58052DC8076D400573
:109350009EB35805839202188392021883790418E9
:109360009E7940059EB340059EB340058392021846
:10937000839202189E792805BE7928059E70740490
:109380009E7004059E7004059EC974049EC9040560
:109390009EC904059E2374049E2304057E230405B0
:1093A0000215136C7C04E50676E0040215136C903C
:1093B00004E506D12401146C7C04E5062BE0049E30
:1093C000EBE0049EEBE0049ED0E0049ED0E0042D90
:1093D0008C04810CADC8047E1EC804127D541E7D11
:1093E000C8041E62240510066202040142341E42B3
:1093F000C0040D8200111EF866054F74649C06605F
:1094000005F8000E010C83DF02187004DB020C1853
:109410001EBC240F810C81189E0AB805FD4411EC76
:10942000189D119D219D319D419D519D619D719D75
:10943000819D919DA19DB19D28110D1218118398B8
:10944000007083980088831C0218921CA083A203DA
:10945000A083A203188328054803142805B86D3497
:109460001B1E8420090D22F8112C5D21A131A14180
:10947000A151A161A171A181A191A1A1A1B1A1C19C
:10948000A1D1A1E1A1F1A101A211A221A231A24188
:10949000A251A261A271A281A291A2A1A2B1A2C174
:1094A000A2D1A2E1A2F1A201A311A321A331A34160
:1094B000A351A361A371A381A391A3A1A3B1A3C14C
:1094C000A3D1A3E1A3F1A34C097C041D01F7CC11A6
:1094D0008315040C73EC000C800401E5030C0D22D1
:1094E00070030D2228031C0440013CC4093E30E8EF
:1094F000108338040C780410072DD40009004200B2
:0895000028003B0328000000D5
:040000050800018965
:00000001FF
