:020000040800F2
:100000008094002031030008693D00088730000813
:10001000D9380008791100084F4500080000000099
:100020000000000000000000000000007102000855
:100030008112000800000000CD020008E13E000827
:100040004B0300084B0300084B0300084B03000858
:100050004B0300084B0300084B0300084B03000848
:100060004B0300084B0300084B0300084B03000838
:100070007D1100084B030008891100084B0300089C
:1000800095110008A11100084B0300084B0300085C
:100090004B0300084B0300084B0300084B03000808
:1000A0004B0300084B0300084B0300084B030008F8
:1000B0004B0300084B0300084B0300084B030008E8
:1000C0004B0300084B0300084B0300084B030008D8
:1000D0004B030008DD440008F54400080D45000806
:1000E0004B0300084B0300084B0300084B030008B8
:1000F0004B0300084B0300084B0300084B030008A8
:100100004B0300084B0300084B0300084B03000897
:100110004B0300084B030008B53F00084B030008E1
:100120004B030008AD110008B91100084B0300088B
:100130004B0300084B0300084B0300084B03000867
:100140004B0300084B0300084B0300084B03000857
:100150004B030008C5110008D1110008254500080F
:100160004B0300084B0300084B0300084B03000837
:100170004B0300084B0300084B030008000000007D
:100180004B0300084B03000800F002F800F060F891
:100190000AA090E8000C82448344AAF10107DA45E2
:1001A00001D100F055F8AFF2090EBAE80F0013F0D4
:1001B000010F18BFFB1A43F0010318474C8C0000D5
:1001C0006C8C000010F8013B0A4413F0030408BFD4
:1001D00010F8014B1D1108BF10F8015B641E05D01B
:1001E00010F8016B641E01F8016BF9D1002D15D0D8
:1001F00010F8014B03F00C030C2BA1EB04040ABF15
:1002000010F8013BA4EB8314A4EB032405F10103D4
:1002100014F8016B5B1E01F8016BF9D5914238BFF0
:1002200010F8013BD1D3704700230024002500269D
:10023000103A28BF78C1FBD8520728BF30C148BF49
:100240000B6070471FB508F069FC1FBD10B510BDED
:1002500000F0A6F91146FFF7F5FF05F0C3FF00F027
:10026000C4F903B4FFF7F2FF03BC00F0CBF90000C0
:100270002C4B19680868B0E8F04F80F30988BFF389
:100280006F8F4FF0000080F311887047000000006E
:1002900008480068006880F308884FF0000080F389
:1002A000148862B661B6BFF34F8FBFF36F8F00DF64
:1002B00000BF00BF08ED00E0DFF80C00016841F46A
:1002C00070010160704700BF88ED00E0EFF3098026
:1002D000BFF36F8F134B1A681EF0100F08BF20ED8D
:1002E000108A20E9F04F106009B44FF0500080F3FD
:1002F0001188BFF34F8FBFF36F8F08F005F84FF0F1
:10030000000080F3118809BC19680868B0E8F04F54
:100310001EF0100F08BFB0EC108A80F30988BFF3FD
:100320006F8F70471C000020EFF3058070470000BE
:100330000948804709480047FEE7FEE7FEE7FEE779
:10034000FEE7FEE7FEE7FEE7FEE7FEE704480549B5
:10035000054A064B70470000A53F000889010008C8
:10036000808C0020809400208090002080900020CD
:1003700053EA020C00F069802DE9F04B4FF00006C3
:10038000002B1FBFB3FA83F503FA05F424FA05F630
:100390005E4012BF1643B2FA82F502FA05F4C5F1C7
:1003A00020051EBF22FA05FC44EA0C04203556EA5B
:1003B000044C4FEA144418BF641C4FF000084FF07F
:1003C0000009904271EB030C39D3002919BFB1FA2F
:1003D00081F701FA07F6B0FA80F700FA07F6C7F1DD
:1003E00020071EBF20FA07FC46EA0C062037B6FBA2
:1003F000F4FCA7EB0507103F07F01F0BCBF120061D
:100400000CFA0BFB2CFA06F644BFB3460026202F4D
:10041000A4BF5E464FF0000B5BEA060C08BF4FF02E
:10042000010B19EB0B09ABFB027C48EB0608C01B68
:1004300006FB02CC0BFB03CC71EB0C01C1E70B46B6
:10044000024641464846BDE8F08B13B54FF0000028
:100450004FF00001AFF30080BDE81C407047032A55
:1004600040F2308010F0030C00F0158011F8013BD1
:10047000BCF1020F624498BF11F801CB00F8013BB8
:1004800038BF11F8013BA2F1040298BF00F801CB7C
:1004900038BF00F8013B11F0030300F02580083A53
:1004A000C0F0088051F8043B083A51F804CBA0E8AA
:1004B0000810F5E7121D5CBF51F8043B40F8043BFF
:1004C000AFF30080D20724BF11F8013B11F801CB34
:1004D00048BF11F8012B24BF00F8013B00F801CB05
:1004E00048BF00F8012B704710B5203AC0F00B80D0
:1004F000B1E81850203AA0E81850B1E81850A0E828
:100500001850BFF4F5AF5FEA027C24BFB1E8185081
:10051000A0E8185044BF18C918C0BDE810405FEAF1
:10052000827C24BF51F8043B40F8043B08BF70476D
:10053000D20728BF31F8023B48BF11F8012B28BF72
:1005400020F8023B48BF00F8012B70474FF0000233
:1005500000B5134694469646203922BFA0E80C50B9
:10056000A0E80C50B1F12001BFF4F7AF090728BF94
:10057000A0E80C5048BF0CC05DF804EB890028BF10
:1005800040F8042B08BF704748BF20F8022B11F039
:10059000804F18BF00F8012B7047704770477047B5
:1005A000754600F02BF8AE4605006946534620F02C
:1005B0000700854618B020B5FFF7C8FEBDE820400B
:1005C0004FF000064FF000074FF000084FF0000B0F
:1005D00021F00701AC46ACE8C009ACE8C009ACE8C2
:1005E000C009ACE8C0098D46704710B50446AFF3AA
:1005F00000802046BDE81040FFF733BE004870473A
:100600001C8C002001491820ABBEFEE7260002002A
:100610007047F0B50025541E1CE00023561B761EC3
:1006200015E000EB830E50F82370DEF804C0674538
:100630000CDD40F823C0CEF80470CF1811F803E0A9
:1006400097F801C001F803C087F801E05B1C9E42E7
:10065000E7DC6D1CA542E0DBF0BD70B5FF2605466A
:10066000002481780BE0A86800EB0410827B012A4B
:1006700003D1C27B0AB1427B4AB1641CE4B2A142FD
:10068000F1D8A878A04200D92646304670BD00F0C7
:1006900053FEF6E72DE9F041364C10210020617041
:1006A000354D0421A17095F85810E170E96D09B934
:1006B0000221E170314961608031A1604031E16027
:1006C00040312161A988E1822989218395ED030ABE
:1006D000BCEEC00A10EE101A618395ED0A0ABCEE5A
:1006E000C00A10EE101AA183E96C012921D1A98852
:1006F000F2EE040A01EB81024FF6FF7101EA4202B9
:10070000E2822A8902EB820201EA4201218395ED0D
:10071000030A20EE200ABCEEC00A10EE101A618314
:1007200095ED0A0A20EE200ABCEEC00A10EE101A5F
:10073000A1830022616801EBC001401C0A7161784D
:10074000C0B28142F6D800264FF001080DE0A06843
:1007500000EB0617384600F0EFFD05EB860087F842
:100760000E80007E761CF873F6B2A078B042EED808
:10077000BDE8F081748B002048040020648A0020CA
:10078000F0B5044600200146207514E0626802EBD3
:10079000C00213796BB91268A38B9A4209DD257DDB
:1007A000E36843F82520237D2269D054227D521C22
:1007B0002275401CC0B262788242E7D8207DFF22B9
:1007C00006E0E36843F8201023691A54401CC0B2C5
:1007D00063788342F5D82046FFF73FFF227D074626
:1007E000022A5CD3FF2F5AD0D4E90301FFF711FF8F
:1007F000002651E0E368A08B012553F826208242B1
:1008000043DB701C0FE000BF53F820C0B4F81AE0BF
:10081000ACEB020CF44509DC6D1C94F803C0EDB29E
:10082000AC4503D9401CC0B28142EDD8022D2CD377
:100830002046FFF712FF0746FF2826D0A07872193E
:10084000B7FBF0F100FB1170A1686FF0030301EB3F
:100850000010E16803EB820231F826100180E168A4
:10086000895A41800571C17B417300210BE02269E7
:100870007318D25C4318491C5A716368C9B203EB00
:10088000C202437B1371A942F1D37019401EC0B25A
:10089000FF2F04D0401CC6B2217DB142AAD8F0BDC2
:1008A0002DE9F041064600251CE0706800EBC50804
:1008B00098F80400A0B900270FE0B068F17800EBC9
:1008C00007142079884206D242462146304600F07D
:1008D000DAFC01280BD07F1CFFB2B078B842ECD80C
:1008E0006D1CEDB27078A842DFD8BDE8F0812079A8
:1008F0000828F5D2002160184079FF2804D0491C4F
:10090000C9B20829F7D3EBE7601845712079401C7C
:100910002071617B88F80410E2E72DE9F0410025A1
:100920000646A84633E0706800EBC5073A7962B323
:100930000020B17807E0B36803EB0014637B9A42B0
:1009400003D0401CC0B28142F5D8814202D887F85A
:1009500004801AE03A462146304600F094FCA0B9E3
:1009600087F80480217981B1002009E022185279AA
:10097000AA4203D12044FF21417103E0401CC0B2D0
:100980008142F3D82079401E20716D1CEDB2707841
:10099000A842C8D8BDE8F081044A92F86420012A30
:1009A00001D003F021BA03F03BBA00004804002054
:1009B0002DE9F843044600790026FE2530B10128D0
:1009C00012D0FE280AD06670257106E0204600F09D
:1009D00023F8012804D1657020716571BDE8F883A2
:1009E000657025716671F9E70A4F00964FF6FF783A
:1009F000B96D204608EA41034FF44451A26907F05B
:100A00001BFAB96D08EA4102D4E9060100F0B0F81A
:100A1000E6E70000480400202DE9F041504C05466F
:100A2000234600204F4AD4F810C0AF699B6D06469C
:100A300002F53471BCF1000F08D04FF6FF78BCF11D
:100A4000010F2FD0BCF1020F55D163E0AA4214D19F
:100A5000092093FBF0F100FB1130C1B22846FFF7EB
:100A60009BFF06E017F81610304602F01FFD761CBB
:100A7000F6B2A06DB042F5DC10E0A9420ED13949C2
:100A8000002007E08A69AB6932F8102023F81020B3
:100A9000401C80B2A26DB0EB420FF3DBB4F85800FB
:100AA00082B224E0AA4210D15806010E2846FFF770
:100AB00073FF06E017F81610304602F0F7FC761CBC
:100AC000F6B2A06DB042F5DC46E0A94244D125491A
:100AD000002007E08A69AB6932F8102023F8102063
:100AE000401C80B2A26DB0EB420FF3DB34E0D5E9DD
:100AF000060100F0F1F91C49D5F898224B680D6801
:100B0000B2FBF3F4AC4203D0B2FBF3F00860012077
:100B1000BDE8F081AA420ED10026144F07E0304410
:100B200017F81010F0B202F0C1FC761CB6B2A06D3E
:100B3000B042F4DC10E0A9420ED10A49002007E0DF
:100B40008A69AB6932F8102023F81020401C80B26B
:100B5000A26DB0EB420FF3DBA16D08EA4102C6E7DC
:100B600048040020D40400208815002014840020AC
:100B700010B5002306E000BF30F8134021F8134001
:100B80005B1C9BB29342F7D310BD000010B500234D
:100B900006E000BF50F8234041F823405B1C9BB2A5
:100BA0009342F7D310BD00002DE9F84F00220092C8
:100BB000D0E90954A2460024C66A8369C268204667
:100BC00013E000BF33F810706FB952F8207000EED8
:100BD000107A05EB8407B8EEC00A87ED000A2AF800
:100BE0001400641CE4B2401CC0B28842EAD3012C59
:100BF00004D922465146284600F070FADFF810B1B9
:100C0000002047F6FF7CFF276346B946002145E0F8
:100C100005EB81029BED0A0AD2ED000AF4EEC00A50
:100C2000F1EE10FA06DAB1EE401AF4EEC10AF1EE76
:100C300010FA31D84A1CD2B2B1EE401A10E000BF0F
:100C400005EB8208D8ED001AF4EEC01AF1EE10FAA6
:100C500008DAF4EEC11AF1EE10FA03D9521CD2B23E
:100C6000A242EDD3A14217D2A24215D205EB8208CF
:100C700098ED000A70EE600A00EE103AB8EEC00A75
:100C8000F4EEC00AF1EE10FA06D2BDEEE00A91468B
:100C90000F4610EE103A1BB2491CC9B2A142B7D39D
:100CA00063452ED0FF2F2CD0B9F1FF0F29D0042897
:100CB0000FD23AF8192000EB4001521C26F81120FF
:100CC0003AF8172006EB4101521C4A80401C8B80E9
:100CD000C0B29FED100A05EB8901042881ED000ADE
:100CE00005EB870181ED000A8DD30DE000EB40029A
:100CF000401C26F8121006EB4202C0B251809180CF
:100D000000E000210428F1D30098BDE8F88F00002E
:100D10004804002000000000F8B504464079FE2594
:100D2000002620B101280BD0FE2818D1F8BD20469E
:100D300000F01AF8012812D1657025716071F8BDB4
:100D400000960C2341F201212046E26A07F074F874
:100D50000128F4D1D4E90B010C22FFF709FF6670DA
:100D600025716571F8BD000070B504462D4B2D4806
:100D70002D4993F8642005699B6D01F5347025B108
:100D8000012D17D0022D46D135E0A14203D1012A11
:100D900099B21DD018E0A0423DD123490020E36A5A
:100DA000CA6A32F8102023F81020401C80B20C28A8
:100DB000F5D330E0A1420FD11A494FF6FF70012A56
:100DC000896D00EA410103D02046FFF7EDFE22E0E5
:100DD000204600F02BF81EE0A0421CD11249002052
:100DE000E36ACA6A32F8102023F81020401C80B24F
:100DF0000C28F5D30FE0A1420DD0A0420BD10A4937
:100E00000020E36ACA6A32F8102023F81020401C40
:100E100080B20C28F5D3D4E90B01BDE870400C2258
:100E200000F05AB848040020D40400202DE9F0470F
:100E300003460020DD68DC6A0246264E4FF00109B9
:100E40004FF0020A03463FE055F83270B6F81CC076
:100E5000674505DA05EBC208D8F80480E04529DBD0
:100E600005EBC20CDCF804C067450EDBA7EB0C07F2
:100E7000B6F81AC0BC451DDC02EB420C09EB420877
:100E800024F81C800AEB42080DE0ACEB0707B6F82B
:100E90001AC0BC450EDC02EB420C0AEB420824F8F7
:100EA0001C8009EB420804EB4C0CACF80280ACF857
:100EB000047007E002EB420724F8173004EB470701
:100EC0007B80BB80521CD2B2B2EB510FBCD3BDE8C9
:100ED000F0870000748B002070B5044600200346A4
:100EE00009E000BF34F9135031F91360B54200D066
:100EF00001205B1C9BB29342F4D370BD70B50446D5
:100F00000020034609E000BF54F8235051F8236045
:100F1000B54200D001205B1C9BB29342F4D370BD5C
:100F20002DE9F843044640780026FE2520B101282B
:100F300017D0FE2832D129E0204600F033F80128EE
:100F400009D06088401C80B26080FA2807D3668090
:100F50006570267102E00120607025716571BDE841
:100F6000F8830F4F00964FF6FF78B96D204608EAD8
:100F700081034FF44051626906F05EFFB96D08EAE3
:100F80004102D4E90301FFF701FE06E06088401C3E
:100F900080B26080B0F57A7FE1D366806670DCE76E
:100FA000480400202DE9F0414A4D4B4A04460023F5
:100FB0002F6902F53470022137B14FF6FF76012F09
:100FC00029D0022F53D155E0A24204D16169E068D3
:100FD00005F0B4FF1BE0A04219D13F4A002013E006
:100FE000D368E66853F8203046F8203053696669C4
:100FF00033F8203026F8203001EB8003566967690A
:10100000401CF65AFE5280B2AB6D8342E8DCB5F864
:10101000580082B226E0A24204D16169E06805F07E
:101020008DFF2EE0A04251D12B4A002015E0D3685D
:10103000E76853F8203047F820305369676933F880
:10104000203027F8203001EB80035769D4F814C012
:10105000401CFF5A2CF8037080B2AB6DB0EB430F0D
:10106000E5DB33E0D4E90301FFF748FF0346184608
:10107000BDE8F081A2420AD101226169E06806F070
:101080000FF902226169E06806F00AF91EE0A04249
:101090001CD1114A002015E0D368E76853F82030CE
:1010A00047F820305369676933F8203027F820303B
:1010B00001EB80035769D4F814C0401CFF5A2CF888
:1010C000037080B2AB6DB0EB430FE5DBA86D06EAB1
:1010D0004002C7E748040020D4040020F0B50024F3
:1010E00026E000260123171B1CE000BF00EB830550
:1010F000D5ED000A15ED010AF4EEC00AF1EE10FA82
:101100000ED245ED010A85ED000A01EB430631F8E8
:1011100013C036F8025C26F802CC21F813500126E1
:101120005B1CDBB29F42E1DC002E03D0641CE4B206
:101130009442D6D3F0BD0000F0B5002319E000259D
:101140000122CE1A0FE000BF00EB820750F822C048
:1011500057F8044CA44504DA47F804CC40F8224080
:101160000125521CD2B29642EEDC002D03D05B1C4E
:10117000DBB28B42E3D3F0BDFEE70000014800F094
:1011800063B9000008370020014800F05DB9000095
:1011900068370020014800F057B9000048360020A9
:1011A000014800F051B90000A8360020014800F0C5
:1011B0004BB90000C8370020014800F045B90000D5
:1011C00088350020014800F03FB900002838002091
:1011D000014800F039B90000E83500200168182303
:1011E000CAB2103AB2FBF3F2054B6FF30901032ABE
:1011F0009B5CC36500D9091D8165084670470000E6
:10120000688B000810B5014600208B698A6A4FF090
:10121000C07453B1B3F5005F15D072B1012A0CD080
:10122000022A0AD0032A09D104E01AB1012A06D001
:10123000022A03D1C96AC90100D5012010BDC96ABB
:10124000A142FAD010BD002AF7D0012AF2D0022A1A
:10125000F3D0032AF3D010BD30B50468256825F417
:1012600080252560046863608368402B036803D091
:1012700099600068C26030BD9A600068C16030BD8E
:10128000704772B6FEE770B505460C88AE8B00203D
:10129000B4420AD94B88B34207D91268B24204DD7E
:1012A000A24203DB9A4201DC012070BD9A4205DDB7
:1012B000131B6C8BA342F8DC4A80F5E7A242F4DAF8
:1012C0006C8B9B1AA342F0DC0A80EDE79FED160AB7
:1012D000164A082921D200281FD003281DD202EB6C
:1012E000401000EB810090EDBB0A1148016D71B117
:1012F0000268A2F5DA436C3B09D1DFED0E0A60EE1D
:10130000200A00EE101AB8EEC01A80EE810AC06CF6
:1013100020B1F2EE040A20EE200A7047F6EE000A31
:1013200030EE200A7047000000000000AC000020F2
:101330004804002000007A440021018041800171AE
:101340004173FF224318491CC9B25A710829F9D3C5
:10135000704730B50546002417E0A868EA7800EB2E
:101360000410017991420CD802290AD3417B41B182
:101370000188AA8B914204D34388934201D39942B6
:1013800001D9FFF7D9FF641CE4B2A878A042E4D8E1
:1013900030BD2DE9F0410446876D00F0D1FA0646D4
:1013A00094F835000025022806D08020606584F876
:1013B00034500120BDE8F0812068016821F0160159
:1013C00001602068416921F080014161206C08B909
:1013D000A06C20B12068016821F00801016020683C
:1013E000016821F0010101600CE000F0A9FA801B06
:1013F000052807D920206065032084F8350084F88B
:101400003450D7E720680068C007EED194F85C102C
:101410003F208840B860012084F8350084F83450BB
:101420000020C7E790F83510022903D080214165DC
:1014300001207047052180F835100068016821F00F
:1014400001010160002070472DE9F84304464FF088
:101450000009CDF8009063484FF41651A56D00685F
:10146000B0FBF1F72E6894F85C10082000FA01F147
:1014700031420FD021680A6852070BD50A6822F062
:1014800004020A6094F85C108840A860606D40F027
:101490000100606594F85C104FF0010808FA01F053
:1014A000304208D021684969090604D5A860606DFA
:1014B00040F00200606594F85C10042088403042DF
:1014C00008D021680968890704D5A860606D40F0DC
:1014D0000400606594F85C1010208840304218D0F9
:1014E00021680968090714D5A860206801684903C4
:1014F00004D50068000308D5A16C07E00168C905A0
:1015000003D4016821F008010160216C09B1204673
:10151000884794F85C1020208840304231D0216800
:101520000968C9062DD5A86094F8350005282068FB
:10153000016806D0490347D5006800031DD4616CDB
:101540001CE021F0160101602068416921F0800152
:101550004161206C08B9A06C20B12068016821F0BD
:101560000801016094F85C103F208840A86084F86E
:10157000358084F83490216D1FE0E16B09B120467D
:101580008847606D00282BD0606DC00714D00520FF
:1015900084F835002068016821F00101016000989D
:1015A000401C0090B84203D820680068C007F6D1FC
:1015B00084F8358084F83490E16C002910D001B0B3
:1015C0002046BDE8F04308470168C905D5D4016845
:1015D00021F01001016084F8358084F83490CCE764
:1015E000BDE8F883180000202DE9F041044600F022
:1015F000A7F906465CB1022084F83500002584F87E
:1016000034502068016821F0010101600DE00120E3
:10161000BDE8F08100F094F9801B052805D9202051
:101620006065032084F83500F2E720680068C00791
:10163000F0D12268116820480140D4E90103184321
:10164000D4E903363343184363691843A369184345
:10165000E3691843236A18430843616A042903D1E4
:10166000D4E90B1319430843106020684069666A87
:1016700020F0070130460E43012704280CD1A06A50
:101680000643E06A40B12046FFF7BCFD20B1402090
:10169000606584F83570BAE7206846612046FFF738
:1016A0009DFD94F85C203F2191408160656584F840
:1016B00035700020ACE700003F8010F02DE9F041CC
:1016C0000446866D90F83400002501280DD00120D5
:1016D00084F8340094F835700020012F07D084F886
:1016E000340002252846BDE8F0810220FBE70227EE
:1016F00084F8357060652046FFF7AEFD94F85C1005
:101700003F208840B0602068016841F01601016008
:10171000206C20B12068016841F008010160206858
:10172000016841F001010160DCE700002DE9F84F9C
:10173000DFF8BCA10022012503264FF00F090AF1B2
:10174000040BAAF1040E00BF0B6805FA02F4234053
:10175000A34270D10F7907F00307012F01D0022FA8
:1017600016D187684FEA420806FA08FC27EA0C07F8
:10177000D1F80CC00CFA08FC4CEA070CC0F808C001
:101780004768A7430C79C4F3001494403C43446079
:101790000C79E443A4070AD0C4684FEA420C06FA65
:1017A0000CF7BC438F6807FA0CF72743C7600C7926
:1017B00004F00304022C12D1D40800EB840CDCF8F2
:1017C00020405707FF0E09FA07F824EA0804D1F869
:1017D000108008FA07F848EA0408CCF8208004686A
:1017E0004FEA420C06FA0CF7BC430F7907F00307E7
:1017F00007FA0CF7274307604C6814F4403F70D099
:101800003C4C276847F480472760246822F0030790
:1018100004F480440094384C07EB040CDCF80848CE
:1018200097074FEA177809FA08F7BC43334FB842D5
:1018300002D1002724E054E0314FB84201D1012702
:101840001EE0304FB84201D1022719E02E4FB842B6
:1018500001D1032714E02D4FB84201D104270FE036
:101860002B4FB84201D105270AE02A4FB84201D1D7
:10187000062705E0284FB84201D1072700E00827D6
:1018800007FA08F72743CCF80878DAF800405746FB
:10189000D1F804C09C435FEACC2C00D51C433C60CB
:1018A000DBF800405F46D1F804C09C435FEA8C2C13
:1018B00000D51C433C60DEF800407746D1F804C0F8
:1018C0009C435FEA8C3C00D51C433C60084F083FBA
:1018D0003C68D1F804C09C435FEACC3C00D51C4373
:1018E0003C60521C102AFFF42FAFBDE8F88F0000B7
:1018F000083C0140443802400030014000000240F2
:101900000004024000080240000C024000100240A7
:101910000014024000180240001C02400069084008
:1019200000D001207047426921EA02030A4043EADD
:101930000241816170470AB1816170470904FBE788
:1019400001488068704700000C00002070B504005A
:1019500025D094F83D00002520B984F83C5020465D
:1019600000F04CFA242084F83D002068016821F042
:10197000010101602068016841F4004101602068B4
:10198000016821F40041016000F004FC4D4A6168E7
:10199000914201D84C4900E04C49884201D20120D3
:1019A00070BD4B492368B0FBF1F15E6826F03F063D
:1019B0000E435E606368934206D94FF496735943B1
:1019C0004FF47A73B1FBF3F12368491C1E6A26F0C9
:1019D0003F06314319626168914210D84900401EA8
:1019E000B0FBF1F2521CC2F30B02042A01D2042014
:1019F00022E0B0FBF1F0401CC0F30B001CE0A26839
:101A0000F2B301EBC10303EB0116431EB3FBF6F384
:101A10005B1C43F480431B0549D092B301EBC10228
:101A200002EB0111401EB0FBF1F0401CC0F30B00B3
:101A300040F4804040F400402168CA694CF6FF73CE
:101A40009A431043C861D4E9071001432068026833
:101A500022F0C00211430160D4E903010143206870
:101A6000826848F2FF339A4311438160D4E905014B
:101A700008432168CA6822F0FF021043C86001E0F1
:101A80000EE016E02068016841F001010160256464
:101A9000202084F83D00256384F83E50002070BD6E
:101AA00001EB4106431EB3FBF6F35B1CB3E70120D9
:101AB000C2E701EB4101401EB0FBF1F0401CC0F356
:101AC0000B00B7E7A086010080841E0000093D00DE
:101AD00040420F002DE9FF4F83B09A46DDE9119790
:101AE00093460446DDF84080FFF72AFF054694F848
:101AF0003D00202870D1192301227149204600950C
:101B000001F0D2FB0028F5D194F83C00012863D005
:101B1000012084F83C0020680168C90703D10168EE
:101B200041F0010101602068016821F40061016059
:101B3000222084F83D00402084F83E0000262664E0
:101B4000C4F82480A4F82A90608D20855D48E06266
:101B5000CDE9007553465A462046049901F0ACFA87
:101B600000287CD1208DD0B1012821D00228206806
:101B700024D0416980690090208D032869D801280C
:101B80002BD0514902283B464FF00002009559D016
:101B90008846204601F088FB002860D13CE02068A0
:101BA000416981690091016841F40071016077E049
:101BB0002068016821F480610160F0E7016821F488
:101BC000806101602068016841F400610160206863
:101BD00041698069009063E06FE02A4639462046FB
:101BE00001F0E1FB98BB20680069616A08704EE073
:101BF0002068016841F40071016020680069616A31
:101C00000870606A401C6062218D491E2185618DCB
:101C1000491E6185216838E02068016821F48061EF
:101C2000016020680069616A0870606A401C606237
:101C3000208D401E2085608D401E60853B46002221
:101C400041460095204601F02FFB00B9D0E706E0A1
:101C5000FFE72A463946204601F0A5FB18B10120CE
:101C600007B0BDE8F08F20680069616A0870606A9B
:101C7000401C6062218D491E2185618D491E618550
:101C800021684A69D24352070AD409690170606A1F
:101C9000401C6062208D401E2085608D401E608546
:101CA000208D00287FF468AF202084F83D0084F860
:101CB0003E6084F83C600020D2E70220D0E70000BC
:101CC000020010000000FFFF040001002DE9FF4F9B
:101CD00083B09A46DDE9119793460446DDF84080CB
:101CE000FFF72EFE054694F83D0020287FD11923EA
:101CF000012240492046009501F0D6FA002876D10D
:101D000094F83C00012872D0012084F83C0020683F
:101D10000168C90703D1016841F001010160206831
:101D2000016821F400610160212084F83D00402019
:101D300084F83E0000262664C4F82480A4F82A9083
:101D4000608D20852C48E062CDE9007553465A46E7
:101D50002046049901F02EFA70B930E02A4639463F
:101D6000204601F053FB58B1206C042804D12068B0
:101D7000016841F400710160012007B0BDE8F08FF7
:101D8000606A216800780861606A401C6062218D89
:101D9000491E89B22185628D521E6285226853696F
:101DA000DB435B070BD469B100781061606A401CAB
:101DB0006062208D401E2085608D401E6085208DD4
:101DC0000028CBD12A463946204601F047FA0028A0
:101DD000CAD154F83D0B016841F400710160202024
:101DE00004F81E09E67766770020C6E7FFE70220C1
:101DF000C3E70000020010000000FFFF10B586B02E
:101E0000044614216846FEF7A1FB14492068884265
:101E100021D113480021026842F0020202600068EA
:101E200000F0020005904FF4407000901220CDE9C0
:101E30000101032003900420049069460948FFF73C
:101E400075FC07481030016841F40011016000681A
:101E500000F40010059006B010BD000000540040D2
:101E60003038024000040240024881680278114480
:101E7000816070470C0000200B4810B5016841F4E8
:101E800000710160016841F480610160016841F402
:101E900080710160032000F09FF80F2000F006F829
:101EA00000F050F8002010BD003C024030B505465F
:101EB0001F4887B00024016841F0100101600068EC
:101EC00006A900F01000009001A800F043F9049862
:101ED000A8B100F05FF940001649174AB0FBF1F1D4
:101EE0001648491E026040F2E732C0E90324C0E907
:101EF0000114846100F0A0FB040003D015E000F0A1
:101F000049F9E9E70D4800F0D9FB04000DD136206E
:101F100000F034F8102D07D200222946362000F0B8
:101F20003BF80748056000E0012407B0204630BDBB
:101F30004038024040420F00001000408838002026
:101F4000100000200C4882B0016841F4804101601B
:101F5000006800F4804000900748001F016841F0CD
:101F6000805101600068002200F0805000900F2135
:101F7000901E02B000F010B844380240002809DB7F
:101F800000F01F02012191404009800000F1E02093
:101F9000C0F8001170470000F0B40E4B1B680C46EF
:101FA000C3F30223C3F10705042D00D90425191D2D
:101FB000072901D2002300E0DB1E012606FA05F105
:101FC000491E214099409E40761E16403143F0BC88
:101FD00002F042BB0CED00E0064900F00702086881
:101FE0004FF6FF03184040EA0220034A10430860FE
:101FF000704700000CED00E00000FA05BFF34F8FC2
:1020000005480168054A01F4E06111430160BFF32E
:102010004F8F00BFFDE700000CED00E00400FA0563
:102020002DE9F0470E46050065D0DFF81481D8F899
:102030000000F7B200F00700B04207D288F8007045
:10204000D8F8000000F00700B04254D128683D4C99
:10205000810712D5400703D5206840F4E050206086
:102060002878000703D5206840F46040206020688D
:10207000A96820F0F000084320602878C0072DD020
:10208000304968680839012812D0022813D0032883
:1020900011D00968890700292DDA216821F0030190
:1020A00001432160FFF74CFC814641F2883A0EE083
:1020B00009688903EFE709688901ECE7FFF740FC4D
:1020C000A0EB0901514502D90320BDE8F087206843
:1020D000696800F00C00B0EB810FEFD1D8F8001068
:1020E000404601F00701B14207D90770006800F0CF
:1020F0000700B04201D00120E7E72878400705D566
:102100002068E96820F4E050084320602878000740
:1021100006D52068296920F4604040EAC1002060AB
:1021200000F058F82168084AC1F30311515CC84017
:102130000649086006480068FFF7B8FE0020C4E7BB
:10214000003C024008380240708B00081800002054
:10215000100000200F2202600C4A136803F00303F2
:102160004360136803F0F0038360136803F4E053E3
:10217000C36012684FF4E05303EAD20202610448DC
:10218000006800F00700086070470000083802404F
:10219000003C02400448054900680968044AC1F34C
:1021A0008221515CC8407047180000200838024066
:1021B000808B00080448054900680968044AC1F397
:1021C0004231515CC8407047180000200838024076
:1021D000808B0008154810B5006810F00C021448F8
:1021E00013D01449042A0FD0082A0ED10F4C241FF3
:1021F0002268236802F03F025B0207D52068C0F323
:102200008810A0FB010106E0084610BD2168C1F35B
:102210008811A1FB00010023FEF7AAF82168C1F391
:102220000141491C4900B0FBF1F010BD08380240E3
:102230000024F40040787D012DE9F84F04006ED0B1
:102240002078DFF84C93C007A9F104054AD009F1C2
:1022500004000168C1F38101012908D00068C0F3BE
:10226000810002280AD1D9F80000400206D528686A
:10227000800337D560680028E1D033E06068B0F5AE
:10228000803F10D0B0F5A02F286810D020F4803007
:102290002860286820F4802028606068A8B1FFF7D3
:1022A0004FFB06460DE0286840F48030F4E740F428
:1022B00080202860F7E700BFFFF742FB801B6428FF
:1022C00073D828688003F7D50CE0FFF739FB064682
:1022D00005E000BFFFF734FB801B6428F0D82868B6
:1022E0008003F7D42078DFF8AC8280074FF0000A33
:1022F0003ED5A748001D016811F00C0F08D00068FA
:10230000C0F3810002280BD1D9F80000400207D4A5
:102310002868800716D5E068012800D112E033E173
:10232000E068B8B10120C8F80000FFF709FB0646D5
:1023300005E000BFFFF704FB801B0228C0D8286817
:102340008007F7D52868216920F0F80040EAC1002D
:1023500028600DE0C8F800A0FFF7F2FA064604E096
:10236000FFF7EEFA801B02281FD828688007F7D4F1
:102370002078000722D5864F87486169703771B190
:1023800001210160FFF7DCFA064604E0FFF7D8FA06
:10239000801B022809D838688007F7D50EE0C0F8FE
:1023A00000A0FFF7CDFA064605E082E0FFF7C8FA85
:1023B000801B02287DD838688007F7D42078400732
:1023C00068D5DFF8CCB100270BF13C0BDBF800003F
:1023D000C0000BD4DBF8001041F08051CBF80010A6
:1023E000DBF80000012700F0805000906B4E306851
:1023F000C00510D4306840F480703060FFF7A0FA58
:10240000009005E0FFF79CFA0099401A022850D886
:102410003068C005F6D55E4EA0686C3601280FD036
:102420000528306810D020F001003060306820F0BE
:1024300004003060A068B8B1FFF782FA00900FE0A6
:10244000306840F00100F4E740F004003060F7E746
:10245000FFF776FA0099411A41F28830814266D836
:1024600030688007F4D50EE0FFF76AFA009007E0C5
:10247000FFF766FA0099411A41F28830814256D836
:1024800030688007F4D42FB1DBF8001021F08051C0
:10249000CBF80010A069C8B33D49091D0968C1F314
:1024A000810102294AD00228504607D0C8F86000AE
:1024B00000E03CE0FFF744FA04463BE04746C8F83A
:1024C0006000FFF73DFA064605E000BFFFF738FA67
:1024D000801B02282BD828688001F7D4D4E9070193
:1024E0000843A16A2E4A490802EB0141626A41EAA7
:1024F0008211084394F82C1040EA0161C9F80010D9
:1025000001203866FFF71CFA044606E03EE000BFF3
:10251000FFF716FA001B022809D828688001F7D5B2
:1025200034E000BFFFF70CFA001B022802D9032099
:10253000BDE8F88F28688001F4D427E00128F7D09F
:10254000D9F80000E26900F4800191421CD1226AAE
:1025500000F03F01914217D147F6C071626A014015
:10256000B1EB821F10D1A26A4FF0FF3300F440316B
:1025700003EB5202B1EB024F06D194F82C1000F09D
:102580007060B0EB016F01D00120D1E70020CFE7F0
:102590000438024000004742800E4742007000406D
:1025A0000000FFFF7047704770B590F83C20012A8B
:1025B00032D0012480F83C40022280F83D2003689C
:1025C0005A689D6822F070060A6832435A60134BBD
:1025D00002689A4214D0B2F1804F11D0104B9A4247
:1025E0000ED0104B9A420BD00F4B9A4208D00F4B93
:1025F0009A4205D00E4B9A4202D00E4B9A4204D119
:10260000496825F080031943916080F83D4000211E
:1026100080F83C10084670BD022070BD00000140EB
:102620000004004000080040000C0040000401408D
:10263000004001400018004010B5040003D094F899
:102640003D0010B107E0012010BD002084F83C00DF
:10265000204600F01FF8022084F83D00211D20686C
:1026600001F0B4FC012084F8460084F83E0084F8B0
:102670003F0084F8400084F8410084F8420084F868
:10268000430084F8440084F8450084F83D000020AD
:1026900010BD000008B500680649884208D1064808
:1026A000016841F020010160006800F02000009006
:1026B00008BD0000001400404038024090F83D1072
:1026C000012901D001207047022180F83D100168E6
:1026D000CA6842F00102CA6000681149884214D0F9
:1026E000B0F1804F11D00F4988420ED00E49884278
:1026F0000BD00E49884208D00D49884205D00D49BB
:10270000884202D00C49884204D1816801F0070157
:10271000062903D0016841F00101016000207047E3
:10272000000001400004004000080040000C004090
:10273000000401400040014000180040704770B59F
:102740000446006801694FF00005C943890715D4A4
:10275000C168C943890711D4E91E016101202077AE
:10276000206880698007204602D0FFF7E7FF04E079
:1027700000F098F8204600F096F825772068016967
:10278000C943490717D4C168C943490713D46FF037
:1027900004010161022020772068806910F4407FE5
:1027A000204602D0FFF7CAFF04E000F07BF8204685
:1027B00000F079F8257720680169C943090716D424
:1027C000C168C943090712D46FF0080101610420F0
:1027D00020772068C0698007204602D0FFF7AEFF4F
:1027E00004E000F05FF8204600F05DF825772068EF
:1027F0000169C943C90617D4C168C943C90613D4BE
:102800006FF010010161082020772068C06910F482
:10281000407F204602D0FFF791FF04E000F042F82D
:10282000204600F040F8257720680169C943C907B0
:1028300008D1C168C943C90704D1891E0161204676
:1028400000F032F820680169C943090609D4C1685B
:10285000C943090605D46FF0800101612046FFF7E6
:10286000A1FE20680169C943490609D4C168C9436A
:10287000490605D46FF040010161204600F01EF8C2
:1028800020680169C94389060BD4C168C943890618
:1028900007D46FF0200101612046BDE87040FFF7CA
:1028A00082BE70BD7047704700680349884201D1FD
:1028B000FFF7DABA70470000001000407047704719
:1028C00010B504460068406994F83D10C0F3C0108C
:1028D000212911D180B12068143050E8001F21F067
:1028E000800140E80012002AF5D1606B08B1FEF7C4
:1028F00050FD204601F096FC2068406994F83E1097
:10290000C0F38010222911D180B12068143050E822
:10291000001F21F0400140E80012002AF5D1A06B11
:1029200008B1FEF736FD204601F055FC002010BD31
:1029300070470000F8B5016804460868CA684B692A
:1029400010F00F0F4FF000055AD003F0010602F40B
:102950009077374365D0C10705D0D10503D5216CE9
:1029600041F001012164410705D5D90703D0216C4D
:1029700041F002012164810705D5D90703D0216CFC
:1029800041F004012164010707D502F02001314321
:1029900003D0216C41F008012164216C00293BD057
:1029A000800604D5900602D5204601F049FC206837
:1029B0004069216CC0F3801001F0080101432046FA
:1029C0002BD001F008FC20684069400621D5206822
:1029D000143050E8001F21F0400140E80012002AA6
:1029E000F5D1A06BA8B16C490165A06BFEF71AFD8B
:1029F000002811D0A06B016D01B0BDE8F040084780
:102A000083060ED593060CD52046BDE8F84001F0AC
:102A100017BC2046FFF78CFFF8BDFFF789FF256440
:102A2000F8BD266B2023012E79D1C60677D5D606B0
:102A300075D50868486800904869400640D5A16B84
:102A4000086840680004000CEAD0A28D8242E7D9F1
:102A5000E085C869B0F5807F2DD020680C3050E843
:102A6000001F21F4807140E80012002AF5D120688F
:102A7000143050E8001F21F0010140E80012002A44
:102A8000F5D12068143050E8001F21F0400140E8E3
:102A90000012002AF5D184F83E30256320680C30FE
:102AA00050E8001F21F0100140E80012002AF5D183
:102AB000A06BFEF76EFCA08DE18D401A81B229E07B
:102AC000A08DE18D401A81B2E08D0028A8D00029A8
:102AD000A6D020680C3050E8002F22F4907240E815
:102AE0000026002EF5D12068143050E8002F22F087
:102AF000010240E80026002EF5D184F83E3025631F
:102B000020680C3050E8002F22F0100240E800232B
:102B1000002BF5D12046FFF7D2FEF8BDFFE70506F2
:102B20002BD5150629D594F83D002128F5D1A068AC
:102B3000B0F5805F01D12069B0B1206A411C2162EB
:102B4000216800784860E08C401E0004000CE0849E
:102B5000E3D12068C16821F08001C1602068C168AC
:102B600041F04001C160D8E7206A0088C0F3080046
:102B70004860206A801C2062E5E74006CDD55006FB
:102B8000CBD5CA68204622F04002CA6084F83D30A6
:102B900000F056FAC1E700009540000870B5040047
:102BA00004D094F83D00002510B106E0012070BD6E
:102BB00084F83C50204600F023F8242084F83D009F
:102BC0002068C16821F40051C160204601F098FBE3
:102BD0002068016921F4904101612068416921F078
:102BE0002A0141612068C16841F40051C160256437
:102BF000202084F83D0084F83E00002070BD0000D5
:102C00002DE9F04F87B0044614216846FDF79EFC7D
:102C1000C048BF4B1438D4F800C0DFF8F8E20221F6
:102C200003228715002506154FF0070B4FF04009CA
:102C30004FF0006A9C4554D1DEF800C04CF0100CF7
:102C4000CEF800C0DEF8003003F0100305930368EF
:102C500043F002030360006800F002000590C0200A
:102C60008DE82300CDE9032B6946AB48FEF75EFDF6
:102C7000DFF8AC82A9494046C8F80010C0E901A5B8
:102C8000C0E90356C8F81450C0E90657C8F82050E8
:102C9000C8F82450FEF7A8FC08B1FEF7F2FAA04FDE
:102CA000C4F838806037C8F83840C7F80890C7E9DA
:102CB00003567D61BD619948FD613D6278307D625A
:102CC000C7E9000A3846FEF78FFC08B1FEF7D9FACB
:102CD0006763002205212520BC63FFF75DF92520ED
:102CE00059E08C4BDFF83C821B1FC44558D1D3F808
:102CF00000C04CF4003CC3F800C01B6803F4003370
:102D00000593036843F008030360006800F00800BF
:102D1000059060208DE82300CDE9032B69468248A9
:102D2000FEF704FDDFF8F881804908F1C00840464D
:102D3000C8F80010C0E901A5C0E90356C8F814504E
:102D4000C0E90657C8F82050C8F82450FEF74CFCDC
:102D500008B1FEF796FA764FC4F83880C8F83840C4
:102D6000C7F80890C7E903567D61BD616F48FD61F2
:102D70003D6218307D62C7E9000A3846FEF734FC30
:102D800008B1FEF77EFA6763002205212620BC63A6
:102D9000FFF702F92620FFF7F1F807B0BDE8F08F42
:102DA000DFF89081C44557D1D3F800C04CF4802C93
:102DB000C3F800C01B6803F480230593036843F045
:102DC00004030360006800F0040005904FF44060C5
:102DD0008DE82300CDE9032B69465748FEF7A6FC92
:102DE000DFF84C81514908F1600860394046C8F865
:102DF0000010C0E901A5C0E90356C8F81450C0E9A5
:102E00000657C8F82050C8F82450FEF7EDFB08B16B
:102E1000FEF737FA464FC4F83880C037C8F8384054
:102E2000C7F80890C7E903567D61BD613F48FD6161
:102E30003D6230387D62C7E9000A3846FEF7D4FBB0
:102E400008B1FEF71EFA6763002205212720BC6344
:102E5000FFF7A2F827209EE7384B9C459DD1DEF86E
:102E600000C04CF0200CCEF800C0DEF8003003F0BB
:102E700020030593036843F004030360006800F037
:102E800004000590C0208DE823000820CDE9032030
:102E900069462948FEF74AFC2049DFF8A480183922
:102EA00040464FF0206AC8F80010C0E901A5C0E90B
:102EB0000356C8F81450C0E90657C8F82050C8F89F
:102EC0002450FEF791FB08B1FEF7DBF91C4FC4F864
:102ED00038806037C8F83840C7F80890C7E903560B
:102EE0007D61BD610D48FD613D6260307D62C7E975
:102EF000000A3846FEF778FB08B1FEF7C2F96763AF
:102F0000002205214720BC63FFF746F8472042E72F
:102F10000010014044380240000402404064024076
:102F20008835002000440040000C024088600240C8
:102F3000A83600200048004000080240001401406C
:102F4000C837002090F83E30202B0ED159B152B135
:102F500090F83C30012B08D0012380F83C3000234E
:102F6000036301F053BA012070470220704790F8C4
:102F70003E30202B0ED159B152B190F83C30012B8C
:102F800008D0012380F83C300023036301F088BAA5
:102F900001207047022070470449884204D1012271
:102FA00034390248FFF7E3BF70470000783400204F
:102FB0007047000070B5044690F83D00202836D1D7
:102FC00091B38AB394F83C00012830D0012084F8F2
:102FD0003C002162A284E28400252564212084F83B
:102FE0003D00636B1348D863636B13481864636BCD
:102FF0001248D864606B134605652668606B321D05
:10300000FEF75CFB21686FF04000086084F83C50DC
:103010002068143050E8001F41F0800140E80012A1
:10302000002AF5D1002070BDFFE70120FBE7022058
:10303000F9E700008B410008CD410008A5400008D9
:10304000416B09680A6822F001020A600A490068B7
:103050000968884205D10948017821F00201017010
:1030600070470549883109688842F9D100224FF438
:1030700080610348FEF75FBC7834002040300020B8
:10308000000002407047FEE701684A69D2435205DA
:103090000FD46FF480624A61002140F8301F202273
:1030A00042738173026942F00402026101730120DC
:1030B00070470020704700002DE9F84F0446006873
:1030C00089460B9D01689846174641F4806101606E
:1030D0002068016841F48071016000954FF0011B88
:1030E0000022594620460A9B00F0DEF84FF4007A91
:1030F00040B120680068C00501D5C4F840A0032095
:10310000BDE8F88F216809F0FE0008612B462849C8
:1031100020460A9A00F0FCF8F0BB206841698069FB
:1031200000902A4620460A9900F070F940B1206CC0
:1031300004283AD12068016841F40071016034E04C
:10314000FEB2B8F1010F09D02168380A08612A4699
:1031500020460A9900F05AF90028E8D12068066153
:103160002A4620460A9900F051F90028DFD120684C
:10317000016841F4807101600095002259462046A3
:103180000A9B00F091F80028B3D1216809F0FF00F4
:1031900040F00100086100E007E02B4604492046AA
:1031A0000A9A00F0B5F80028AAD00120A8E700008C
:1031B000020001002DE9F843044600680D46DDE9F0
:1031C000089701689846164641F4807101604B46A5
:1031D00000224FF001112046009700F065F848B139
:1031E00020680068C00502D54FF4007020640320F9
:1031F000BDE8F883216805F0FE0008613B464A46B9
:103200001549204600F084F888B920684169806932
:1032100000903A464946204600F0F8F848B1206C44
:10322000042804D12068016841F400710160012084
:10323000DEE7F5B2B8F1010F09D02168300A086164
:103240003A464946204600F0E1F80028E7D12068D8
:1032500005610020CCE700000200010070B51646B1
:103260000D4604460DE02046FFF70EFF08B1012091
:1032700070BD681C05D0FEF763FB801BA84207D811
:1032800035B120684069C0434007ECD4002070BDD0
:10329000002044F8300F20216173A073216941F0B0
:1032A000200121612073E2E72DE9F0471E46904698
:1032B0000D460446C1F30747DDF8209008E0701C76
:1032C00006D0FEF73DFBA0EB0900B0420FD876B167
:1032D0002068012F18D0806925EA00000004000C46
:1032E00014D000214145EAD00020BDE8F08700203D
:1032F00044F8300F20216173A073216941F020014F
:10330000216120730120F0E74069E5E70121E9E749
:103310002DE9F0479A4691460E46044600254FF0A7
:103320002008C1F3074725E020684069C0434005F5
:1033300014D42068016841F40071016021686FF4C1
:1033400080604861256384F83D8084F83E50206C9D
:1033500040F00400206484F83C501FE0B9F1FF3FC6
:1033600008D0FEF7EDFAA0EB0A0149450CD8B9F1F7
:10337000000F09D02068012F13D0806926EA0000D1
:103380000004000C0BD0CFE744F8305F84F80D80C8
:10339000A573206940F02000206125730120BDE85D
:1033A000F0874069EAE72DE9F041002590460E4696
:1033B0000446202717E04069C043C0060CD454F8E7
:1033C000301B6FF01000486144F810596777A577FB
:1033D000206A2062257717E0FEF7B2FAA0EB08001A
:1033E000B04208D83EB120684169C9434906E2D4D9
:1033F0000020BDE8F08144F8305F6773A573206951
:1034000040F02000206125730120F2E770B51646D8
:103410000D4604460DE02046FFF736FE08B10120B8
:1034200070BD681C05D0FEF78BFA801BA84207D838
:1034300035B120684069C0430006ECD4002070BD5F
:10344000002044F8300F20216173A073216941F0FE
:10345000200121612073E2E770B56424054601294B
:1034600011D001F035FD6320401EFDD1284601F04A
:103470003DFD611E491EFDD1284601F029FD641E57
:10348000641EFDD170BD01F031FD6320401EFDD1F1
:10349000284601F01DFD611E491EFDD1284601F0A0
:1034A00025FD641E641EFDD170BD000070B503468D
:1034B00000200246012906D002290AD0032906D09D
:1034C000042907D101E0012204E0082202E00422DD
:1034D00000E00222082B15D2C3F1070101EBD176DF
:1034E0000B4DC6F34703042BEC5C0BD226F0010016
:1034F000081A10F0FF0F06D004F00F0141EA021085
:10350000E854012070BD04F0F0001043F8E700001B
:103510009D000020294808B5016841F400110160B0
:10352000016801F400110091016841F4800101601B
:103530000068002200F48000009005210C20FEF7B6
:103540002BFD0C20FEF71AFD002205210E20FEF7B0
:1035500023FD0E20FEF712FD002205211020FEF7AC
:103560001BFD1020FEF70AFD002205211120FEF7A9
:1035700013FD1120FEF702FD002205213920FEF780
:103580000BFD3920FEF7FAFC002205213A20FEF758
:1035900003FD3A20FEF7F2FC002205214520FEF74C
:1035A000FBFC4520FEF7EAFC002205214620FEF741
:1035B000F3FCBDE808404620FEF7E0BC303802408E
:1035C00010B58EB01C220B496846FCF78DFF002118
:1035D000684602F071FE084C06491C2220601C312E
:1035E00007A8FCF781FF002107A802F065FE6060D4
:1035F0000EB010BD308B0008000000202DE9F04F08
:1036000087B014216846FCF7A1FF544800250168E3
:1036100041F010010160016801F01001059101689D
:1036200041F004010160016801F0040105910168A5
:1036300041F080010160016801F08001059101689D
:1036400041F001010160016801F00101059101688B
:1036500041F008010160016801F00801059101686D
:1036600041F0020101600068DFF8F48000F0020020
:103670004FF67C040590002221464046FEF75BF998
:10368000DFF8E090002242F20D014846FEF753F9C0
:10369000DFF8D4B04FF40046002231465846FEF71A
:1036A0004AF9DFF8C8A07711002239465046FEF7E4
:1036B00042F9012220212E48FEF73DF90094012411
:1036C00001940294694640460394FEF72FF842F2B3
:1036D0000800CDE9000469464846CDE90245FEF7F9
:1036E00025F80520CDE90004029469464846039474
:1036F000FEF71CF81820CDE90005694650460295F2
:10370000FEF714F8F81CCDE900056946029440461E
:10371000FEF70CF8CDE9006469465846CDE902454C
:10372000FEF704F8CDE9007469465046CDE902453C
:10373000FDF7FCFF9F20CDE900056946029458463D
:10374000FDF7F4FF20208DE8310069460848039416
:10375000FDF7ECFF07B0BDE8F08F00003038024005
:103760000010024000080240000C0240000002402D
:10377000000402400D4810B50B4901600C4941603E
:1037800000214FF480428160C0E9031241618161F0
:10379000C1610162FEF7DAF8002803D0BDE81040ED
:1037A000FDF76FBD10BD000000540040A42F0020A5
:1037B000801A06001CB500240E4800940C490194A0
:1037C00001605321C0E901144FF6FF718461C160AB
:1037D000FEF732FF08B1FDF754FD00946946054835
:1037E0000194FEF7E1FE002801D0FDF74AFD1CBD63
:1037F00000140040F82F00200C4810B50A49016061
:103800004FF4E1314160002181600C22C160C0E9C8
:1038100004128161C161FFF7C1F9002803D0BDE83E
:103820001040FDF72EBD10BD00100140783400207F
:103830000C4810B50A4901604FF4E13141600021A4
:1038400081600C22C160C0E904128161C161FFF78F
:10385000A5F9002803D0BDE81040FDF712BD10BD4A
:1038600000440040BC3400200C4810B50A490160F7
:103870004FF4E1314160002181600C22C160C0E958
:1038800004128161C161FFF789F9002803D0BDE806
:103890001040FDF7F6BC10BD004800400035002088
:1038A0000C4810B50A4901604FF4E1314160002134
:1038B00081600C22C160C0E904128161C161FFF71F
:1038C0006DF9002803D0BDE81040FDF7DABC10BD4B
:1038D0000014014044350020FEE700000A48D0F8FB
:1038E0000813491CC0F8081308490969012907D0C1
:1038F000022903D00B2903D00C2903D100F039B9D8
:1039000000F02AB870470000AC00002048040020F6
:10391000D0F80813C822B1FBF2F302FB13110029FF
:1039200016D1B0F84E1341F02001A0F84E1309490A
:103930000969012902D00B2905D101E0022100E02B
:103940000C2180F85F130021A0F8521380F84C136B
:10395000704700004804002010B5044600F09CF8B1
:10396000204600F0D6F801280BD1B4F8041304F275
:103970000120085CA52804D12046BDE8104000F0D5
:103980004FB810BD70B504460020B4F84E138A0637
:1039900043D521F02000A4F84E03204800690128F7
:1039A00001D00B2801D184F8040194F85F0384F856
:1039B0000501062084F806017E2184F8071184F8A9
:1039C000080104F209100C2102F016FF94F86003BC
:1039D00084F82101002084F8600304F5917010211F
:1039E00003F07CF804F5B170102102F0EDFE7F21A8
:1039F00004F5827084F85E13054600F029FF94F800
:103A00005E13030A4A1C84F85E234B5594F85E1338
:103A10004A1C84F85E234855012070BD48040020EC
:103A200030B5027900214479022A01D00C2A0CD148
:103A3000184B012C1B6906D00B2C06D10B2B04D183
:103A40000C2A03D003E0012BFAD030BD0222837987
:103A5000862BFAD1C379222BF7D100EB421400BF99
:103A600000EB810204EB8103157A83F8EC52557A5E
:103A700083F8ED52957A83F8EE52491CD27A89B2D6
:103A800083F8EF220829EBD300EB8101097A80F853
:103A9000611330BD4804002070B50446FFF738FFBD
:103AA00094F84C03012128B1002501280DD00228EB
:103AB0002AD11CE0B4F85203401C80B2A4F852038F
:103AC0000F2801D384F84C1370BD2046FFF75AFF2E
:103AD0000128F9D1206894F85E2304F58271436BC4
:103AE0009847022084F84C03A4F8545370BDB4F8EE
:103AF0005403421CA4F854233C2801D384F84C13EB
:103B000094F806030128F1D184F84C53A4F85253D9
:103B100070BD2DE9F0410446002690F806033546B5
:103B2000012823D1002084F80603B4F80413C81E2A
:103B3000FD281BD204F2022004F20322085C8A5CF6
:103B4000891E02EB002087B204F5017000F080FEB0
:103B5000B84206D00AE060196D1C90F80412017199
:103B6000ADB2B4F80403A842F5D801263046BDE84A
:103B7000F08110B5044600F043F82046FFF7C9FF76
:103B8000012804D12046BDE8104000F001B810BD66
:103B900010B5044600796179012801D00B282BD19A
:103BA000022901D1012805D0144A12698A4223D181
:103BB0000B2821D1A07906281ED1E0797E281BD1BF
:103BC000207A062818D104F109000C2104F0E8FB42
:103BD00094F8210084F8610304F12200102104F01C
:103BE000FDFB04F16200102104F0BCFBB4F85803A3
:103BF00040F02000A4F8580310BD00004804002045
:103C000070B5044690F8560318B10025012818D164
:103C10000BE0B4F85C03401C80B2A4F85C030A28F3
:103C200002D3012084F8560370BD204600F00CF842
:103C30000128F9D1206894F85E2304F58271436B62
:103C4000984784F8565370BD70B504460020B4F808
:103C5000581305468A065FD521F02000A4F85803C2
:103C60003148006984F80401022856D00C2856D047
:103C70006079862184F80611222184F8071104EB6B
:103C80004016E8B201F080FB06EB85006D1CADB27A
:103C900080EDBB0A082DF4D35FF0000006EB800135
:103CA00004EB800291F8EC3282F8083191F8ED32A1
:103CB00082F8093191F8EE3282F80A31401C91F80D
:103CC000EF1280B282F80B110828E7D304EB8001D1
:103CD00094F8602381F80821002284F8602394F886
:103CE000622381F80921062101EB8000C1B204F5AD
:103CF000827084F85E13054600F0AAFD94F85E1306
:103D0000030A4A1C84F85E234B5594F85E134A1C40
:103D100084F85E234855012070BD012000E00B208F
:103D200084F805010220A4E7480400200D480C494E
:103D300000F5417201604A61911C0268916102685C
:103D400000F58271D161026800F5017111620021F4
:103D5000A0F8041380F806130068816A0847000081
:103D60000C0B0020AC000020FEE710B544780023C7
:103D7000096994420BD3427006E0426851F823402F
:103D800042F833405B1CDBB242789A42F5D810BD52
:103D90000C4910B50B888C880989234419440A4BB7
:103DA00089B240F2E5741960024661430020C1F314
:103DB0000B018A4204D142F2CD00C3E90120012067
:103DC00010BD0000547D002010040020054A05238A
:103DD00003EB00109268104402680A604068486073
:103DE00070470000748B002030B50C4C0A46054625
:103DF00001462046FFF7B9FF2046FDF7AAFA204604
:103E0000FCF78BFD2046FCF74BFD2046FCF7B8FC89
:103E100029462046BDE8304000F08ABB748B002064
:103E20002DE9FE4F274F0546D0F818B0D0F8109076
:103E3000787800244E08B6EB500F00D946084FF0B2
:103E4000020A3AE059F83400BA8B904229DB09EBB8
:103E5000C4014968914224DB884201DB401A00E03A
:103E6000081A798B80B281421BD3174800EB84007B
:103E7000007E5FEA000816D03BF8240098B90BEBEF
:103E80008400408878B9012000EB44008DF80000E0
:103E90000AEB44008DF801000221684603F0D0FCD3
:103EA00001E04FF00008A96921F824800AEB8401A1
:103EB000AA69641CE4B222F80180B442C2D3BDE80E
:103EC000FE8F0000748B002048040020012002F0C7
:103ED000E7F9FBE7012002F0E3F900F099FCF9E7CC
:103EE00010B5502080F31188BFF34F8FBFF36F8F51
:103EF00004F074FB18B104494FF0805008600020B2
:103F000080F3118810BD000004ED00E030B593B0DF
:103F100030216846FCF71AFB14210CA8FCF716FBAD
:103F20001E480025016841F080510160006800F0E2
:103F3000805011901A48016841F480410160006886
:103F4000022400F4804011900120009000040190B0
:103F50008001CDE90640192008904FF4A870CDE902
:103F6000090404200B906846FEF766F908B172B6A2
:103F7000FEE70CA90F2081E831004FF4A0500F900C
:103F80004FF48050109005210CA8FEF749F8002846
:103F900001D072B6FEE713B030BD000040380240D9
:103FA000007000400248016841F4700101607047F0
:103FB00088ED00E003480168491C01600248FEF7F3
:103FC000BEBB00000800002088380020F0B5026861
:103FD000254C264D264E274F274B4FF0804CA042B4
:103FE00009D0604507D0A84205D0B04203D0B842FE
:103FF00001D0984204D122F0700E4A6842EA0E02C3
:10400000A0421BD0604519D0A84217D0B04215D0AD
:10401000B84213D0984211D0184DA8420ED0184D76
:10402000A8420BD0174DA84208D0174DA84205D082
:10403000164DA84202D0164DA84203D122F4407575
:10404000CA682A434D6922F080022A4302608A68C6
:10405000C2620A688262A04201D0984201D1096915
:10406000016301214161F0BD0000014000040040F6
:1040700000080040000C00400004014000400140E6
:10408000004401400048014000180040001C00406E
:104090000020004010B5806B0021C185C184FEF76F
:1040A00047FC10BD70B5846B2068406994F83D10E2
:1040B000C0F3C0100025212904D118B1E5842046A1
:1040C00000F0B0F82068406994F83E10C0F380100A
:1040D000222904D118B1E585204600F07CF8206C37
:1040E00040F0100020642046FEF722FC70BD10B5A1
:1040F0000146806B09680968C9052FD40021C18574
:1041000001680C3151E8002F22F4807241E800234D
:10411000002BF5D10168143151E8002F22F0010283
:1041200041E80023002BF5D10168143151E8002F3C
:1041300022F0400241E80023002BF5D1202180F835
:104140003E10016B012909D101680C3151E8002FA3
:1041500022F0100241E80023002BF5D1016B012968
:1041600002D0FEF719FF10BD818DFEF7A8FB10BD30
:1041700010B5806B016B012902D0FEF719FF10BD4D
:10418000818D4908FEF79BFB10BD10B50146806B81
:1041900009680968C90516D40021C1840168143171
:1041A00051E8002F22F0800241E80023002BF5D1D6
:1041B00001680C3151E8002F42F0400241E8002331
:1041C000002BF5D110BDFEF73BFF10BD10B5806B85
:1041D000FEF758FF10BD01680C3151E8002F22F4A2
:1041E000907241E80023002BF5D10168143151E8A9
:1041F000002F22F0010241E80023002BF5D1016BD2
:10420000012909D101680C3151E8002F22F0100278
:1042100041E80023002BF5D1202180F83E10002139
:104220000163704701680C3151E8002F22F0C00291
:1042300041E80023002BF5D1202180F83D10704784
:1042400008B590F83E10222901D0022008BD8268EE
:104250004FF480539A4201D1016921B1816A9A4297
:104260001BD04AB10AE00268816A5268C2F30802B0
:104270000A80816A891C08E0026972B1026852688A
:1042800002F07F020A70816A491C8162C18D491E59
:104290000904090CC18503D019E002685268F1E7EE
:1042A0000168CA6822F02002CA600168CA6822F464
:1042B0008072CA6001684A6922F001024A612021C5
:1042C00080F83E10016B012903D0FEF765FE002047
:1042D00008BD0021016301680C3151E8002F22F074
:1042E000100241E80023002BF5D101680A68D206CC
:1042F00002D50A6849680091818DFEF7E0FAE6E789
:1043000070B5044600680169E26821F44051114328
:1043100001612169A068E2690843616911430843AA
:104320002168CA6849F20C639A430243CA60206854
:104330004169A26921F4407111434161314920680A
:10434000884202D03049884202D1FDF733FF01E0B4
:10435000FDF720FFE2690023192164253226B2F51A
:10436000004F626828D0A0FB0101930F9200FBF779
:10437000FFFF0146B0FBF5F06FF01802504301EB70
:10438000800006EB0010B0FBF5F000F0F002B1FB8E
:10439000F5F002EB0012B1FBF5F06FF01803584393
:1043A00001EB800006EB0010B0FBF5F000F00F0011
:1043B00021681044886070BDA0FB010192185B4128
:1043C000FBF7D6FF0146B0FBF5F00201B1FBF5F0BB
:1043D0006FF01803584301EB800006EBC000B0FB00
:1043E000F5F000F0F80002EB4002B1FBF5F05843A5
:1043F00001EB800006EBC000B0FBF5F000F0070019
:10440000D6E70000001001400014014038B5816279
:1044100082850025134604460564222084F83E0068
:10442000A26B1C48D063A26B1B481064A26B1B4894
:10443000D064A06B0A4605652168A06B091DFDF7D5
:104440003DF9206801684068009084F83C5020697C
:1044500048B120680C3050E8001F41F4807140E8FA
:104460000012002AF5D12068143050E8001F41F0F6
:10447000010140E80012002AF5D12068143050E80C
:10448000001F41F0400140E80012002AF5D1002051
:1044900038BD0000EF40000871410008A540000849
:1044A00081628285C28500210164222280F83E203B
:1044B00080F83C10016921B10168CA6842F4807239
:1044C000CA6001684A6942F001024A610068C16835
:1044D00041F02001C16000207047000010B5044881
:1044E00000F036F8BDE810400148FEF723BA00009E
:1044F0007834002010B5044800F052F8BDE81040B0
:104500000148FEF717BA0000BC34002010B504487B
:1045100000F06EF8BDE810400148FEF70BBA00004D
:10452000003500200148FEF705BA000044350020A0
:104530000022896907E0436803EBC2031B7921F875
:104540001230521CD2B243789342F4D87047FEE73F
:1045500038B5114C0168206881421CD10968C943F3
:10456000C90618D40168406800902046FEF7A8F9F3
:10457000A06B0068416809480122C1F5807180F88C
:104580005822A0F8561200F155012046BDE83840E7
:104590001202FEF7D7BC38BD78340020D4040020C6
:1045A00038B5114C0168206881421CD10968C943A3
:1045B000C90618D40168406800902046FEF780F9CB
:1045C000A06B0068416809480122C1F5807180F83C
:1045D0002825A0F8261500F225312046BDE83840F0
:1045E0001202FEF7AFBC38BDBC340020D40400205A
:1045F00038B5174C01682068814227D10A68D24338
:10460000D20618D40168406800902046FEF758F999
:10461000A06B006841680F480122C1F5807180F8E5
:104620000623A0F8041300F501712046BDE83840C8
:104630001202FEF787BC0A68D243520603D5096806
:10464000C943090602D401684068009038BD0000E3
:1046500000350020AC0000200907090E002804DB0B
:1046600000F1E02080F80014704700F00F0000F126
:10467000E02080F8141D7047144910B502468C6D77
:104680000120134B0969022C0DD0062C15D0082CE3
:1046900008D10220002905D00420012902D193422B
:1046A00000D1022010BD00200029FBD003200129E9
:1046B000F8D19342F6D1002010BD0029FCD0032090
:1046C0000129F9D19342F7D1012010BD48040020FF
:1046D000D40400202DE9FE4F00278B468118B846F0
:1046E000B946B1F5804F3CD815460646DFF87CA0A8
:1046F00022E000BF06EB080086B206F03F00C0F1E2
:104700004004AC4200D32C460A2000F0AFFBDAF89C
:104710000C20DAF814100092CDE90141BAF8041027
:1047200010233246DAF80000FDF7D4F9070007D06D
:1047300040F24111AAF81810A5B1002FDAD011E00B
:104740000BEB090022460A49FBF789FE09EB04003E
:10475000A0461FFA80F9A5EB080005042D0CC9D16D
:1047600000E001273846BDE8FE8F0000CC0B00209A
:10477000E48900202DE9FE4F002714460646204418
:104780008B46B946B846B0F5804F39D80E2000F0B8
:10479000ADFBDFF874A026E006EB090086B206F058
:1047A0003F00C0F14005A54200D325460BEB0801B0
:1047B0002A461648FBF753FE0A2000F057FBDAF8AA
:1047C0000820DAF814100092CDE90151BAF804106B
:1047D00010233246DAF80000FDF778FA070006D019
:1047E0007B21AAF8181064B1002FD5D009E008EB9E
:1047F0000500A9461FFA80F8A4EB090084B2F2E78D
:1048000001273846BDE8FE8FCC0B0020248A00200B
:10481000084810B50168491C016001F0EFFB00F089
:1048200015FCFFF75BF803F089F8BDE8104001F0D4
:1048300069BC0000A800002010B50024002120461B
:10484000FEF734FE641CE4B2082CF7D310BD000060
:1048500070B50C4DFF22134605F5807606E000BFCB
:1048600010F8014B5C402B5D5340325D491EF7D27E
:104870004FF6FF7000EA022000F47F40184480B237
:1048800070BD0000888B000870B500242DED028BF0
:1048900025469FED1E8A2646D8B1082816D8401E08
:1048A000C0B200F0C9FA00BF00EB85016D1CEDB28B
:1048B0004E630A2DF8D3002100EB8102491C82EDE2
:1048C000218AC9B282ED2C8A0B29F5D3BDEC028B6B
:1048D00070BD204600F0B0FA0146002001EB8002D6
:1048E000401CC0B256630A28F8D3002001EB8002B6
:1048F000401C82ED218AC0B282ED2C8A0B28F5D3B0
:10490000641CE4B2082CE4D3E0E7000000000000DF
:1049100030B50021134C0A460B4680B108280DD84B
:10492000401EC0B200EB800004EB001101EB42001E
:10493000521C8382D2B203850A2AF7D330BD01EB21
:104940008102002004EB021202EB4005401CAB8206
:10495000C0B22B850A28F7D3491CC9B20929EED366
:1049600030BD00001487002010B50020074B04461E
:10497000052103F1200200BF23F8104022F8101097
:10498000401CC0B21028F7D310BD000014840020D2
:1049900010B5B0F85A2200240A49A2F50453023B8C
:1049A0000ED1B0F85E220124A2F525435A3B07D16F
:1049B0000122A0F86022A1F86022104602F0A6FFB2
:1049C000204610BDD404002010B5B0F85A220021B2
:1049D0000E2A05D10121A0F8B41203F0ABF9012190
:1049E000084610BD70B50446B0F8B2020025012893
:1049F0000CD1B4F8C802012550B101280FD002280B
:104A000014D0002603281AD0A4F8C862284670BD26
:104A1000204602F0E1FB0028F8D001200CE02046FF
:104A200002F0CCFA0028F1D0022005E0204602F086
:104A300095FB0028EAD00320A4F8C802E6E7204648
:104A400002F014FB0028E1D0A4F8C862A4F8B26216
:104A50000025DBE7F0B5002690F8B9C2A1B001232C
:104A600004463146354601AABCF1800F17D00CDC54
:104A7000C7484FF00707BCF1090F74D2DFE80CF00C
:104A800092A2B9D0737373F0EE00ACF1810CBCF15B
:104A9000060FF2D2DFE80CF0152535455568B4F85D
:104AA000B40208B1812065E1D4F898026421B0FB1A
:104AB000F1F201FB1200002802D1204602F0A4FC12
:104AC00062E1D4E9A601814202D90A1A282A04D255
:104AD0008142F5D2401A2828F2D3204602F07CFB0E
:104AE0003EE0D4E9A601814202D90A1A282A04D25A
:104AF0008142E5D2401A2828E2D3204602F02EFB5C
:104B00002EE0D4E9A601814202D90A1A282A04D249
:104B10008142D5D2401A2828D2D3204602F0E3FAA7
:104B20001EE0D4E9A601814202D90A1A282A04D239
:104B30008142C5D2401A2828C2D3204602F03EFA4C
:104B40000EE0D4E9A601814202D90A1A282A04D229
:104B50008142B5D2401A2828B2D3204602F086FA04
:104B600000282ED110E108E1D4E9A601814202D942
:104B70000B1A282B04D2814213D2401A282810D3B2
:104B800010230020411C09B222F810100846994257
:104B9000F8DB43F601112046009503F0B3F984F8E1
:104BA000B952F1E0D4E9A601814202D90A1A282AB1
:104BB00004D2814251D2401A28284ED3204602F016
:104BC000F9FBD2E0D4E9A603834202D91F1A282FA9
:104BD00004D2834241D2C01A28283ED322F8115071
:104BE000491C09B22029F9DB8BB24FF440510095E2
:104BF000B8E0D4E9A603834202D91F1A282F04D2B1
:104C000083422AD2C01A282827D322F81150491CDF
:104C100009B21029F9DB8BB24FF444510095A1E0A1
:104C2000D4E9A603834204D9A3EB000CBCF1280FFE
:104C300004D2834211D2C01A28280ED322F8115070
:104C4000491C09B20C29F9DB8BB241F20121204643
:104C5000009503F057F984F8B97295E014E0FFE786
:104C6000D4E9A6128A4202D9571A282F04D28A42BE
:104C70007ED2891A28297BD30088ADF8040001AAC6
:104C80004FF4805100956DE0D4E9A6128A4202D912
:104C9000531A282B04D28A4276D2891A282973D330
:104CA0008188ADF804100189ADF8061090ED030A73
:104CB00003221923BDEEC00A10EE101AADF8081039
:104CC00030F8101FADF80A108188ADF80C1001897A
:104CD000ADF80E108189ADF81010018AADF81210F0
:104CE000818AADF8141090ED060ABDEEC00A10EEF0
:104CF000101AADF81610018FADF81810818EADF8AE
:104D00001A10018EADF81C10818BADF81E10018CAD
:104D1000ADF82010818CADF82210ADF824204FF6AC
:104D20000921ADF82610818FADF82810B0F8401099
:104D3000ADF82A10B0F84410ADF82C10B0F84810B7
:104D4000ADF82E10B0F84C10ADF83010B0F850108F
:104D5000ADF8321090F85400ADF8340001AA41F2D9
:104D60000A010095204603F0CDF894F8B90200E05E
:104D70000AE0401C84F8B90206E0B4F8B602012843
:104D800002D1A4F8A432012621B03046F0BD0000C3
:104D90004804002070B50446B0F8A402002501289C
:104DA0001CD10F4801250222816D0069062902D01D
:104DB000082903D009E010B9032004E010B1A4F8D9
:104DC000BC2202E00120A4F8BC02B4F9BC122046C7
:104DD00002F092FA10B10020A4F8A402284670BD97
:104DE0004804002070B5054690F84C0000241228B5
:104DF00008D001242846FFF72DFE012802D11220F9
:104E000085F84C00204670BD70B505460948002461
:104E10000068A0F50051CD3909D101242846FCF7DE
:104E20007FF82846FBF7C4FD2846FBF775FF2046B0
:104E300070BD0000180400200549082806D200EBC8
:104E40008001C1EB8010024901EB800108467047E8
:104E5000E8750020014890F861037047AC0000201D
:104E600001480068704700000800002000B50146B6
:104E70004FF47A7203E01046491E00F003F800294F
:104E8000F9D100BD00EB8000C00000E0401E00280A
:104E9000FCD17047064910B5064A31F8101052F897
:104EA0002000FCF73BFD002800D0012010BD0000D1
:104EB000D68D0008E00A00200349044A31F810109A
:104EC00052F82000FCF72FBDB88D0008A40A00207E
:104ED0000449054A31F8101052F820000122FCF76D
:104EE0002ABD0000B88D0008A40A00200449054A24
:104EF00031F8101052F820000022FCF71CBD000011
:104F0000B88D0008A40A00207047704770477047AA
:104F10007047000070B5007814460D46012803D094
:104F2000022803D020B10DE0074809E0074807E058
:104F3000012291020648FCF7FEFC2246294605485C
:104F4000FEF738F8002070BD78340020BC34002013
:104F500000000240003500202DE9F04188B0DFF864
:104F6000BC80002001466D4645F82010401CC0B2B0
:104F70000828F9D3002601E0192E34D20024601D40
:104F8000C0B2FFF7B3FF641CE4B2082CF7D30A20C9
:104F9000FFF778FF0024601DC0B2FFF799FF641C83
:104FA000E4B2082CF7D30A20FFF76CFF5FF000048F
:104FB000671C55F82400400045F82400F8B2FFF7BC
:104FC00069FF55F82410084445F82400FCB2082C69
:104FD000EED30024601DC0B2FFF788FF641CE4B26A
:104FE000082CF7D302E01420FFF74CFF761CF6B232
:104FF0001B2EC1D35FF0000303EB8300C0EB8312D1
:1050000055F8231008EB820001F088FD5B1CDBB231
:10501000082BF1D308B0BDE8F0810000E87500204E
:1050200070B50024084DFFF797FF00BF04EB840024
:10503000C0EB841005EB800000F048F9641CE4B27A
:10504000082CF3D370BD0000E875002010B54FF4B4
:10505000FA6000F07DF8012818D100F01DF8012851
:1050600014D10B4C6079002810D12079401CC0B2BB
:10507000207109280AD300F01DFA02F05BFE0549F1
:1050800001206071A1F8B602A1F8860510BD0000EC
:1050900084000020D40400202DE9F0472B4D00248B
:1050A0000327A9780120A0462646052904D2DFE877
:1050B00001F003050F1A4200A87043E0601DC0B262
:1050C000FFF706FF641CE4B2082CF7D30220F3E7D5
:1050D000601DC0B2FFF70AFF641CE4B2082CF7D3CE
:1050E000AF70AE812EE0A98940F28A22491C89B2B4
:1050F000A981914202D3AE81EE70DDE7DFF84C90DA
:1051000009F10E0919F80400012805D1601CC0B28C
:10511000FFF7C0FE01280CD0641CE4B2082CF1D3C8
:10512000E878411CE9700A280CD90420A870EE70B8
:1051300008E0AF70FBE7FFF773FFAF70AE81EE7072
:105140004FF001084046BDE8F087000084000020D1
:105150002DE9F05F594F01462DED028B0026F888AE
:105160003546884278D8401CF88038785449002465
:1051700001F1100B4FF0010808286DD2DFE800F0B4
:10518000040F2398981B3270701DC0B2FFF7AEFE5B
:10519000761CF6B2082EF7D387F8008089E0701DE0
:1051A000C0B2FFF795FE761CF6B2082EF7D30520A5
:1051B00038703C817DE03889401C80B238810A28F3
:1051C00077D9022072E08846701DC0B2FFF78EFECC
:1051D00028F81640761CF6B2082EF5D30620387053
:1051E0007C8166E07A89B946521C7A818A46771CAE
:1051F000F8B2FFF74FFE20B93AF81610491C2AF80A
:105200001610FEB2082EF2D3B9F80A0040F28A2135
:105210004A4688424DD35078002156465B46474661
:1052200036F811C08046BCF1320F01EB410C9C44B2
:1052300002D30CF8007001E00CF80040491CC9B220
:105240000829EDD308F10100C0B25070032804D33F
:10525000072089F800002CE02AE089F8004028E0C7
:10526000C246A046154C9FED178BD9460E3400213F
:1052700006EB4603084603EB0902135C401C194485
:10528000C0B2C9B20328F8D3084603F0C3FA53ECFE
:10529000182B03F00DFC02D804F806A001E004F876
:1052A0000680761CF6B2082EE1D30820387000E0A4
:1052B0000125BDEC028B2846BDE8F09F840000204C
:1052C000C0750020CCCCCCCCCCCC004030B5044652
:1052D0000020A17887B0012940D16D4604EB800100
:1052E000496845F82010401CC0B20728F6D30721B2
:1052F0002846FBF721FF002020620220216A55F892
:105300002020401C1144C0B221620528F6D3084673
:10531000032190FBF1F16162D4F8E020002000BF8E
:1053200004EB80035B6BDAB1994203DA401CC0B234
:105330000A28F5D300EE901A04EB8000F8EEE00A9C
:1053400090ED210A20EE800AD0ED2C0A30EE800A82
:10535000D4ED390AC4ED3A0A84ED390A07B030BDFC
:105360009942E7DDE2E7000001460020054A0829EE
:1053700006D201EB8100C0EB811002EB8000406A95
:1053800070470000E875002010B504462DED028B33
:10539000DFED188A1848B0EE688A806803F023FAB7
:1053A0009FED161B53EC112B03F084FA03F0DEF98A
:1053B00000EE100A1348082C0BD204EB8401C1EB59
:1053C000841100EB8100D0ED390A90ED371A30EEF0
:1053D000C18AB4EEC08AF1EE10FA01DBB0EE408A69
:1053E0000948005D08B9B0EE688AB0EE480ABDEC25
:1053F000028B10BD00000000480400209A99999982
:105400009999F13FE875002092000020F0B5244CF6
:1054100000231A4603EB8300C0EB8310002104F83D
:10542000203004EB80008270C2700262C0F8242039
:1054300000EB8105491CC9B26A600A29F8D3194DED
:10544000002100BF00EB810755F82160FE6546187A
:10545000491CC9B286F828200A29F3D300219FED00
:10546000120ADFED120A00BF00EB8105491C85ED31
:10547000210AC9B2C5ED2C0A0B29F5D301219FEDF4
:105480000C0A5B1C80ED370AC0F8E02080ED390A79
:1054900080ED3A0ADBB24170082BBBD3F0BD0000AF
:1054A000E8750020888D0008124DA03AE1DA85C326
:1054B0000000000010B511495FF0000000EB800211
:1054C000C2EB801201EB8202401C92ED390AC0B29D
:1054D00082ED370A0828F1D3FFF746FAFFF7ACF957
:1054E0000020074A014600BF02EB4003401CC0B247
:1054F000A3F866100428F7D310BD0000E87500205B
:105500004804002070B50446B0F85A02002542F263
:105510000111884214D1B4F85E020125A0F5E061C2
:10552000E5390DD10120A4F86402A4F8660294F8CC
:105530006C0204F51974FFF7EBF9207AFFF7A4F970
:10554000284670BDB0F85A220021B2F5045F12D18E
:105550000022A0F86622B0F86C32B0F95E22012178
:10556000934208D00123A0F86832082A03DCB0F87F
:105570005E22A0F86C22084670472DE9F0410446EF
:105580000026B0F866023546012836D1B4F85A0232
:10559000B0F5145F31D342F20A5188422DD2B4F9EA
:1055A0005E120126A1F59052FE3A26D10121A4F8FF
:1055B000621294F8B812C7B241F0010184F8B8122F
:1055C000B4F86C02E0B1082817D8401EC0B2FFF74B
:1055D000CBFEC11700EBD150451294F86C0239464E
:1055E000401EC0B202F0EEFC94F86C022BB2401EDA
:1055F000C0B20122394600F099FE3046BDE8F08184
:105600002846FFF7B1FEC11700EBD15044123946CE
:10561000284602F0D7FC23B201223946284600F082
:1056200085FE6D1CEDB2082DEAD3012223B2394666
:105630000820E0E72DE9F0410446B0F85A024FF0A7
:105640000008A0F5085046460A2835D294F8B8124A
:10565000C7B241F0010184F8B812A4F86E0204EB5D
:105660008701B4F95E02C1F87002B4F95E52B4F871
:105670006C024FF0010860B1401EC0B22A463946A4
:1056800002F04AF994F86C022A46401EC0B239462C
:1056900010E02A463946304602F03EF92A4639469D
:1056A000304600F057FE761CF6B2082EF1D32A469B
:1056B0003946304600F04EFE4046BDE8F081B0F875
:1056C0005A32002141F20312934207D1B0F85E3200
:1056D0000121934202D10122A0F8AC220846704772
:1056E000B0F85A32002141F20212934207D1B0F8C9
:1056F0005E320121934202D10122A0F8AA2208467B
:105700007047B0F85A32002141F20112934207D19A
:10571000B0F85E320121934202D10122A0F8A42206
:105720000846704710B5B0F85A220021A2F504537C
:10573000033B11D1B0F85E320121A3F5E0640A46C3
:10574000E53C04D0A3F58064B23C03D004E0A0F8AB
:10575000A02201E0A0F8A622084610BDB0F85A2207
:105760000021A2F50453043B09D1B0F85E220121C7
:10577000A2F54073F23B02D10122A0F8AE22084606
:105780007047000010B5B0F85A2200240A49A2F56B
:105790000453023B0ED1B0F85E220124A2F525434A
:1057A0005A3B07D10122A0F86022A1F860221046DE
:1057B00002F0ACF8204610BDD404002070B5B0F85B
:1057C0005A120024A1F580550A46222D6FD80124D3
:1057D00049492346232D79D2DFE805F012787878FD
:1057E000787878787878161A1E272B787878782F3A
:1057F000383E42464A7878784E575B5F6B6F73004D
:10580000B0F95E220A606EE0B0F95E224A606AE09A
:10581000B0F95E228A6066E0B0F95E2200EE102ADE
:10582000B8EEC00A81ED030A5DE0B0F95E220A61BC
:1058300059E0B0F95E224A6155E0B0F95E2200EE0F
:10584000102AB8EEC00A81ED0A0A4CE0B0F95E22D7
:105850008A64A0F8B03246E0B0F95E224A6442E0C1
:10586000B0F95E220A643EE0B0F95E22CA623AE014
:10587000B0F95E220A6336E0B0F95E22CA641F49BD
:10588000A0F8B232A1F882352DE0B0F95E220A65A7
:1058900029E0B0F95E224A6525E0B0F95E22022ACD
:1058A00003D0062A01D0082A1DD18A651BE020E01A
:1058B0000CE0B0F95E22CA6515E0B0F95E220A6616
:1058C00011E090F85E2281F864200CE0A2F580538C
:1058D0000F3B032B07D801EB8201A1F5A041B0F9E2
:1058E0005E32C1F8DC3F90F8B81241F0020180F856
:1058F000B812204670BD000048040020D4040020E7
:1059000010B504460020B4F85A12A1F5A852103A76
:105910000AD1B4F95E02FEF73BFA94F8B80240F0FF
:10592000020084F8B802012010BD10B5B0F85A1278
:105930000024A1F5CC42663A07D1B0F95E02A0F589
:1059400025415A3901D1FCF759FB204610BD10B54D
:10595000B0F85A2200210E2A05D10121A0F8B41274
:1059600002F0E8F90121084610BD0000B0F85A2203
:105970000021A12A04D1034A90F85E02012110708F
:10598000084670477C14002070B50446B0F8B20297
:10599000002501280CD1B4F8C802012550B1012816
:1059A0000FD0022814D0002603281AD0A4F8C86209
:1059B000284670BD204601F00FFC0028F8D00120D9
:1059C0000CE0204601F0FAFA0028F1D0022005E0B0
:1059D000204601F0C3FB0028EAD00320A4F8C80247
:1059E000E6E7204601F042FB0028E1D0A4F8C862B7
:1059F000A4F8B2620025DBE770B50546B0F8B00246
:105A00000024012807D10124284601F0D3FC10B15D
:105A10000020A5F8B002204670BD0000F0B5044695
:105A2000FB49002094F8B9E2A1B005260123D1F882
:105A300058C00546024601AFBEF1080F7ED008DC13
:105A4000BEF1080F1FD2DFE80EF0566688A1B9F844
:105A5000F6F5BEF12A0F72D00CDCBEF1090F6FD043
:105A6000BEF10A0F6DD0BEF10B0F6BD0BEF1290F46
:105A700009D1B6E0BEF1800F0AD0BEF1810F19D076
:105A8000BEF1820F30D0B4F8B60201287DD0C6E155
:105A9000B4F8B40208B18120B5E0D4F898026421CA
:105AA000B0FBF1F201FB12000028F0D1204601F01A
:105AB000ABFCB4E1D74ED4F89802B6F90410B0FBB1
:105AC000F1F201FB12000028E1D1B6F902102046E4
:105AD00001F012FC0128DAD1B6F90200411C7180F4
:105AE0001928D4DB82208EE0B4F8B6020128CED18A
:105AF00084F8B92293E1D4E9A601814202D90A1AB5
:105B0000282A04D28142C2D2401A2828BFD3204674
:105B100001F050FC1DE0D4E9A6138B4202D95E1AB5
:105B2000282E04D28B42B2D2C91A2829AFD327F823
:105B30001020401C00B22028F9DB04E0C1E065E041
:105B40002EE142E152E1009283B23A464FF44051D5
:105B5000B3E094F8B902401C55E0D4E9A6138B4297
:105B600002D95E1A282E04D28B4290D2C91A282953
:105B70008DD327F81020401C00B21028F9DB0092CA
:105B800083B23A464FF4445197E045E1D4E9A61375
:105B90008B4202D95E1A282E04D28B4289D2C91AAE
:105BA000282986D327F81020401C00B20C28F9DBE6
:105BB000009283B23A4641F201217EE0D4E9A60187
:105BC000814202D90A1A282A04D281421DD2401ADF
:105BD00028281AD3204601F0FFFA002815D02920E2
:105BE00011E0D4E9A601814202D90A1A282A04D276
:105BF00081420AD2401A282807D3204601F0DEF954
:105C0000002802D02A2084F8B90208E1D4E9A601CC
:105C1000814202D90A1A282A04D2814209D2401AA2
:105C2000282806D3204601F05EFA002801D084F827
:105C3000B962F4E02EE01BE0FFE7D4E9A6138B4243
:105C400002D95E1A282E0AD28B4202D2C91A2829FA
:105C500005D2E4E0411C09B227F810100846B0EB69
:105C60004C0FF7DB009283B23A4643F6011124E071
:105C7000D4E9A601814202D90A1A282A04D2814213
:105C80007DD2401A28287AD3B4F9BC12204601F0FC
:105C900033FB5EE7D4E9A606864202D9371A282FDD
:105CA00004D286426BD2801B282868D308880092D1
:105CB000ADF8040001AA4FF48051204602F022F909
:105CC00047E7D4E9A603834202D91E1A282E04D23C
:105CD000834254D2C01A282851D38888ADF80400D2
:105CE0000889ADF8060091ED030A0323BDEEC00A52
:105CF00010EE100AADF8080031F8100FADF80A00E8
:105D00008888ADF80C000889ADF80E008889ADF8D8
:105D10001000088AADF81200888AADF8140091EDE1
:105D2000060ABDEEC00A10EE100AADF81600088F84
:105D3000ADF81800888EADF81A00088EADF81C007A
:105D4000888BADF81E00088CADF82000888CADF86B
:105D50002200ADF824304FF60920ADF82600888FD8
:105D6000ADF82800B1F84000ADF82A00B1F84400C1
:105D7000ADF82C00ADF82EC0B1F84C0000E046E0C4
:105D8000ADF83000B1F85000ADF8320091F8540091
:105D90000092ADF8340019233A4641F20A018CE72B
:105DA000D4E9A601814202D90E1A282E04D28142DA
:105DB00035D2401A282832D3B4F86C020092ADF8DC
:105DC00004003A464FF4045177E7D4E9A601814232
:105DD00002D90A1A282A04D2814220D2401A28283D
:105DE0001DD33F21204601F0F7FBB2E6D4E9A6011E
:105DF000814202D90A1A282A04D281420FD2401ABB
:105E000028280CD3204601F0A9F90028EDD106E09E
:105E10004804002080150020A4F8A432012521B0F8
:105E20002846F0BD70B50546B0F8CA020024012826
:105E30000BD1074E0124307838B9284601F09EFB7B
:105E400018B100203070A5F8CA02204670BD0000CD
:105E50008015002070B50446B0F8A6020025012880
:105E600009D10125B4F9C012204601F045FA10B15C
:105E70000020A4F8A602284670BD70B50446B0F80C
:105E8000AC020025012809D10125B4F9C41220462D
:105E900001F032FA10B10020A4F8AC02284670BD1F
:105EA00070B50446B0F8AA020025012809D10125E1
:105EB000B4F9C612204601F01FFA10B10020A4F870
:105EC000AA02284670BD70B50446B0F8A8020025A5
:105ED000012809D10125B4F9C612204601F00CFAB7
:105EE00010B10020A4F8A802284670BD70B5044681
:105EF000B0F8A4020025012809D10125B4F9BC128B
:105F0000204601F0F9F910B10020A4F8A4022846B7
:105F100070BD70B50446B0F8A0020025012809D173
:105F20000125B4F9BE12204601F0E6F910B10020B7
:105F3000A4F8A002284670BD70B50446B0F8A202CD
:105F40000025012809D10125B4F9BA12204601F033
:105F5000D3F910B10020A4F8A202284670BD70B594
:105F60000446B0F8AE020025012809D10125B4F994
:105F7000C212204601F0C0F910B10020A4F8AE0210
:105F8000284670BD70B5054690F84C0000241228D4
:105F900008D001242846FFF741FD012802D1122034
:105FA00085F84C00204670BD70B505460A480024AF
:105FB0000068A0F50051CD390CD101242846FAF72C
:105FC000AFFF2846FAF7F4FC2846FAF7A5FE284664
:105FD00001F020FA204670BD180400200146002080
:105FE000A1F10902022A06D201EB4100024901EBAC
:105FF000400010F8310C7047487D00202DE9F04139
:1060000000F042F81E4C0027012620781D4D002884
:106010004FF00A0003D0FFF7E1FF60B10CE0FFF79B
:10602000DDFF012808D12670A5F86062A5F830656B
:1060300001F06CFC00E02770607800284FF0090048
:1060400006D0FFF7CBFF002800D16770BDE8F081D4
:10605000FFF7C4FF0128F9D16670A07810F00101A4
:1060600000F10100A07006D00029EFD0A5F8A462CD
:10607000A5F87465EAE7A5F8A262A5F87265E5E7F8
:106080009A000020D404002070B5104D002400BFF9
:1060900004EB440615F81600FEF7FCFE05EB46017E
:1060A0000871CA78824209D18A78521CD2B28A70A9
:1060B000322A05D332228A70487101E000228A70A8
:1060C000641CE4B2C870022CE2D370BD487D00208D
:1060D00030B500200A4B01465FF0010500F10902CE
:1060E00000EB4004401C03F8142003EB4402C0B250
:1060F0009170D1701171517155700228EED330BD7D
:10610000487D00202DE9F04100241B4F264600F079
:1061100037F81A48406901282BD13D1D385D295DAB
:10612000814201D028550126641CE4B2042CF5D329
:10613000012E1ED1002400262F5DF8074FF000002D
:1061400002D0FEF7C5FE01E0FEF7D0FE7F08012178
:106150000320FDF781F9761CF6B2082EEDD3641CFE
:10616000E4B2042CE7D3BDE8F04101210220FDF7A1
:1061700073B9BDE8F08100009D00002048040020B4
:1061800010B5FEF76DFE4FF47A71B0FBF1F201FB32
:106190001200002804D1BDE810400D20FEF78CBE8F
:1061A00010BD10B50020FEF793FE0120FEF790FE13
:1061B0000220FEF79BFE0320FEF798FE0420FEF768
:1061C00095FE0120FEF784FE00210420FDF744F92E
:1061D00001210220FDF740F9BDE810400120FEF743
:1061E00085BE0000FBF748FEFDF790FEFDF706FABE
:1061F000FDF790F9FDF7DEFAFDF736FBFDF7FCFA47
:10620000FDF7B8FAFDF74CFBFDF712FB4FF4807475
:1062100022461A491A48FCF795FE19480068C168D9
:1062200041F01001C160224616491748FCF78AFE6A
:1062300015480068C16841F01001C1602246134949
:106240001348FCF77FFE12480068C16841F0100156
:10625000C160FFF73DFFFFF7A4FFFFF7D7F801F09C
:1062600011F8FDF763FD00F0DFFA00F07DFBFAF7AF
:1062700011FAFDF7A5F900F01AF8FEE7290500204C
:1062800078340020F9070020BC340020B002002040
:106290000035002001460020842900D0C81C70472A
:1062A00010B500B9012001F0CBFF002010BD10B5E2
:1062B00001F0ECFF002010BD7FB50D46044641699A
:1062C000B0F9080081B1A16971B1FFF7E3FFD4E92A
:1062D00005128DE80700D4E900102B46226902F070
:1062E00052F9039004B070BDFFF7D4FF03A9CDE9C4
:1062F0000001208A2B4682B2D4E9001002F016F980
:10630000012801D00020EDE70398EBE7082809D821
:106310000A2907D2044B00EB800003EB001000EBCE
:1063200041000285704700001487002030B508281E
:106330000DD80A290BD200EB80050548012400EB9B
:10634000051020F8114000EB41008282038530BD2A
:1063500014870020082809D80A2907D2044B00EB2B
:10636000800003EB001000EB4100828770470000C3
:10637000148700202DE9F041184C0F460546E668C9
:106380002068001D01F094FE38B9206890F82C10A8
:1063900001208840216981432161681C07D137B100
:1063A0002168BDE8F0410E48091D01F0C5BE206816
:1063B0003544B5424560216805D2A06BBDE8F04187
:1063C000091D01F0A1BE606B091D01F09DFEA06AD0
:1063D000854200D2A562BDE8F08100001C000020CB
:1063E000AC3900202DE9F041054601F0B1FE2E4CFC
:1063F000A068401CA06020682C4F10B1606940B3B9
:106400002DE02560A068012829D1002606EB860032
:1064100007EB800001F06AFE761C072EF6D32348B6
:106420008C3001F063FE2148A03001F05FFE1F4870
:10643000B43001F05BFE1D48C83001F057FE1B4828
:10644000DC3001F053FE19488C3060631430A063D7
:1064500005E02068E96AC06A884200D82560606A61
:10646000401C6062E96A0120226988401043206173
:1064700001EB810007EB8000291D01F05DFE01F0BA
:1064800087FE606900280CD02068E96AC06A8842EB
:1064900007D207494FF080500860BFF34F8FBFF31A
:1064A0006F8FBDE8F08100001C000020D038002074
:1064B00004ED00E010B5044690F8510058B10128F1
:1064C0000CD002280FD0502080F31188BFF34F8FDB
:1064D000BFF36F8FFEE7206B01F06EFE2046BDE834
:1064E000104001F069BE10BD10484FF470514207D2
:1064F00006D0C01D0D4920F00700411AC1F57051AA
:106500000B4A00230144C2E900030839183A21F07C
:10651000070111604B600B600B1AC0E90013936018
:106520004FF000405360506170470000C0390020B8
:1065300070000020144E154CA6F1C8074FF080588B
:10654000DFF84C9012E000BF01F002FEF068C56871
:10655000281D01F0ADFDA068401EA0606068401ECF
:10656000606001F015FE2846FFF7A4FF6068002870
:10657000EAD138680128F9D9C9F80080BFF34F8FF4
:10658000BFF36F8FF2E70000983900201C00002055
:1065900004ED00E02DE9F0479A46DDE909848146E3
:1065A0006FF00303206B03EB82021044089E20F07F
:1065B0000707780707D0502080F31188BFF34F8F6B
:1065C000BFF36F8FFEE7002561B1002023180A5C3E
:1065D00083F834200A5C12B1401C1028F6D384F8EA
:1065E000435001E084F83450072E00D30626E662BB
:1065F000C4E91165201D01F084FD04F1180001F0CB
:1066000080FD2461C6F107006462A061E56484F83E
:10661000505052464946384600F0C0F82060B8F164
:10662000000F01D0C8F80040BDE8F08730B511492F
:1066300000E011460A688242FBD34B685C18844232
:1066400003D1406818444860084643681C189442C7
:1066500009D1084C183C2468A24209D052681A4457
:1066600042600A6812680260814200D0086030BD52
:106670000460F9E7700000200648416B096829B101
:10668000416BC968C9684968816270474FF0FF3142
:10669000FAE700001C00002008484068401C4FF04A
:1066A000500080F3118804D0BFF34F8FBFF36F8F7A
:1066B000FEE7BFF34F8FBFF36F8FFEE77800002038
:1066C0002DE9F0410546002701F016FE324E3068F4
:1066D00008B9FFF709FF706905424ED1C5B3083507
:1066E00068070ED005F00700C0F1080005446807F0
:1066F00007D0502080F31188BFF34F8FBFF36F8F07
:10670000FEE72DB37068854237D82348183001461C
:106710000C6801E020460C466168A94202D221685B
:106720000029F7D131688C4227D0076821680160C1
:1067300060680837411B10290FD96019420708D03B
:10674000502080F31188BFF34F8FBFF36F8FFEE7A8
:1067500013E041606560FFF769FF61687068401A87
:106760007060B268904200D2B0607069014300204E
:10677000C4E90001F068401CF06001F095FF780763
:1067800007D0502080F31188BFF34F8FBFF36F8F76
:10679000FEE73846BDE8F0815800002010B5031F21
:1067A0004FF080741C601B1F21F001011960191F3C
:1067B000044B0B6014390A60091F6FF00202443861
:1067C0000A6010BD9966000830B5002210290FD864
:1067D000084B0BE033F8124000EB4205240A00F8A6
:1067E000124013F81240521C6C70D2B28A42F1D39C
:1067F00030BD00001484002030B500220C290FD8D1
:10680000084B0BE033F8124000EB4205240A00F875
:10681000124013F81240521C6C70D2B28A42F1D36B
:1068200030BD0000D48400202DE9F047ADF5B16DF6
:1068300040F2845529466846F9F788FE4FF0000873
:1068400044462A4669464046FDF744FFDDF8805538
:10685000002876D14FF4B0616846FDF7F9FFA842F1
:106860007ED1EA4608F0FF00FEF7E6FA814604F121
:106870000A00002687B209F1340512E05AF8241004
:1068800002C55AF82400C11700EBD150314640F33D
:106890004F22761CF6B208F0FF00FFF737FD641CAC
:1068A000A4B2BC42EAD307F10A00002486B209F17F
:1068B0005C050EE05AF8271002C53AF82700214679
:1068C00002B2641CE4B208F0FF00FFF743FD7F1C36
:1068D000BFB2B742EED306F10B0080B209F18401DA
:1068E000534607E003EB8602761C92ED000AB6B22F
:1068F000A1EC010A8642F5D300F10B0189B209F13E
:10690000B00207E003EB8004401C94ED000A80B263
:10691000A2EC010A8842F5D3481C80B209F1DC02DE
:1069200008E000BF03EB8104491C94ED000A89B222
:10693000A2EC010A8142F5D3411C8CB209F1E001BD
:1069400005E00DE053F82020401C04C180B2A042B5
:10695000F8D308F101001FFA80F8B8F1080F81D3CD
:106960000DF5B16DBDE8F08770B59CB0702168463B
:10697000F9F7ECFD0024702269464FF4C060FDF782
:10698000A9FE1B9D00287DD16C216846FDF760FFA4
:10699000A84277D14E4A0098694610604D48019A46
:1069A0000260029A4260039A82609DED040A80EDC3
:1069B000030A059A0261069A426107225FF00B03FF
:1069C00051F8225000EB8406641C521C92B2E4B2CF
:1069D000B5619A42F4D301EB8203521C93ED000A95
:1069E00092B280ED0A0A51F82230521C92B2C36270
:1069F00051F82230521C92B2036351F82230521CDB
:106A000092B2436351F82230521C92B2836351F820
:106A10002230521C92B2C36351F82230521C92B2FF
:106A2000036451F82230521C92B2436451F8223070
:106A3000521C92B2836451F82230521C92B2C36449
:106A400051F82230521C92B2036551F82230521C88
:106A500092B2436551F82230521C92B2836551F8CC
:106A60002240521C92B2C46551F82240521C92B28C
:106A7000046611F8221080F86410082B01DD08214B
:106A8000816500E022E0826D1349022A0CD0062ABB
:106A900012D0082A1AD102693120AAB1012A13D0D2
:106AA000022A13D13E200FE00269402062B1012A80
:106AB0000AD0022A0AD107E00269302022B1012A55
:106AC00002D0022A02D13F20A1F8BC021CB070BD46
:106AD0001404002048040020D404002030B5002213
:106AE000102917D80C4B13E053F82240240E00F85D
:106AF000224053F82240250C00EB8204657033F8E5
:106B000022502D0AA57013F82250521CE570D2B203
:106B10008A42E9D330BD000054830020C278072A9E
:106B200003D30022C27001228270C278B1F1807F4B
:106B300000EB820201D3A1F100715160C178491CC0
:106B4000C1707047F8B5B0F86C120025082901D95A
:106B50000020F8BD384C79B1491E61702278374E5B
:106B600000215AB1012A20D0022A35D0032A4AD066
:106B7000217001252846F8BD0821EEE7D0E9A623BB
:106B8000934202D99F1A142F04D29342F2D2D21AFE
:106B9000142AEFD362780A2302EB820206EB021278
:106BA00000914FF40C5114323FE0D0E9A6239342F8
:106BB00002D99F1A142F04D29342DBD2D21A142A7C
:106BC000D8D362780A2302EB820206EB021200910C
:106BD0004FF41051283228E0D0E9A623934202D97D
:106BE0009F1A142F04D29342C4D2D21A142AC1D3AA
:106BF00062780A2302EB820206EB021200914FF444
:106C000008513C3211E0D0E9A623934202D99E1AE2
:106C1000142E04D29342ADD2D21A142AAAD30091D0
:106C200000F51B7201234FF4045101F06BF9207839
:106C3000401C20709EE70000B8040020148700204C
:106C400030B40022404D0123404C114680F84D20C5
:106C5000A8421ED104F58875C560403505614035F0
:106C60004561403585612035C56120350562203597
:106C70004562403585622035C56218350563344D5F
:106C800045632D1D85632D1DC5632D1D05642D1DBB
:106C90001CE0304DC56040350561403545614035EB
:106CA00085612035C0E9075440354562403585622D
:106CB0002035C56218350563254DAD1E45632D1D74
:106CC00085632D1DC5632D1D05642D1D4564A0F82C
:106CD000B23280F85410056D00F256236B61056DD9
:106CE0009B1CAB61056D00F15503EB61056D2B62DB
:106CF000A0F8561280F858124FF6FF73A0F85A32D7
:106D0000A0F85C12A0F85E12A0F86A125823A0F84E
:106D10006C32A0F86E12A0F866120F4900EB8205E3
:106D200051F82230521CD2B2C5F870320A2AF5D37B
:106D30000021FF2224F81120491CC9B21029F9D3DF
:106D4000006D816A30BC0847A407002054840020ED
:106D5000C204002054830020888D0008F8B5B0F8E4
:106D60006C120025082901D90020F8BD214C59B129
:106D7000491E61712179204E002339B101291CD0AF
:106D8000237101252846F8BD0821F2E7D0E9A612B3
:106D90008A4202D9571A142F04D28A42F2D2891A8F
:106DA0001429EFD36179009301EB810106EB011205
:106DB0000A234FF40C51143215E0D0E9A6128A428E
:106DC00002D9571A142F04D28A42DBD2891A142905
:106DD000D8D36179009301EB810106EB01120A23FC
:106DE0004FF41051283201F08DF82079401C2071A9
:106DF000C8E70000B804002014870020F8B5044656
:106E0000406C1D4E0025B0F90010A6F140022B4643
:106E100029B1012918D0038001252846F8BDD4E9FD
:106E2000A601814202D90E1A142E04D28142F4D254
:106E3000401A1428F1D3009320234FF440512046E8
:106E400001F060F8012014E0D4E9A601814202D9E2
:106E50000A1A142A04D28142DFD2401A1428DCD341
:106E60000093102332464FF44451204601F04AF873
:106E70000220616C0880D0E714840020F8B5B0F8D7
:106E80006C220025082A01D90020F8BD204C0021E1
:106E90004AB1E270A2781F4E3AB1012A1CD0A1700B
:106EA00001252846F8BDE170F4E7D0E9A623934216
:106EB00002D99F1A142F04D29342F2D2D21A142A62
:106EC000EFD3E2780A2302EB820206EB0212009172
:106ED0004FF40C51143215E0D0E9A623934202D9A5
:106EE0009F1A142F04D29342DBD2D21A142AD8D379
:106EF000E278009102EB820206EB02120A234FF4C1
:106F00001051283200F0FEFFA078401CA070C8E7A6
:106F1000B80400201487002070B50546B0F8680258
:106F20000024012807D101242846FFF70BFE10B1E9
:106F30000020A5F86802204670BD00002DE9F04150
:106F40000F46064600241B4D2AE02046FEF71CFA99
:106F5000286D70B12968A1F5DA426C3A09D1DFEDEC
:106F6000160A60EE200A00EE100AB8EEC01A80EE93
:106F7000810AE86CC8B1F2EE040A20EE200A00BFD4
:106F8000BDEEC00A07EB840110EE100A46F824009B
:106F9000001427F8240036F82400641C4880E4B26A
:106FA000A86DA042D1DCBDE8F081F6EE000A30EE1B
:106FB000200AE5E74804002000007A442DE9F84360
:106FC000054600270121FDF757FB00EB0010A96CD7
:106FD000102202EB80028C5E2A6C142606EB8006DF
:106FE000B2F900308E5993FBF4F204FB12324FF0E9
:106FF000180C36F9126093FBF4F20CEB800C04FBD6
:10700000123251F80CC002EB42020CEB8202DFF8A4
:1070100058C0DCF84CC0BCF1000F0BD093FBF4F26D
:1070200004FB12321C2303EB800002EB42020858DF
:1070300000EB82024FF000080623B1B22846CDF8DB
:10704000008000F0F9FE012803D1296C0888401C5B
:107050000880286CB0F90010A14202DBA0F8008083
:1070600001273846BDE8F88348040020F8B50446F7
:1070700000260421FDF700FB00EB0010A16C382274
:1070800002EB80028D5E226C3C2707EB8007B2F991
:107090000020CF5992FBF5F305FB132337F813C0FB
:1070A00092FBF5F305FB1322402303EB800002EB78
:1070B00042020858002700EB820206231FFA8CF1D7
:1070C0002046009700F0B8FE012803D1216C088803
:1070D000401C0880206CB0F90010A94201DB078039
:1070E00001263046F8BDF8B5044600260321FDF719
:1070F000C3FA00EB0010A16C2C2202EB80028D5E23
:10710000226C302707EB8007B2F90020CF5992FBA1
:10711000F5F305FB132337F813C092FBF5F305FBDA
:107120001322342303EB800000270858022300EBCE
:1071300082021FFA8CF12046009700F07DFE0128A4
:1071400003D1216C0888401C0880206CB0F9001025
:10715000A94201DB078001263046F8BDF8B5044698
:1071600000260221FDF788FA00EB0010A16C202216
:1071700002EB80028D5E226C242707EB8007B2F9B8
:107180000020CF5992FBF5F305FB132337F813C00A
:1071900092FBF5F305FB1322282303EB800002EB9F
:1071A00042020858002700EB820206231FFA8CF1E6
:1071B0002046009700F040FE012803D1216C08888A
:1071C000401C0880206CB0F90010A94201DB078048
:1071D00001263046F8BD00002DE9F843002705469A
:1071E0003946FDF749FA00EB0010A96C2A6C042619
:1071F00031F92040B2F9003006EB800693FBF4F23F
:1072000004FB12328E594FF0080C0CEB800C36F94F
:10721000126093FBF4F204FB123251F80CC002EB43
:1072200042020CEB8202DFF858C0DCF84CC0BCF123
:10723000000F0BD093FBF4F204FB12320C2303EB90
:10724000800002EB4202085800EB82024FF0000877
:107250000623B1B22846CDF8008000F0EDFD0128EC
:1072600003D1296C0888401C0880286CB0F90010F4
:10727000A14202DBA0F8008001273846BDE8F88370
:107280004804002010B50448FFF7DAFCBDE81040C0
:107290000248FFF7D5BC0000D4040020A40700205A
:1072A0002DE9F0470024154688468146032A1ED260
:1072B000DFF840A06F1E16E000FB0740C6B2214673
:1072C0002846FAF703F8BDEEC00A10EE100A49F896
:1072D0002600011428F8261008EB860139F826004C
:1072E000641C4880E4B2DAF85800A042E4DCBDE84F
:1072F000F0870000480400201CB50E4A00235268A5
:107300000192ADF80610D0E9A6128A4202D9541AA9
:10731000142C04D28A420AD2891A142907D30021D4
:107320000091022301AA842100F0ECFD01231846FC
:107330001CBD0000B08D000870B50546B0F86202B3
:107340000024012807D101242846FFF707FD10B1CA
:107350000020A5F86202204670BD70B50546B0F861
:1073600060020024012803D0FDF774FD01280DD12F
:107370000124FEF79FF800F0DDFC2846FFF73EFDF4
:1073800020B10020A5F8600200F0BAFA204670BDD6
:1073900070B50546B0F864020024012807D1012425
:1073A0002846FFF76BFD10B10020A5F864022046C7
:1073B00070BD00001CB51249124A002309680191F2
:1073C000BDF8041092F84820C9B241EA0221ADF894
:1073D0000410D0E9A6128A4202D9541A142C04D2FD
:1073E0008A420AD2891A142907D300210091022364
:1073F00001AA822100F086FD012318461CBD000071
:10740000B08D000848040020002301220E2100F066
:10741000CFBC00002DE9F041064627480025C06A90
:1074200028B3304600F04EF8244C25480027217838
:107430004FF0010839B101290DD0022918D00329D4
:107440002BD0277003E000F0D5F9012801D00125E9
:107450002EE0677028E06178415C304600F0BCF8AF
:10746000012825D102202070D6F8980260601FE024
:10747000827A6178921E4FF496608A4202D009B1F6
:107480004FF46170A060D4E90112D6F8980211445B
:1074900088420DD3032020700AE06178491CC9B2EC
:1074A0006170807A884202D984F8008000E02770F9
:1074B0002846BDE8F081000048040020781900202B
:1074C000948B00202DE9F04385B000242A4D03AEB3
:1074D0004FEA040905EBC40703A920464237FCF72D
:1074E00075FC00210A460846335C17F800C0634566
:1074F00009D005EB440C3B54ACF8629005EB040C4E
:1075000001238CF86A30335CFF2B05D003F1010CAA
:107510000DF801C0491C89B2401C1A44C0B292B295
:107520000828E1D3B2F5FF6F1AD02F1997F86A0037
:10753000012815D1022913D305EB4400B0F86220CD
:10754000521C92B2A0F86220B2F5FA7F0CD3A0F8D8
:107550006290C9B2684600F073F987F86A9003E058
:1075600005EB4401A1F86290641CE4B2042CB1D391
:1075700005B0BDE8F0830000A08B002000B5154ADF
:10758000A1B00021136901AAA3B1012B12D0022BD3
:1075900017D000BF22F81110491C09B20829F9DBE5
:1075A00000228BB2009201AA43F6011100F044FCC4
:1075B00021B000BD22F81110491C09B21029F9DBD5
:1075C000EEE701F1080322F81130491C09B208293D
:1075D000F7DBE5E7480400207CB51D4A002312686C
:1075E00001921C4A146C651E632D06D8BDF8065026
:1075F000EDB245EA0424ADF806403F2908D1BDF8B4
:10760000064092F84420E4B244EA0222ADF8062093
:107610003F22B1FBF2F402FB1411012202EB012123
:10762000ADF80410D0E9A6128A4202D9541A142CDB
:1076300004D28A420AD2891A142907D30021009160
:10764000022301AAA02100F05DFC012318467CBDA5
:10765000EC8D0008480400202DE9F05F4468804666
:10766000002594F858022F462E46012875D194F82B
:107670005500A9465A286ED194F85600A5286AD11B
:10768000B4F85612062953D394F85700C91E814204
:107690004ED194F8581080294AD0812904D08229EB
:1076A00046D0832944D116E094F85A60C01EB042F7
:1076B0003ED194F859A00BE0E01990F85B200AEB5A
:1076C0000700C1B2404600F062F805437F1CBFB21C
:1076D000B742F1D32CE094F85B70001F00EBD07040
:1076E000B7EB600F24D194F859004FF6FF7101EA0F
:1076F000002094F85A2000F47F4010441FFA80FACA
:107700008B4613E004EB460010F85C1F0BEA0121E6
:10771000407801F47F41084482B20AEB060081B24E
:10772000404600F03FF80543761CB6B2BE42E9D3AE
:10773000D4F8980241F2883188420CD9E80702D087
:1077400000F020F901E0A80705D500F0A9F9D8F864
:10775000041081F8B89284F85892BDE8F09F0000B8
:107760002DE9F04100240546042746680AE000BFE1
:10777000686907EBC401415830468847012804D0A6
:10778000641CE4B2287CA042F2D8BDE8F081034634
:1077900000205B68002904D183F85420012183F87C
:1077A0004D1070472DE9F047446800274FF6FF78E9
:1077B000A4F85A1206463D46A4F85E22414513D06D
:1077C0004FF004090AE000BFF16809EBC500095851
:1077D0002046884701280AD06D1CEDB2307AA842B5
:1077E000F2D800BFA4F85A823846BDE8F08794F872
:1077F000B872F7E711490246002091F87830002B63
:107800001BD091F8770000EB400303EBC000084465
:10781000036813604368536003891381807A907210
:1078200011F8770F0622401CB0FBF2F302FB1300A5
:1078300008704878401E487001207047A08B0020D7
:1078400030B52A4A002392F87840062C4CD20729FA
:107850004AD292F8764004EB440505EBC404144484
:10786000056825604568656005892581807AA07274
:1078700092F876401A2004EB440505EBC404144446
:10788000605492F876403F2004EB440505EBC404B5
:1078900014440C44607092F87640881C04EB440554
:1078A00005EBC4041444A0721148006E01280FD1E6
:1078B000491C0BE092F8760000EB400404EBC0009A
:1078C0008418E05C1E30E0545B1CDBB28B42F1D3C9
:1078D00012F8760F0621401CB0FBF1F301FB1300F8
:1078E00010709078401C907030BD0000A08B00207C
:1078F00048040020014981F862037047AC00002071
:10790000014981F861037047AC000020014981F80A
:1079100060037047AC00002008280BD20A2909D266
:1079200000EB8003C3EB8010034B03EB800000EB04
:107930008100C26570470000E8750020104810B54E
:107940004168D1F89822521CC1F89822C069D0F839
:107950009812491CC0F898120948FFF77DFE0848A4
:1079600018300446FFF778FE0548FFF7F9FE204679
:10797000FFF7F6FEBDE81040A520FFF7BBBF0000F3
:10798000740A00202DE9F041434E00273D464FF494
:10799000B078F8B2FDF750FA05F10A0189B200F1AA
:1079A0003402434606E09D4202D210CA46F8254002
:1079B0006D1CADB28D42F6D301F10A0292B200F114
:1079C0005C0406E0994202D220CC46F82150491CC2
:1079D00089B29142F6D302F10B0189B200F184041D
:1079E00009E09A4205D2B4EC010A06EB820585ED66
:1079F000000A521C92B28A42F3D301F10B0292B2F6
:107A000000F1B00409E0994205D2B4EC010A06EB9A
:107A1000810585ED000A491C89B29142F3D3511CBE
:107A20008CB200F1DC0109E09A4205D2B1EC010A06
:107A300006EB820585ED000A521C92B2A242F3D3F6
:107A4000611C8DB2E03006E09C4202D202C846F8CA
:107A50002410641CA4B2AC42F6D37F1CBFB2082F22
:107A600097D3A1003046FCF7F3FE46F82400641CCF
:107A7000A0B2B0F5B17F0DD24FF6FF7101EA8002DE
:107A800031460020FCF776FE002803D10349088820
:107A9000401C0880BDE8F081607D00204404002087
:107AA00070B5A24AA04C0021506BA14B401C506302
:107AB000012020CB44F82150491C89B28142F8D3DF
:107AC0000146401C994B04E020CB44F82150491C4E
:107AD00089B28142F8D30146401C121D04E008CA55
:107AE00044F82130491C89B28142F8D301468F4ABB
:107AF000401C083204E008CA44F82130491C89B20D
:107B00008142F8D30146894A401C0C3208E000BF8C
:107B1000B2EC010A04EB8103491C89B283ED000A2F
:107B20008142F5D30146814A401C103204E008CA64
:107B300044F82130491C89B28142F8D301467B4A7E
:107B4000401C143204E008CA44F82130491C89B2B0
:107B50008142F8D30146754A001D183204E008CA74
:107B600044F82130491C89B28142F8D301466F4A5A
:107B7000401C283208E000BFB2EC010A04EB81038C
:107B8000491C89B283ED000A8142F5D30146674A58
:107B9000401C2C3204E008CA44F82130491C89B248
:107BA0008142F8D30146614A401C303204E008CAE1
:107BB00044F82130491C89B28142F8D301465B4A1E
:107BC000401C343204E008CA44F82130491C89B210
:107BD0008142F8D30146554A401C383204E008CAB5
:107BE00044F82130491C89B28142F8D301464F4AFA
:107BF000401C3C3204E008CA44F82130491C89B2D8
:107C00008142F8D30146494A401C403204E008CA88
:107C100044F82130491C89B28142F8D34349421CBF
:107C2000443104E008C944F82030401C80B290423E
:107C3000F8D3501C81B23D48483004E008C844F8ED
:107C40002230521C92B28A42F8D3481C374A80B282
:107C50004C3204E008CA44F82130491C89B2814200
:107C6000F8D3411C314A89B2503204E008CA44F8C2
:107C70002030401C80B28842F8D3481C2B4A80B286
:107C8000543204E008CA44F82130491C89B28142C8
:107C9000F8D3411C254A89B2583204E008CA44F896
:107CA0002030401C80B28842F8D3481C1F4A80B262
:107CB0005C3204E008CA44F82130491C89B2814290
:107CC000F8D3411C8DB21949603104E004C944F86D
:107CD0002020401C80B2A842F8D3681C81B213480F
:107CE000643004E004C844F825206D1CADB28D4218
:107CF000F8D32046A900FCF7ABFD44F825006D1C25
:107D0000A8B21C280FD84FF6FF7101EA8002214665
:107D10004FF4C060FCF72EFD002804D10349091F71
:107D20004888401C488070BDE48200204804002040
:107D3000140400202DE9F04F1B4C002004F18002B8
:107D40009FED1A0A01464FF6FF75A2F1400602F1B7
:107D50004008FF2302F1600902F1800702F1A00A46
:107D600002F5987B02F5B87E44F8201002EB800CF7
:107D700022F82010ACF8021046F8205028F8101015
:107D800029F810300AEB800C27F810308CED000A2F
:107D90000BEB800C8CED000A2EF81010401CC0B2CA
:107DA0001028E1D3BDE8F08F5483002000000000CC
:107DB00070B50446D4E9A605854202D92E1A142EC0
:107DC00004D285422BD2401B142828D34FF6FF70D3
:107DD000814224D288184FF6FE75401EA8421ED25A
:107DE0005A2084F85501A52084F85601042084F80F
:107DF0005701832084F85801080A84F8590184F84F
:107E00005A1184F85B21012B0AD00722206D04F25D
:107E10005511436B9847D4F89802C4F89C0270BD82
:107E2000042104F5AC70FCF713FD010A84F85C1121
:107E300084F85D010922E9E72DE9F04104461D4679
:107E4000D4E9A6364FF0000C069F60469E4204D946
:107E5000A6EB030EBEF1140F04D29E4240D29B1B30
:107E6000142B3DD34FF6FF73994239D24B194FF67D
:107E7000FE765B1EB34233D25A2384F85531A523D4
:107E800084F85631032303EB450384F857318226E7
:107E900084F858610E0A84F8596184F85A110BE08D
:107EA00032F8101004EB40064FEA112C86F85BC143
:107EB000401C86F85C1180B2A842F1D3012F12D089
:107EC0005FF0060000EB450082B2206D04F2551110
:107ED000436B9847D4F898024FF0010CC4F89C0209
:107EE0006046BDE8F081194604F5AC70FCF7B0FCC3
:107EF00004EB4501020A81F85B2181F85C0108204E
:107F0000E0E700002DE9F04104461D46D4E9A6361D
:107F10000020069F9E4204D9A6EB030CBCF1140F6F
:107F200004D29E423ED29B1B142B3BD34FF6FF73D1
:107F3000994237D24B194FF6FE765B1EB34231D2CF
:107F40005A2384F85531A52384F85631032303EBD3
:107F5000450384F85731822684F858610E0A84F864
:107F6000596184F85A110BE032F8021B04EB400609
:107F70004FEA112C86F85BC1401C86F85C1180B278
:107F8000A842F1D3012F0FD05FF0060000EB4500AF
:107F900082B2206D04F25511436B9847D4F89802D1
:107FA000C4F89C02BDE8F081194604F5AC70FCF7FA
:107FB0004FFC04EB4501020A81F85B2181F85C016A
:107FC0000820E3E730B5082866D20A2964D200EB1E
:107FD0008002C2EB8010354A02EB800202EB810086
:107FE000536A436301235418002984F8283053D07E
:107FF00094F82740012C06D1D0E90C45A54200DDBC
:108000000023C2F8E030D0E916431C1B00EE104AF2
:10801000D0E90C54F8EEC00A651B00EE105A09298D
:10802000B8EEC01A80EE810A00EE903A01EE104AD6
:10803000F8EEE00AB8EEC11A80ED210A40EE410ADE
:10804000C0ED2C0A1CD2046EE31A00EE103AD0E9FF
:108050000D53F8EEC00A5D1B00EE105AB8EEC01AC0
:1080600080EE810A00EE904A01EE103AF8EEE00A46
:10807000B8EEC11A80ED220A40EE410AC0ED2D0A89
:1080800001290AD0092907D192ED2A0A82ED2B0A8B
:1080900092ED350A82ED360A30BD92ED220A82ED6C
:1080A000210A92ED2D0A82ED2C0A30BDE8750020E0
:1080B000D0E9013201699A60D0E901235A604A6827
:1080C000824201D182684A60002202610868401E33
:1080D0000860086870470000034B036003F1540018
:1080E0000860802010607047502D002000F10801CA
:1080F0004FF0FF32C0E90112C1600161002101604F
:10810000704700210161704730B50B685A1C02D0DE
:1081100000F1080202E0026904E022465468256882
:108120009D42FAD953684B6099608A60516008613A
:108130000168491C016030BD42684A6093688B60E9
:1081400093685960916008610168491C016070473B
:10815000502080F31188BFF34F8FBFF36F8F0A4910
:108160004868401C486001280CD10848006810F09D
:10817000FF0F07D0502080F31188BFF34F8FBFF35C
:108180006F8FFEE7704700007800002004ED00E0EC
:108190000849486828B1401E486001D180F3118821
:1081A0007047502080F31188BFF34F8FBFF36F8F5C
:1081B000FEE700007800002070B500282AD0164D98
:1081C000A0F1080460686969084207D1502080F373
:1081D0001188BFF34F8FBFF36F8FFEE722683AB16C
:1081E000502080F31188BFF34F8FBFF36F8FFEE7EE
:1081F0008843606000F080F86068696808446860DF
:108200002046FEF713FA2869401C2861BDE870403B
:1082100000F04ABA70BD0000580000204FF0E02086
:1082200000210161816105494FF47A720968B1FB4F
:10823000F2F1491E416107210161704718000020D9
:1082400010B5020014D00F48006B38B1502080F3F5
:108250001188BFF34F8FBFF36F8FFEE700F04CF82C
:1082600000211046FEF786F800F01EFA002807D11C
:1082700005494FF080500860BFF34F8FBFF36F8FF9
:1082800010BD00001C00002004ED00E010B586B019
:108290000024039405AA04A903A80494FFF71CFF73
:1082A000DDE903010094CDE9011000230EA110487F
:1082B000059A00F068F90F490028C86211D05020D3
:1082C00080F31188BFF34F8FBFF36F8F4FF0FF30F4
:1082D000886201204861CC6006B0BDE8104000F023
:1082E000ABB806B010BD000049444C45000000008A
:1082F000356500081C0000200248016B491C016321
:10830000704700001C0000201448016B11B10121CE
:10831000C16170470021C1610169B1FA81F1C1F108
:108320001F0101EB81020E4951F822306BB101EBC4
:10833000820101F108034A6852684A609A4201D1F9
:1083400052684A60D16801607047502080F31188FC
:10835000BFF34F8FBFF36F8FFEE700001C000020BC
:10836000D038002070B50022102916D800250B4BFC
:1083700011E000BF23F8125010F8124000EB420643
:10838000240204F47F4423F812407678344423F81E
:108390001240521CD2B28A42ECD370BD1484002029
:1083A00070B500220C2916D800250B4B11E000BF38
:1083B00023F8125010F8124000EB4206240204F495
:1083C0007F4423F812407678344423F81240521C3C
:1083D000D2B28A42ECD370BDD484002070B50022A2
:1083E000102921D970BD124B002400EB820543F8FF
:1083F000224010F82240240204F47F4443F8224033
:108400006E7834440B4E06EA042443F82240AE78DA
:108410003444240224F0FF0443F82240ED782C4435
:1084200043F82240521CD2B28A42DCD370BD000015
:108430005483002000FFFF001CB537480168374A0D
:10844000914207D1502080F31188BFF34F8FBFF3C3
:108450006F8FFEE700683149491E884207D15020DE
:1084600080F31188BFF34F8FBFF36F8FFEE72C4966
:1084700008780190FF20087008788DF800009DF8BA
:1084800000009DF8002000F0F000904207D050203E
:1084900080F31188BFF34F8FBFF36F8FFEE79DF816
:1084A0000000204C00F0500020700720A06005E084
:1084B0009DF8002052008DF80020401E9DF80020FD
:1084C0001206F5D4A060032807D0502080F311884D
:1084D000BFF34F8FBFF36F8FFEE74FF44070A06084
:1084E000019808700C482030016841F47001016067
:1084F000016841F070410160FFF790FE002060606C
:10850000F7F7DAFE0848016841F040410160F7F7EB
:10851000BFFE00201CBD000000ED00E071C20F4155
:1085200000E400E07800002034EF00E02DE9FF5F78
:108530008346DDE90E87994616468A469000FEF787
:10854000BFF805001CD05420FEF7BAF8040014D080
:108550000020256384F85100CDE90240CDE9008771
:108560004B46324651465846FEF714F82046FDF772
:1085700039FF012004B0BDE8F09F2846FFF71CFE3C
:108580004FF0FF30F6E7F0B585B0DDE90B640A9DEA
:10859000A6B1DCB1542700972663022684F8516007
:1085A000002604AFCDE90246CDE90057FDF7F2FF02
:1085B0002046FDF717FF049805B0F0BD502080F36A
:1085C0001188BFF34F8FBFF36F8FFEE7502080F30A
:1085D0001188BFF34F8FBFF36F8FFEE72DE9F04196
:1085E0002F4C0026206B28B1A069401CA0613046AA
:1085F000BDE8F081E5686D1CE56013D1606B006833
:1086000038B1502080F31188BFF34F8FBFF36F8FC5
:10861000FEE7606BA16B6163A063206A401C20626F
:10862000FEF72AF8A06ADFF87C80854209D3606BE8
:108630000068A0B1606BC068C7687868854211D2D5
:10864000A0622068C06A00EB800158F82100012870
:1086500000D90126E0690028C9D00126C7E74FF0FC
:10866000FF30EDE7381DFFF723FDB86A18B107F1B9
:108670001800FFF71DFDF96A0120226988401043A8
:10868000206101EB810108EB8100391DFFF754FDEA
:10869000F86A2168C96A8842C9D30126C7E7000081
:1086A0001C000020D03800202DE9F0472C4D00247C
:1086B0002746286B38B1FFF74BFD286B401E286317
:1086C000286B40B146E0502080F31188BFF34F8FF4
:1086D000BFF36F8FFEE7A968224E0120D1B3A6F148
:1086E000B40980463068E8B1F068C46804F1180045
:1086F000FFF7DEFC201DFFF7DBFCE06A2A6908FAC1
:1087000000F11143296100EB800109EB8100211D7B
:10871000FFF712FDE06A2968C96A8842E2D3C5F80A
:108720001C80DFE70CB1FDF7A7FFAC6944B14646FA
:10873000FFF754FF00B1EE61641EF9D10020A8617B
:10874000E86938B10849012738070860BFF34F8F3F
:10875000BFF36F8FFFF71CFD3846BDE8F0870000C0
:108760001C0000208439002004ED00E021F00042CC
:10877000A2F16052B2F5801F01F0004328BFD2F190
:108780007F6C0BD95FEA001C43EAC20242EB5070D7
:1087900018BF704728BF20F001007047B2F5801F56
:1087A000BCBF184670474FEA410C1CF5001F02D2AF
:1087B000084600F0B8B970B500F026F9000000894D
:1087C000FFF7F6BF4FF00040A0F58000704749105A
:1087D00058BFC1F140415B1058BFC3F140438B42C9
:1087E000EFF30080704710F0004248BF4042B0FAFB
:1087F00080F310FA03F10AD0C3F11D0303F580637F
:108800004FEA415002EB035202EBD12170474FF087
:1088100000007047B0FA80F310FA03F10AD0C3F1F8
:108820001D0303F580634FEA41504FEA035202EB08
:10883000D12170474FF000007047000051EA030C4F
:1088400017D41CF5801F58BFBCF5801F00F10680AF
:10885000994218BF704708BF9042704707D711F57B
:10886000801F58BF13F5801F19D499427047894261
:1088700070471CF5801F08D5BCF5801FF7D58B42CB
:1088800018BF704708BF824270474FF4001C1CEBB2
:10889000410F38BF1CEB430F01D28B42704770B5BC
:1088A00000F0B2F8922449004FF000514FF080538D
:1088B000FFF78DBFDFF848C170B51CEA111E1EBF5F
:1088C0001CEA13159EEA0C0F95EA0C0F00F06F805E
:1088D00081EA030423EA4C134EEAD47E21EA4C11C8
:1088E00041F4801143F48013AE44A1FB024CA0FB81
:1088F0000365AEF17F7E361955EB0C05A1FB034CE9
:108900004CF10003A0FB021C16EB0C06654153F171
:108910000003094218BF46F0010613F4007F0BD193
:108920004FEA03314FEA0530340341EA155140EA7A
:1089300016506FF003020AE04FEAC3214FEAC52048
:10894000F40241EA555140EA56506FF0020202EB40
:108950002E4201EB025585EACE710AD05FEA440C43
:1089600018BF24F0004450F1000041F1000120EA5A
:10897000D47040F2FE7C624500D270BDA84214BFA4
:108980004FF080444FF04044002E08BF0024BEF159
:10899000806FA8BFA1F1C041BDE8704080F2828025
:1089A0004FF0000001F1C04101F0004170479EEA24
:1089B0000C0F0CEA131518BF95EA0C0F06D04FF0F8
:1089C000000081EA030E0EF0004170BD00F01CF8BB
:1089D0008900013E00F007B800F009B84FEA430CE7
:1089E0005FEA5C5C08D081EA030100F05BB84FEA03
:1089F000410C5FEA5C5CF6D14FF000000149704722
:108A00000000FF070000F87F0EF1020E2EF0030EAB
:108A10005EF8046B364205D4012A43EB030515F5D5
:108A2000001F12D8012841EB010C1CF5001F0CD8C7
:108A30000ED14FEAD17C15F5001F0CEB4C0C0CF15C
:108A4000020C08BF4CEBD37C04E04FF0080C01E0B3
:108A50004FEAD37C0CEB4C0526FA05F606F0070628
:108A6000B6F1040C06D20EEB860CBDE870404CF05B
:108A7000010C6047DFE80CF0090B02024FF00041E7
:108A80004FF00000A1F5002170BD194610460128E5
:108A900051EB010418BFD4F5001484BF002001F08D
:108AA000004170BD0808A0F500114FEA3101704780
:108AB00053EA010C17D41CF5801F58BFBCF5801F6A
:108AC00000F106808B4218BF704708BF8242704792
:108AD00007D713F5801F58BF11F5801F19D48B429B
:108AE00070479B4270471CF5801F08D5BCF5801F5E
:108AF000F7D5994218BF704708BF904270474FF4AE
:108B0000001C1CEB430F38BF1CEB410F01D29942F4
:108B100070470FB40CBC03BCFFF7C1BE4FF04070F0
:108B2000E1EE100A7047FF2141EAD050C0057047BE
:108B3000F08D0008CD3E000800000000000000009D
:108B4000800000000000000000000000FC8D000814
:108B5000D53E0008FDFF00000000000000040000FA
:108B600000000000000000000006101600061016AD
:108B700000000000000000000102030406070809CD
:108B8000000000000102030400C1814001C08041D7
:108B900001C0804100C1814001C0804100C18140CD
:108BA00000C1814001C0804101C0804100C18140BD
:108BB00000C1814001C0804100C1814001C08041AD
:108BC00001C0804100C1814001C0804100C181409D
:108BD00000C1814001C0804100C1814001C080418D
:108BE00001C0804100C1814000C1814001C080417D
:108BF00001C0804100C1814001C0804100C181406D
:108C000000C1814001C0804101C0804100C181405C
:108C100000C1814001C0804100C1814001C080414C
:108C200001C0804100C1814000C1814001C080413C
:108C300001C0804100C1814001C0804100C181402C
:108C400000C1814001C0804100C1814001C080411C
:108C500001C0804100C1814001C0804100C181400C
:108C600000C1814001C0804101C0804100C18140FC
:108C700000C1814001C0804100C1814001C08041EC
:108C800001C0804100C1814000C0C101C30302C2D4
:108C9000C60607C705C5C404CC0C0DCD0FCFCE0E3C
:108CA0000ACACB0BC90908C8D81819D91BDBDA1AAC
:108CB0001EDEDF1FDD1D1CDC14D4D515D71716D61C
:108CC000D21213D311D1D010F03031F133F3F2328C
:108CD00036F6F737F53534F43CFCFD3DFF3F3EFEFC
:108CE000FA3A3BFB39F9F83828E8E929EB2B2AEA6C
:108CF000EE2E2FEF2DEDEC2CE42425E527E7E626DC
:108D000022E2E323E12120E0A06061A163A3A2624B
:108D100066A6A767A56564A46CACAD6DAF6F6EAEBB
:108D2000AA6A6BAB69A9A86878B8B979BB7B7ABA2B
:108D3000BE7E7FBF7DBDBC7CB47475B577B7B6769B
:108D400072B2B373B17170B050909151935352920B
:108D500096565797559594549C5C5D9D5F9F9E5E7B
:108D60005A9A9B5B99595898884849894B8B8A4AEB
:108D70004E8E8F4F8D4D4C8C44848545874746865B
:108D800082424383418180400000000032000000A5
:108D900064000000C8000000F4010000E8030000C7
:108DA000D0070000B80B0000A00F000088130000DF
:108DB000236460EA015A350000100020000800809A
:108DC00000400400080010002000400000200100C6
:108DD00004000080200000040100020004000800DC
:108DE0001000800001000200080010000131006442
:108DF00064656661756C745461736B006170705466
:108E000061736B314D730000288E00080000002054
:108E1000502D0000C40100085C9A0008502D00206D
:108E2000306700002802000892000112010462105D
:108E30000D00045E24F4000112AA01012A3000068C
:108E4000FF0C0B0020000101FF0101FF0101620185
:108E50001ECD6A031006ACF7FF1FE8045006107A17
:108E6000FF1FAC08300820F4F01F5000F8044390B6
:108E70007510ADD403338813076E405004FE02F61C
:108E800003A3A040301E646B04921E045E327F0474
:108E90004F1A04F403067908042F281370040C04F5
:108EA000FF01004C780401FF015D1603EBFFFFCECC
:108EB0000E4A581107100B8036003100350038007B
:108EC0003408024F31BE2BE40ED00804FF02008CA0
:108ED000D001FF010967D00A1501D02006D4040093
:108EE000200F231005140020118A12F8082D800A83
:108EF0002C05A40700203406100638100020059029
:108F00001248080005230010024004920804120CC5
:108F10001052041C02150C0461385200047F050530
:108F20006C0A0E160215061D210B1006094F0008CB
:108F30000F0412110412150C120D04120B04033C41
:108F4000010640023D02402C06A42F0020A0BB0BCE
:108F50004C068A0020E4892C0B6E64DC0B248A9476
:108F60001194219431944194519461947194819419
:108F70009194A194B194C194D194E194F194019508
:108F800011952195319541955195619571958195F1
:108F90009195A195B195C195D195E195F1950196E0
:108FA00011962196319641965196619671968196C9
:108FB0009196A196B196C196D196E196F1960197B8
:108FC00011972197319741975197619771978197A1
:108FD0009197A197B197C197D197E197F19701B177
:108FE00011B13000B700746497600701003000775A
:108FF000010C838101188381011883D2021883D266
:109000000230832204488322044810043700C51824
:1090100022283C600601370085010C838B011883F0
:109020008B011883DC021883DC0230832C04488314
:109030002C041818040F00289B122278100400003A
:10904000960C431F040C40075401280210F80C90A2
:10905000040F008C24928C24728C24830D0248838C
:109060008A024883480348830D0248838A02488362
:10907000480348321490321C6C329B90410C324AA7
:10908000903118330114906124928C24728C2483C3
:1090900012024883940248833E03488312024883A5
:1090A000940248833E03481C04A0008BBA091004B4
:1090B0001200026C6005A0004B010C83F1011883C3
:1090C000F1011883420330834203308393044883C1
:1090D000930430100410007E0430223E0161017EB2
:1090E0000061013E01B2027E00B2023E0103047E35
:1090F0000003043E0108052D009464145034083E1A
:10910000006401946410702D5004100AAC1A002001
:10911000301B0020F0041E03E00A12CC104C07B0F4
:109120001C0020701D700422EC204E1E7C04220CBA
:10913000284E1E9004122C342C06301F0020068C62
:1091400004110812CC041C068C2000200CBC041254
:10915000680C134C210C422220228820510C22A89A
:10916000284E23D40422C818110C2DCC0A1EE8C4A2
:109170000E136C0C48420C4412080C40072C0D00D6
:1091800020BC0D2012281C434C0E2C1248284FAC3A
:109190000E1805226834420E7812E44C2C0968241B
:1091A000002028250020B00F12040C12E80C43A860
:1091B0002698122410436827A422442842284422D7
:1091C0006418422834128008100608290020C804B8
:1091D0002E12960B11184007882A0020602B2012AF
:1091E000C41043382C0C12E41C47F82C1012043421
:1091F0004F382D5C041FC9499F0B15E64F9149A7B5
:109200000B43E54D1022E5181D2403229510156D22
:10921000135B73081DD00B1F094E2405DD88040D58
:10922000167804ED7004ED60042D50041C04530006
:109230006008043E3C38046005530049010C83D9A2
:10924000011883D90118835F0318835F033083E516
:10925000043083E504307C045300773804116C7DBE
:10926000380483D90118116C7D6804835F031811D9
:109270006C7D680483E50430116C7D50042C040E71
:109280000661EA0C3D080412630C52FF0C12EA0C52
:109290004310F81890040E06A72492A72492A7243E
:1092A00092E82492E82492E848832F016C832F01EE
:1092B0006C832F016C0114901004E50667483E147E
:1092C0002C040116909004E506AD2401149090043E
:1092D000E506EE480114906005E5063501481E8C50
:1092E000E2043C04746420980460058C0006010CC0
:1092F000831202188312021883980330839803188C
:10930000831E0548831E05481C04100719300442BB
:1093100016181D4E051C061E000401A43205100679
:10932000A40104012A4C2C0D2A030401B0041400EA
:10933000B004040144041F841934031D48044F2061
:109340001A440412A4101E3848044F5C1A44041234
:10935000C41052800C12E40C5FA41A34031D6C0478
:109360004F981A1804100790150020141634110491
:1093700012093412B01012A4104F1017380412D072
:1093800010527C0C12F01C4FD01788041210344F6E
:10939000C41744041E701C0912BC044F1C11100495
:1093A000128010227C0C4E126404129820529C0CE5
:1093B00012A8284F0813880412B8384FFC1244042E
:1093C00083E817883D88048218882D3804122810F5
:1093D0005F6C18F80482188812680C4FB418CC041B
:1093E000C3C01888C3D0188812E844430C190C83F2
:1093F000F81888160828166C206D4D0D4F4F5948E7
:10940000044F015938044FBD5738044FBF56380434
:1094100022E1081D0D0A22031815191345550820CD
:10942000050700000508115D222518154D225D086D
:1094300020050A0000850820050B0000353811EDD5
:10944000227B2820050D00006D604C060E00002BCD
:1094500059B0044F855FC00452897843395F78431F
:10946000ED5E7843135F7843555E78435F5F7843E2
:10947000C75E78437B5E7843A15E7843F9597843B1
:10948000196F7843917378433973783D08051DF55A
:109490000A2225301DC80943A95F885E50140B12AB
:1094A000D0D42C8101901190219031904190519015
:1094B0006190719081909190A190B190C190D19064
:1094C000E190F1900191119121913191419151914E
:1094D0006191719181919191A191B191C191D1913C
:1094E000E191F19101921192219231924192519226
:1094F0006192719281929192A192B192C192D19214
:10950000E192F192019311932193319341935193FD
:109510006193719381939193A193B193C193D193EB
:10952000E193F19358057C04B0005F40059EB0586C
:10953000058396021883960218837604189E764057
:10954000059EB040059EB0400583960218839602A2
:10955000189E762805BE7628059E7074049E7004B9
:10956000059E7004059EC974049EC904059EC90425
:10957000059E2374049E2304057E2304050215130F
:109580006C7C04E50676E0040215136C9004E50695
:10959000D12401146C7C04E5062BE0049EEBE0046E
:1095A0009EEBE0049ED0E0049ED0E0042D8C04816C
:1095B0000CADC8047E1EC804127D541E7DC8041E56
:1095C00062240510066202040142341E42C0041CDB
:1095D0008601981198219831984198519861987115
:1095E0009881989198A198B198C198D198E198F1F3
:1095F00098019911992199319941995199619971DC
:109600009981999199A199B199C199D199E199F1CA
:1096100099019A119A219A319A419A519A619A71B3
:109620009A819A919AA19AB19AC19AD19AE19AF1A2
:109630009A019B119B219B319B419B519B619B718B
:109640009B819B919BA19BB19BC19BD19BE19BF17A
:109650009B01B211B2F866054F74649C066005F870
:10966000000E010C83DF02187004DB020C181EBC14
:10967000AC0A810C81189E0AB805804F819C919C90
:10968000A19CB19CC19CD19CE19CF19C019D119D30
:10969000219D319D419D519D619D719D819D919D1A
:1096A000A19DB19D819E919EA19EB19EC19ED19E84
:1096B000E19EF19E819F919FA19FB19FC19FD19FEC
:1096C000E19FF19F01B311B39800708398008883E4
:1096D0001C0218921CA083A203A083A20318832853
:1096E000054803142805B86D30151E8420092C8107
:1096F00001A011A021A031A041A051A061A071A0A2
:1097000081A091A0A1A0B1A0C1A0D1A0E1A0F1A091
:1097100001A111A121A131A141A151A161A171A179
:1097200081A191A1A1A1B1A1C1A1D1A1E1A1F1A169
:1097300001A211A221A231A241A251A261A271A251
:1097400081A291A2A1A2B1A2C1A2D1A2E1A2F1A241
:1097500001A311A321A331A341A351A361A371A329
:1097600081A391A3A1A3B1A3C1A3D1A3E1A3F1A319
:109770009C0D7C041D01F7540D8315040C73EC0043
:109780000C800401E5030C0D2270030D2228031C3C
:109790000440013CC4093E30700C8338040C78044A
:1097A00010072DD404089B420028003B0328280101
:1097B000A6010516D002A500010D22E805019A01B7
:1097C0000D223C06019AC00D16B00301A6016D4C96
:1097D000040536C0AD9804BD3C1F0D7EB8099C053C
:1097E000B011B06260139E6260139E2948139E29D7
:1097F00048138FE60360138FE60360130D76741C25
:109800009E70C0139E70C0139E31A8139E31A81382
:109810008FF203C0138FF203A8130D76DC030D8EB5
:1098200020140D2EF01C0D8E50140D2EE01A7C0409
:10983000D4008968141ED4B80C6D8C148397021858
:109840008397021883570418835704180D761C0653
:109850006DE0141ED3E0141ED3E014040827930314
:109860007E0093033E087C0408052A0015BD9C0475
:109870000D81FC0B0DFF38090DFF38090DFF38096C
:109880000DFF38090D133809FC109C119C219C31E7
:109890009C419C519C619C719CD00F0D21F40DEC5E
:1098A00011019E119E219E319E419E519E619E718D
:1098B0009EEC0F0C1112019F119F219F319F419F20
:1098C000519F619F719FFC0F5C041300E78C115C3A
:1098D0000601001300B98C1190040100BB1892BB63
:1098E000188363011883630118830B0248830B02FA
:1098F0004892C51892C518836D0360836D03608319
:109900001504608315044892BD1892BD181C0413F9
:1099100000D2A4102D1411600701011300C3010C23
:1099200092BB1892BB188363011883630118830BE1
:109930000248830B024892C51892C518836D0360D4
:10994000836D0360831504608315044892BD1892EB
:10995000BD181C042D003D34083E1ABC0712AF0C84
:1099600052FF0C6C0559013D02501090042D007EF1
:1099700024927E24927E2492BF2492BF2472BF48F8
:10998000832B026C83AD026C8348036C832B026CC7
:1099900083AD026C8348036C832B026C83AD026C35
:1099A0008348036C0116D86C05540144020411016C
:1099B00016D89004540185240114D870045401C6AB
:1099C000480118D8816C0118D8816C0118D8816CB5
:1099D0003C043E0073080D8D6C1D410C92E61892FC
:1099E000E618838E0118838E011883360248833669
:1099F000024892F11892F1188399036083990360E9
:109A0000834104608341044892E91892E9181E0BCF
:109A1000E4161C060B005001B3EC1612B3081C0A26
:109A20005B015F005B01500103E4161C060302505A
:109A300001BDEC1612BD081C0A65035F00650350EA
:109A4000010DE4161C060D045001B5EC1612B50804
:0C9A5000D40408051E004D6C1E00000030
:040000050800018965
:00000001FF
