:020000040800F2
:10000000F8850020310300088D3C0008AB2F000864
:10001000FD3700089D100008C743000800000000DD
:100020000000000000000000000000007102000855
:10003000A511000800000000CD020008593D00088D
:100040004B0300084B0300084B0300084B03000858
:100050004B0300084B0300084B0300084B03000848
:100060004B0300084B0300084B0300084B03000838
:10007000A11000084B030008AD1000084B03000856
:10008000B9100008C51000084B0300084B03000816
:100090004B0300084B0300084B0300084B03000808
:1000A0004B0300084B0300084B0300084B030008F8
:1000B0004B0300084B0300084B0300084B030008E8
:1000C0004B0300084B0300084B0300084B030008D8
:1000D0004B030008554300086D43000885430008A2
:1000E0004B0300084B0300084B0300084B030008B8
:1000F0004B0300084B0300084B0300084B030008A8
:100100004B0300084B0300084B0300084B03000897
:100110004B0300084B0300082D3E00084B0300086A
:100120004B030008D1100008DD1000084B03000845
:100130004B0300084B0300084B0300084B03000867
:100140004B0300084B0300084B0300084B03000857
:100150004B030008E9100008F51000089D43000853
:100160004B0300084B0300084B0300084B03000837
:100170004B0300084B0300084B030008000000007D
:100180004B0300084B03000800F002F800F060F891
:100190000AA090E8000C82448344AAF10107DA45E2
:1001A00001D100F055F8AFF2090EBAE80F0013F0D4
:1001B000010F18BFFB1A43F001031847308A0000F3
:1001C000508A000010F8013B0A4413F0030408BFF2
:1001D00010F8014B1D1108BF10F8015B641E05D01B
:1001E00010F8016B641E01F8016BF9D1002D15D0D8
:1001F00010F8014B03F00C030C2BA1EB04040ABF15
:1002000010F8013BA4EB8314A4EB032405F10103D4
:1002100014F8016B5B1E01F8016BF9D5914238BFF0
:1002200010F8013BD1D3704700230024002500269D
:10023000103A28BF78C1FBD8520728BF30C148BF49
:100240000B6070471FB508F05BFB1FBD10B510BDFC
:1002500000F0A6F91146FFF7F5FF05F0D1FE00F01A
:10026000C4F903B4FFF7F2FF03BC00F0CBF90000C0
:100270002C4B19680868B0E8F04F80F30988BFF389
:100280006F8F4FF0000080F311887047000000006E
:1002900008480068006880F308884FF0000080F389
:1002A000148862B661B6BFF34F8FBFF36F8F00DF64
:1002B00000BF00BF08ED00E0DFF80C00016841F46A
:1002C00070010160704700BF88ED00E0EFF3098026
:1002D000BFF36F8F134B1A681EF0100F08BF20ED8D
:1002E000108A20E9F04F106009B44FF0500080F3FD
:1002F0001188BFF34F8FBFF36F8F07F0F7FE4FF0FA
:10030000000080F3118809BC19680868B0E8F04F54
:100310001EF0100F08BFB0EC108A80F30988BFF3FD
:100320006F8F70471C000020EFF3058070470000BE
:100330000948804709480047FEE7FEE7FEE7FEE779
:10034000FEE7FEE7FEE7FEE7FEE7FEE704480549B5
:10035000054A064B704700001D3E00088901000851
:10036000F87D0020F8850020F8810020F881002029
:1003700053EA020C00F069802DE9F04B4FF00006C3
:10038000002B1FBFB3FA83F503FA05F424FA05F630
:100390005E4012BF1643B2FA82F502FA05F4C5F1C7
:1003A00020051EBF22FA05FC44EA0C04203556EA5B
:1003B000044C4FEA144418BF641C4FF000084FF07F
:1003C0000009904271EB030C39D3002919BFB1FA2F
:1003D00081F701FA07F6B0FA80F700FA07F6C7F1DD
:1003E00020071EBF20FA07FC46EA0C062037B6FBA2
:1003F000F4FCA7EB0507103F07F01F0BCBF120061D
:100400000CFA0BFB2CFA06F644BFB3460026202F4D
:10041000A4BF5E464FF0000B5BEA060C08BF4FF02E
:10042000010B19EB0B09ABFB027C48EB0608C01B68
:1004300006FB02CC0BFB03CC71EB0C01C1E70B46B6
:10044000024641464846BDE8F08B13B54FF0000028
:100450004FF00001AFF30080BDE81C407047032A55
:1004600040F2308010F0030C00F0158011F8013BD1
:10047000BCF1020F624498BF11F801CB00F8013BB8
:1004800038BF11F8013BA2F1040298BF00F801CB7C
:1004900038BF00F8013B11F0030300F02580083A53
:1004A000C0F0088051F8043B083A51F804CBA0E8AA
:1004B0000810F5E7121D5CBF51F8043B40F8043BFF
:1004C000AFF30080D20724BF11F8013B11F801CB34
:1004D00048BF11F8012B24BF00F8013B00F801CB05
:1004E00048BF00F8012B704710B5203AC0F00B80D0
:1004F000B1E81850203AA0E81850B1E81850A0E828
:100500001850BFF4F5AF5FEA027C24BFB1E8185081
:10051000A0E8185044BF18C918C0BDE810405FEAF1
:10052000827C24BF51F8043B40F8043B08BF70476D
:10053000D20728BF31F8023B48BF11F8012B28BF72
:1005400020F8023B48BF00F8012B70474FF0000233
:1005500000B5134694469646203922BFA0E80C50B9
:10056000A0E80C50B1F12001BFF4F7AF090728BF94
:10057000A0E80C5048BF0CC05DF804EB890028BF10
:1005800040F8042B08BF704748BF20F8022B11F039
:10059000804F18BF00F8012B7047704770477047B5
:1005A000754600F02BF8AE4605006946534620F02C
:1005B0000700854618B020B5FFF7C8FEBDE820400B
:1005C0004FF000064FF000074FF000084FF0000B0F
:1005D00021F00701AC46ACE8C009ACE8C009ACE8C2
:1005E000C009ACE8C0098D46704710B50446AFF3AA
:1005F00000802046BDE81040FFF733BE004870473A
:10060000987D002001491820ABBEFEE726000200BD
:100610007047F0B50025541E1CE00023561B761EC3
:1006200015E000EB830E50F82370DEF804C0674538
:100630000CDD40F823C0CEF80470CF1811F803E0A9
:1006400097F801C001F803C087F801E05B1C9E42E7
:10065000E7DC6D1CA542E0DBF0BD70B5FF2605466A
:10066000002481780BE0A86800EB0410827B012A4B
:1006700003D1C27B0AB1427B4AB1641CE4B2A142FD
:10068000F1D8A878A04200D92646304670BD00F0C7
:10069000E5FDF6E72DE9F041364C102100206170B0
:1006A000354D0421A17095F85810E170E96D09B934
:1006B0000221E170314961608031A1604031E16027
:1006C00040312161A988E1822989218395ED030ABE
:1006D000BCEEC00A10EE101A618395ED0A0ABCEE5A
:1006E000C00A10EE101AA183E96C012921D1A98852
:1006F000F2EE040A01EB81024FF6FF7101EA4202B9
:10070000E2822A8902EB820201EA4201218395ED0D
:10071000030A20EE200ABCEEC00A10EE101A618314
:1007200095ED0A0A20EE200ABCEEC00A10EE101A5F
:10073000A1830022616801EBC001401C0A7161784D
:10074000C0B28142F6D800264FF001080DE0A06843
:1007500000EB0617384600F081FD05EB860087F8B0
:100760000E80007E761CF873F6B2A078B042EED808
:10077000BDE8F081F07C002048040020E07B0020F0
:10078000F0B5044600200146207514E0626802EBD3
:10079000C00213796BB91268A38B9A4209DD257DDB
:1007A000E36843F82520237D2269D054227D521C22
:1007B0002275401CC0B262788242E7D8207DFF22B9
:1007C00006E0E36843F8201023691A54401CC0B2C5
:1007D00063788342F5D82046FFF73FFF227D074626
:1007E000022A5CD3FF2F5AD0D4E90301FFF711FF8F
:1007F000002651E0E368A08B012553F826208242B1
:1008000043DB701C0FE000BF53F820C0B4F81AE0BF
:10081000ACEB020CF44509DC6D1C94F803C0EDB29E
:10082000AC4503D9401CC0B28142EDD8022D2CD377
:100830002046FFF712FF0746FF2826D0A07872193E
:10084000B7FBF0F100FB1170A1686FF0030301EB3F
:100850000010E16803EB820231F826100180E168A4
:10086000895A41800571C17B417300210BE02269E7
:100870007318D25C4318491C5A716368C9B203EB00
:10088000C202437B1371A942F1D37019401EC0B25A
:10089000FF2F04D0401CC6B2217DB142AAD8F0BDC2
:1008A0002DE9F041064600251CE0706800EBC50804
:1008B00098F80400A0B900270FE0B068F17800EBC9
:1008C00007142079884206D242462146304600F07D
:1008D0006CFC01280BD07F1CFFB2B078B842ECD87A
:1008E0006D1CEDB27078A842DFD8BDE8F081002120
:1008F00060184079FF280AD0491CC9B20829F7D3EB
:100900002079401C2071617B88F80410E8E76018AA
:100910004571F5E72DE9F04100250646A84633E08C
:10092000706800EBC5073A7962B30020B17807E040
:10093000B36803EB0014637B9A4203D0401CC0B23F
:100940008142F5D8814202D887F804801AE03A46FD
:100950002146304600F029FCA0B987F804802179AF
:1009600081B1002009E022185279AA4203D1204423
:10097000FF21417103E0401CC0B28142F3D82079CD
:10098000401E20716D1CEDB27078A842C8D8BDE839
:10099000F08103F0BBB900002DE9F843044600796B
:1009A0000026FE2530B1012812D0FE280AD066703C
:1009B000257106E0204600F023F8012804D1657077
:1009C00020716571BDE8F883657025716671F9E77E
:1009D0000A4F00964FF6FF78B96D204608EA4103AA
:1009E0004FF44451A26907F019F9B96D08EA4102C0
:1009F000D4E9060100F0B0F8E6E700004804002062
:100A00002DE9F041504C0546234600204F4AD4F8CA
:100A100010C0AF699B6D064602F53471BCF1000F42
:100A200008D04FF6FF78BCF1010F2FD0BCF1020FB8
:100A300055D163E0AA4214D1092093FBF0F100FBE9
:100A40001130C1B22846FFF7A4FF06E017F81610D0
:100A5000304602F0BDFC761CF6B2A06DB042F5DC6B
:100A600010E0A9420ED13949002007E08A69AB693C
:100A700032F8102023F81020401C80B2A26DB0EB99
:100A8000420FF3DBB4F8580082B224E0AA4210D13E
:100A90005806010E2846FFF77CFF06E017F81610EF
:100AA000304602F095FC761CF6B2A06DB042F5DC43
:100AB00046E0A94244D12549002007E08A69AB6994
:100AC00032F8102023F81020401C80B2A26DB0EB49
:100AD000420FF3DB34E0D5E9060100F08FF91C4941
:100AE000D5F898224B680D68B2FBF3F4AC4203D002
:100AF000B2FBF3F008600120BDE8F081AA420ED1FC
:100B00000026144F07E0304417F81010F0B202F03E
:100B10005FFC761CB6B2A06DB042F4DC10E0A942D6
:100B20000ED10A49002007E08A69AB6932F810202B
:100B300023F81020401C80B2A26DB0EB420FF3DB13
:100B4000A16D08EA4102C6E748040020D004002055
:100B5000D41A00209075002010B5002306E000BFD5
:100B600030F8134021F813405B1C9BB29342F7D33B
:100B700010BD000010B5002306E000BF50F8234070
:100B800041F823405B1C9BB29342F7D310BD000099
:100B90002DE9F84F00220092D0E90954A246002422
:100BA000C66A8369C268204613E000BF33F810703C
:100BB0006FB952F8207000EE107A05EB8407B8EE9A
:100BC000C00A87ED000A2AF81400641CE4B2401C35
:100BD000C0B28842EAD3012C04D9224651462846A5
:100BE00000F00EFADFF810B1002047F6FF7CFF2777
:100BF0006346B946002145E005EB81029BED0A0AF8
:100C0000D2ED000AF4EEC00AF1EE10FA06DAB1EE07
:100C1000401AF4EEC10AF1EE10FA31D84A1CD2B2F1
:100C2000B1EE401A10E000BF05EB8208D8ED001AC3
:100C3000F4EEC01AF1EE10FA08DAF4EEC11AF1EE91
:100C400010FA03D9521CD2B2A242EDD3A14217D25C
:100C5000A24215D205EB820898ED000A70EE600AF8
:100C600000EE103AB8EEC00AF4EEC00AF1EE10FA47
:100C700006D2BDEEE00A91460F4610EE103A1BB2C6
:100C8000491CC9B2A142B7D363452ED0FF2F2CD047
:100C9000B9F1FF0F29D004280FD23AF8192000EB40
:100CA0004001521C26F811203AF8172006EB4101AA
:100CB000521C4A80401C8B80C0B29FED100A05EB8D
:100CC0008901042881ED000A05EB870181ED000A06
:100CD0008DD30DE000EB4002401C26F8121006EB0D
:100CE0004202C0B25180918000E000210428F1D37B
:100CF0000098BDE8F88F00004804002000000000C4
:100D0000F8B504464079FE25002620B101280BD015
:100D1000FE2818D1F8BD204600F01AF8012812D19B
:100D2000657025716071F8BD00960C2341F20121B8
:100D30002046E26A06F072FF0128F4D1D4E90B01E3
:100D40000C22FFF709FF667025716571F8BD000080
:100D500010B504462748274A27490369926D01F5D3
:100D6000347023B1012B15D0022B3CD12BE0A142D2
:100D700001D191B214E0A04235D11F490020E36AAD
:100D8000CA6A32F8102023F81020401C80B20C28C8
:100D9000F5D328E0A14207D14FF6FF7000EA4201E7
:100DA0002046FFF7F5FE1EE0A0421CD112490020AC
:100DB000E36ACA6A32F8102023F81020401C80B27F
:100DC0000C28F5D30FE0A1420DD0A0420BD10A4967
:100DD0000020E36ACA6A32F8102023F81020401C71
:100DE00080B20C28F5D3D4E90B01BDE810400C22E9
:100DF00000F004B848040020D004002070B5044678
:100E00000020034609E000BF34F9135031F91360A4
:100E1000B54200D001205B1C9BB29342F4D370BD5D
:100E200070B504460020034609E000BF54F8235083
:100E300051F82360B54200D001205B1C9BB2934265
:100E4000F4D370BD2DE9F843044640780026FE2512
:100E500020B1012817D0FE2832D129E0204600F029
:100E600033F8012809D06088401C80B26080FA28DD
:100E700007D366806570267102E0012060702571DD
:100E80006571BDE8F8830F4F00964FF6FF78B96D96
:100E9000204608EA81034FF44051626906F0BEFE25
:100EA000B96D08EA4102D4E90301FFF763FE06E0E9
:100EB0006088401C80B26080B0F57A7FE1D36680A4
:100EC0006670DCE7480400202DE9F0414A4D4B4AAA
:100ED000044600232F6902F53470022137B14FF622
:100EE000FF76012F29D0022F53D155E0A24204D121
:100EF0006169E06805F020FF1BE0A04219D13F4A7C
:100F0000002013E0D368E66853F8203046F820301C
:100F10005369666933F8203026F8203001EB8003EE
:100F200056696769401CF65AFE5280B2AB6D834227
:100F3000E8DCB5F8580082B226E0A24204D161692B
:100F4000E06805F0F9FE2EE0A04251D12B4A0020C6
:100F500015E0D368E76853F8203047F8203053692C
:100F6000676933F8203027F8203001EB8003576998
:100F7000D4F814C0401CFF5A2CF8037080B2AB6D3B
:100F8000B0EB430FE5DB33E0D4E90301FFF748FFA3
:100F900003461846BDE8F081A2420AD101226169E8
:100FA000E06806F07BF802226169E06806F076F8F6
:100FB0001EE0A0421CD1114A002015E0D368E7686A
:100FC00053F8203047F820305369676933F82030F0
:100FD00027F8203001EB80035769D4F814C0401C77
:100FE000FF5A2CF8037080B2AB6DB0EB430FE5DB1A
:100FF000A86D06EA4002C7E748040020D00400209C
:10100000F0B5002426E000260123171B1CE000BFDA
:1010100000EB8305D5ED000A15ED010AF4EEC00AD8
:10102000F1EE10FA0ED245ED010A85ED000A01EB52
:10103000430631F813C036F8025C26F802CC21F8DA
:10104000135001265B1CDBB29F42E1DC002E03D073
:10105000641CE4B29442D6D3F0BD0000F0B5002386
:1010600019E000250122CE1A0FE000BF00EB820735
:1010700050F822C057F8044CA44504DA47F804CCD1
:1010800040F822400125521CD2B29642EEDC002DDF
:1010900003D05B1CDBB28B42E3D3F0BDFEE7000064
:1010A000014800F063B9000088280020014800F0E2
:1010B0005DB90000E8280020014800F057B90000A1
:1010C000C8270020014800F051B90000282800205E
:1010D000014800F04BB9000048290020014800F009
:1010E00045B9000008270020014800F03FB9000082
:1010F000A8290020014800F039B900006827002025
:1011000001681823CAB2103AB2FBF3F2054B6FF331
:101110000901032A9B5CC36500D9091D8165084646
:10112000704700004C89000810B5014600208B690B
:101130008A6A4FF0C07453B1B3F5005F15D072B135
:10114000012A0CD0022A0AD0032A09D104E01AB1DC
:10115000012A06D0022A03D1C96AC90100D501209B
:1011600010BDC96AA142FAD010BD002AF7D0012AE9
:10117000F2D0022AF3D0032AF3D010BD30B50468B0
:10118000256825F480252560046863608368402B0A
:10119000036803D099600068C26030BD9A6000683F
:1011A000C16030BD704772B6FEE770B505460C8869
:1011B000AE8B0020B4420AD94B88B34207D91268DB
:1011C000B24204DDA24203DB9A4201DC012070BD81
:1011D0009A4205DD131B6C8BA342F8DC4A80F5E7CD
:1011E000A242F4DA6C8B9B1AA342F0DC0A80EDE792
:1011F0009FED160A164A082921D200281FD003287D
:101200001DD202EB401000EB810090EDBB0A1148AB
:10121000016D71B10268A2F5DA436C3B09D1DFEDD3
:101220000E0A60EE200A00EE101AB8EEC01A80EE28
:10123000810AC06C20B1F2EE040A20EE200A704749
:10124000F6EE000A30EE200A7047000000000000B1
:10125000AC0000204804002000007A4400210180F6
:10126000418001714173FF224318491CC9B25A7170
:101270000829F9D3704730B50546002417E0A8685F
:10128000EA7800EB0410017991420CD802290AD3C4
:10129000417B41B10188AA8B914204D34388934298
:1012A00001D3994201D9FFF7D9FF641CE4B2A878B1
:1012B000A042E4D830BD2DE9F0410446876D00F02E
:1012C000D1FA064694F835000025022806D0802081
:1012D000606584F834500120BDE8F0812068016821
:1012E00021F0160101602068416921F0800141610F
:1012F000206C08B9A06C20B12068016821F00801B9
:1013000001602068016821F0010101600CE000F03B
:10131000A9FA801B052807D920206065032084F8DE
:10132000350084F83450D7E720680068C007EED154
:1013300094F85C103F208840B860012084F83500A4
:1013400084F834500020C7E790F83510022903D004
:101350008021416501207047052180F83510006823
:10136000016821F001010160002070472DE9F84378
:1013700004464FF00009CDF8009063484FF4165131
:10138000A56D0068B0FBF1F72E6894F85C1008209A
:1013900000FA01F131420FD021680A6852070BD5DB
:1013A0000A6822F004020A6094F85C108840A86081
:1013B000606D40F00100606594F85C104FF001082A
:1013C00008FA01F0304208D021684969090604D5BD
:1013D000A860606D40F00200606594F85C10042025
:1013E0008840304208D021680968890704D5A86080
:1013F000606D40F00400606594F85C101020884037
:10140000304218D021680968090714D5A8602068FF
:101410000168490304D50068000308D5A16C07E002
:101420000168C90503D4016821F008010160216C3D
:1014300009B12046884794F85C102020884030424B
:1014400031D021680968C9062DD5A86094F8350007
:1014500005282068016806D0490347D500680003C5
:101460001DD4616C1CE021F0160101602068416907
:1014700021F080014161206C08B9A06C20B1206886
:10148000016821F00801016094F85C103F20884059
:10149000A86084F8358084F83490216D1FE0E16BFA
:1014A00009B120468847606D00282BD0606DC007C9
:1014B00014D0052084F835002068016821F001016E
:1014C00001600098401C0090B84203D82068006872
:1014D000C007F6D184F8358084F83490E16C002997
:1014E00010D001B02046BDE8F04308470168C905A7
:1014F000D5D4016821F01001016084F8358084F8AA
:101500003490CCE7BDE8F883180000202DE9F041C5
:10151000044600F0A7F906465CB1022084F83500C5
:10152000002584F834502068016821F00101016031
:101530000DE00120BDE8F08100F094F9801B052842
:1015400005D920206065032084F83500F2E7206883
:101550000068C007F0D12268116820480140D4E932
:1015600001031843D4E9033633431843636918432E
:10157000A3691843E3691843236A18430843616A5F
:10158000042903D1D4E90B131943084310602068E0
:101590004069666A20F0070130460E43012704289F
:1015A0000CD1A06A0643E06A40B12046FFF7BCFDBB
:1015B00020B14020606584F83570BAE72068466144
:1015C0002046FFF79DFD94F85C203F21914081600B
:1015D000656584F835700020ACE700003F8010F0AE
:1015E0002DE9F0410446866D90F83400002501286D
:1015F0000DD0012084F8340094F835700020012FBC
:1016000007D084F8340002252846BDE8F081022086
:10161000FBE7022784F8357060652046FFF7AEFDD2
:1016200094F85C103F208840B0602068016841F069
:1016300016010160206C20B12068016841F00801AA
:1016400001602068016841F001010160DCE70000F1
:101650002DE9F84FDFF8BCA10022012503264FF049
:101660000F090AF1040BAAF1040E00BF0B6805FA7A
:1016700002F42340A34270D10F7907F00307012F32
:1016800001D0022F16D187684FEA420806FA08FCFB
:1016900027EA0C07D1F80CC00CFA08FC4CEA070C3E
:1016A000C0F808C04768A7430C79C4F300149440FD
:1016B0003C4344600C79E443A4070AD0C4684FEA71
:1016C000420C06FA0CF7BC438F6807FA0CF7274365
:1016D000C7600C7904F00304022C12D1D40800EB8B
:1016E000840CDCF820405707FF0E09FA07F824EABB
:1016F0000804D1F8108008FA07F848EA0408CCF882
:10170000208004684FEA420C06FA0CF7BC430F79BC
:1017100007F0030707FA0CF7274307604C6814F437
:10172000403F70D03C4C276847F4804727602468CE
:1017300022F0030704F480440094384C07EB040CB7
:10174000DCF8084897074FEA177809FA08F7BC430E
:10175000334FB84202D1002724E054E0314FB84261
:1017600001D101271EE0304FB84201D1022719E014
:101770002E4FB84201D1032714E02D4FB84201D1BA
:1017800004270FE02B4FB84201D105270AE02A4F6A
:10179000B84201D1062705E0284FB84201D10727FA
:1017A00000E0082707FA08F72743CCF80878DAF8AA
:1017B00000405746D1F804C09C435FEACC2C00D5CA
:1017C0001C433C60DBF800405F46D1F804C09C43FA
:1017D0005FEA8C2C00D51C433C60DEF80040774665
:1017E000D1F804C09C435FEA8C3C00D51C433C60AC
:1017F000084F083F3C68D1F804C09C435FEACC3CEA
:1018000000D51C433C60521C102AFFF42FAFBDE8EA
:10181000F88F0000083C014044380240003001408D
:10182000000002400004024000080240000C024098
:10183000001002400014024000180240001C024048
:101840000069084000D001207047426921EA020384
:101850000A4043EA0241816170470AB181617047E1
:101860000904FBE701488068704700000C00002075
:1018700070B5040025D094F83D00002520B984F807
:101880003C50204600F04CFA242084F83D002068AB
:10189000016821F0010101602068016841F4004104
:1018A00001602068016821F40041016000F004FC3F
:1018B0004D4A6168914201D84C4900E04C49884248
:1018C00001D2012070BD4B492368B0FBF1F15E6885
:1018D00026F03F060E435E606368934206D94FF4DC
:1018E000967359434FF47A73B1FBF3F12368491CA3
:1018F0001E6A26F03F06314319626168914210D892
:101900004900401EB0FBF1F2521CC2F30B02042A44
:1019100001D2042022E0B0FBF1F0401CC0F30B0028
:101920001CE0A268F2B301EBC10303EB0116431EF6
:10193000B3FBF6F35B1C43F480431B0549D092B321
:1019400001EBC10202EB0111401EB0FBF1F0401CA3
:10195000C0F30B0040F4804040F400402168CA69A5
:101960004CF6FF739A431043C861D4E90710014352
:101970002068026822F0C00211430160D4E903012B
:1019800001432068826848F2FF339A431143816023
:10199000D4E9050108432168CA6822F0FF02104318
:1019A000C86001E00EE016E02068016841F0010126
:1019B00001602564202084F83D00256384F83E50B2
:1019C000002070BD01EB4106431EB3FBF6F35B1C28
:1019D000B3E70120C2E701EB4101401EB0FBF1F08B
:1019E000401CC0F30B00B7E7A086010080841E00F6
:1019F00000093D0040420F002DE9FF4F83B09A4699
:101A0000DDE9119793460446DDF84080FFF72AFF91
:101A1000054694F83D00202870D119230122714910
:101A20002046009501F0D2FB0028F5D194F83C0047
:101A3000012863D0012084F83C0020680168C907B0
:101A400003D1016841F0010101602068016821F4BF
:101A500000610160222084F83D00402084F83E00AF
:101A600000262664C4F82480A4F82A90608D20857E
:101A70005D48E062CDE9007553465A462046049918
:101A800001F0ACFA00287CD1208DD0B1012821D002
:101A90000228206824D0416980690090208D0328A5
:101AA00069D801282BD0514902283B464FF000024B
:101AB000009559D08846204601F088FB002860D167
:101AC0003CE02068416981690091016841F400713E
:101AD000016077E02068016821F480610160F0E72F
:101AE000016821F4806101602068016841F40061AF
:101AF0000160206841698069009063E06FE02A46D8
:101B00003946204601F0E1FB98BB20680069616A14
:101B100008704EE02068016841F40071016020689F
:101B20000069616A0870606A401C6062218D491E0C
:101B30002185618D491E6185216838E02068016832
:101B400021F48061016020680069616A0870606A40
:101B5000401C6062208D401E2085608D401E608587
:101B60003B46002241460095204601F02FFB00B97C
:101B7000D0E706E0FFE72A463946204601F0A5FBFC
:101B800018B1012007B0BDE8F08F20680069616AD4
:101B90000870606A401C6062218D491E2185618D3C
:101BA000491E618521684A69D24352070AD40969EE
:101BB0000170606A401C6062208D401E2085608D2F
:101BC000401E6085208D00287FF468AF202084F8B7
:101BD0003D0084F83E6084F83C600020D2E702209B
:101BE000D0E70000020010000000FFFF0400010029
:101BF0002DE9FF4F83B09A46DDE9119793460446DD
:101C0000DDF84080FFF72EFE054694F83D002028C1
:101C10007FD11923012240492046009501F0D6FAD0
:101C2000002876D194F83C00012872D0012084F875
:101C30003C0020680168C90703D1016841F0010137
:101C400001602068016821F400610160212084F8AE
:101C50003D00402084F83E0000262664C4F824801D
:101C6000A4F82A90608D20852C48E062CDE90075AB
:101C700053465A462046049901F02EFA70B930E0D6
:101C80002A463946204601F053FB58B1206C0428FF
:101C900004D12068016841F400710160012007B09F
:101CA000BDE8F08F606A216800780861606A401CB6
:101CB0006062218D491E89B22185628D521E628526
:101CC00022685369DB435B070BD469B1007810616C
:101CD000606A401C6062208D401E2085608D401E21
:101CE0006085208D0028CBD12A463946204601F058
:101CF00047FA0028CAD154F83D0B016841F400713D
:101D00000160202004F81E09E67766770020C6E708
:101D1000FFE70220C3E70000020010000000FFFF01
:101D200010B586B0044614216846FEF70FFC14492E
:101D30002068884221D113480021026842F0020243
:101D40000260006800F0020005904FF440700090BF
:101D50001220CDE90101032003900420049069467C
:101D60000948FFF775FC07481030016841F400117D
:101D70000160006800F40010059006B010BD00007E
:101D8000005400403038024000040240024881689C
:101D900002781144816070470C0000200B4810B598
:101DA000016841F400710160016841F480610160E3
:101DB000016841F480710160032000F09FF80F205A
:101DC00000F006F800F050F8002010BD003C024082
:101DD00030B505461F4887B00024016841F0100166
:101DE0000160006806A900F01000009001A800F052
:101DF00043F90498A8B100F05FF940001649174A6A
:101E0000B0FBF1F11648491E026040F2E732C0E92A
:101E10000324C0E90114846100F0A0FB040003D096
:101E200015E000F049F9E9E70D4800F0D9FB04009E
:101E30000DD1362000F034F8102D07D200222946AB
:101E4000362000F03BF80748056000E0012407B0A9
:101E5000204630BD4038024040420F000010004094
:101E6000082A0020100000200C4882B0016841F4CC
:101E700080410160006800F4804000900748001F26
:101E8000016841F0805101600068002200F080503C
:101E900000900F21901E02B000F010B844380240AC
:101EA000002809DB00F01F02012191404009800059
:101EB00000F1E020C0F8001170470000F0B40E4BB4
:101EC0001B680C46C3F30223C3F10705042D00D998
:101ED0000425191D072901D2002300E0DB1E01267D
:101EE00006FA05F1491E214099409E40761E164093
:101EF0003143F0BC02F0ECBA0CED00E0064900F012
:101F0000070208684FF6FF03184040EA0220034A20
:101F100010430860704700000CED00E00000FA0577
:101F2000BFF34F8F05480168054A01F4E061114392
:101F30000160BFF34F8F00BFFDE700000CED00E034
:101F40000400FA052DE9F0470E46050065D0DFF8DC
:101F50001481D8F80000F7B200F00700B04207D2B1
:101F600088F80070D8F8000000F00700B04254D1A3
:101F700028683D4C810712D5400703D5206840F4FE
:101F8000E05020602878000703D5206840F46040C6
:101F900020602068A96820F0F000084320602878BD
:101FA000C0072DD0304968680839012812D00228AE
:101FB00013D0032811D00968890700292DDA216878
:101FC00021F0030101432160FFF74CFC814641F2FF
:101FD000883A0EE009688903EFE709688901ECE7B0
:101FE000FFF740FCA0EB0901514502D90320BDE8F1
:101FF000F0872068696800F00C00B0EB810FEFD12A
:10200000D8F80010404601F00701B14207D9077027
:10201000006800F00700B04201D00120E7E728780F
:10202000400705D52068E96820F4E05008432060A7
:102030002878000706D52068296920F4604040EA26
:10204000C100206000F058F82168084AC1F303116C
:10205000515CC8400649086006480068FFF7B8FEB2
:102060000020C4E7003C02400838024054890008C0
:1020700018000020100000200F2202600C4A136894
:1020800003F003034360136803F0F00383601368F5
:1020900003F4E053C36012684FF4E05303EAD20242
:1020A00002610448006800F0070008607047000003
:1020B00008380240003C02400448054900680968AD
:1020C000044AC1F38221515CC840704718000020C7
:1020D0000838024064890008044805490068096816
:1020E000044AC1F34231515CC840704718000020D7
:1020F0000838024064890008154810B5006810F0DF
:102100000C02144813D01449042A0FD0082A0ED107
:102110000F4C241F2268236802F03F025B0207D5A0
:102120002068C0F38810A0FB010106E0084610BD3E
:102130002168C1F38811A1FB00010023FEF718F903
:102140002168C1F30141491C4900B0FBF1F010BD09
:10215000083802400024F40040787D012DE9F84F52
:1021600004006ED02078DFF84C93C007A9F1040575
:102170004AD009F104000168C1F38101012908D0A6
:102180000068C0F3810002280AD1D9F8000040029B
:1021900006D52868800337D560680028E1D033E091
:1021A0006068B0F5803F10D0B0F5A02F286810D03F
:1021B00020F480302860286820F48020286060683F
:1021C000A8B1FFF74FFB06460DE0286840F48030C9
:1021D000F4E740F480202860F7E700BFFFF742FBF8
:1021E000801B642873D828688003F7D50CE0FFF7BC
:1021F00039FB064605E000BFFFF734FB801B64286F
:10220000F0D828688003F7D42078DFF8AC82800704
:102210004FF0000A3ED5A748001D016811F00C0FD1
:1022200008D00068C0F3810002280BD1D9F8000063
:10223000400207D42868800716D5E068012800D13D
:1022400012E033E1E068B8B10120C8F80000FFF700
:1022500009FB064605E000BFFFF704FB801B0228D0
:10226000C0D828688007F7D52868216920F0F800D1
:1022700040EAC10028600DE0C8F800A0FFF7F2FABC
:10228000064604E0FFF7EEFA801B02281FD82868F4
:102290008007F7D42078000722D5864F87486169E8
:1022A000703771B101210160FFF7DCFA064604E0E6
:1022B000FFF7D8FA801B022809D838688007F7D5BD
:1022C0000EE0C0F800A0FFF7CDFA064605E082E078
:1022D000FFF7C8FA801B02287DD838688007F7D43A
:1022E0002078400768D5DFF8CCB100270BF13C0B14
:1022F000DBF80000C0000BD4DBF8001041F0805187
:10230000CBF80010DBF80000012700F080500090AF
:102310006B4E3068C00510D4306840F48070306077
:10232000FFF7A0FA009005E0FFF79CFA0099401A29
:10233000022850D83068C005F6D55E4EA0686C36CD
:1023400001280FD00528306810D020F0010030603F
:10235000306820F004003060A068B8B1FFF782FA5E
:1023600000900FE0306840F00100F4E740F0040016
:102370003060F7E7FFF776FA0099411A41F28830AA
:10238000814266D830688007F4D50EE0FFF76AFA1C
:10239000009007E0FFF766FA0099411A41F2883091
:1023A000814256D830688007F4D42FB1DBF8001092
:1023B00021F08051CBF80010A069C8B33D49091D38
:1023C0000968C1F3810102294AD00228504607D08A
:1023D000C8F8600000E03CE0FFF744FA04463BE048
:1023E0004746C8F86000FFF73DFA064605E000BF23
:1023F000FFF738FA801B02282BD828688001F7D411
:10240000D4E907010843A16A2E4A490802EB0141B9
:10241000626A41EA8211084394F82C1040EA016193
:10242000C9F8001001203866FFF71CFA044606E0E0
:102430003EE000BFFFF716FA001B022809D8286803
:102440008001F7D534E000BFFFF70CFA001B02282B
:1024500002D90320BDE8F88F28688001F4D427E072
:102460000128F7D0D9F80000E26900F48001914218
:102470001CD1226A00F03F01914217D147F6C0718A
:10248000626A0140B1EB821F10D1A26A4FF0FF33A4
:1024900000F4403103EB5202B1EB024F06D194F845
:1024A0002C1000F07060B0EB016F01D00120D1E77B
:1024B0000020CFE70438024000004742800E474228
:1024C000007000400000FFFF7047704770B590F843
:1024D0003C20012A32D0012480F83C40022280F8BE
:1024E0003D2003685A689D6822F070060A683243EE
:1024F0005A60134B02689A4214D0B2F1804F11D047
:10250000104B9A420ED0104B9A420BD00F4B9A426E
:1025100008D00F4B9A4205D00E4B9A4202D00E4B78
:102520009A4204D1496825F080031943916080F8EC
:102530003D40002180F83C10084670BD022070BD6F
:10254000000001400004004000080040000C004072
:1025500000040140004001400018004010B5040094
:1025600003D094F83D0010B107E0012010BD002019
:1025700084F83C00204600F01FF8022084F83D005B
:10258000211D206801F05EFC012084F8460084F8DB
:102590003E0084F83F0084F8400084F8410084F84D
:1025A000420084F8430084F8440084F8450084F82D
:1025B0003D00002010BD000008B5006806498842B3
:1025C00008D10648016841F020010160006800F070
:1025D0002000009008BD0000001400404038024078
:1025E00090F83D10012901D001207047022180F8A8
:1025F0003D100168CA6842F00102CA6000681149D2
:10260000884214D0B0F1804F11D00F4988420ED0CB
:102610000E4988420BD00E49884208D00D498842A5
:1026200005D00D49884202D00C49884204D1816806
:1026300001F00701062903D0016841F001010160A2
:1026400000207047000001400004004000080040E6
:10265000000C004000040140004001400018004010
:10266000704770B50446006801694FF00005C94322
:10267000890715D4C168C943890711D4E91E0161CE
:1026800001202077206880698007204602D0FFF76C
:10269000E7FF04E000F098F8204600F096F8257770
:1026A00020680169C943490717D4C168C94349076C
:1026B00013D46FF004010161022020772068806943
:1026C00010F4407F204602D0FFF7CAFF04E000F07C
:1026D0007BF8204600F079F8257720680169C94326
:1026E000090716D4C168C943090712D46FF008015D
:1026F0000161042020772068C0698007204602D04D
:10270000FFF7AEFF04E000F05FF8204600F05DF850
:10271000257720680169C943C90617D4C168C94330
:10272000C90613D46FF010010161082020772068DA
:10273000C06910F4407F204602D0FFF791FF04E00B
:1027400000F042F8204600F040F825772068016943
:10275000C943C90708D1C168C943C90704D1891E43
:102760000161204600F032F820680169C94309067A
:1027700009D4C168C943090605D46FF0800101611D
:102780002046FFF7A1FE20680169C943490609D424
:10279000C168C943490605D46FF040010161204674
:1027A00000F01EF820680169C94389060BD4C1688E
:1027B000C943890607D46FF0200101612046BDE8B6
:1027C0007040FFF782BE70BD7047704700680349D4
:1027D000884201D1FFF7DABA7047000000100040CC
:1027E0007047704710B504460068406994F83D1082
:1027F000C0F3C010212911D180B12068143050E8F5
:10280000001F21F0800140E80012002AF5D1606B22
:1028100008B1FEF750FD204601F040FC20684069F9
:1028200094F83E10C0F38010222911D180B12068A5
:10283000143050E8001F21F0400140E80012002A47
:10284000F5D1A06B08B1FEF736FD204601F0FFFB85
:10285000002010BD70470000F8B501680446086804
:10286000CA684B6910F00F0F4FF000055AD003F003
:10287000010602F49077374365D0C10705D0D10532
:1028800003D5216C41F001012164410705D5D90729
:1028900003D0216C41F002012164810705D5D907DD
:1028A00003D0216C41F004012164010707D502F037
:1028B0002001314303D0216C41F008012164216CD7
:1028C00000293BD0800604D5900602D5204601F0B1
:1028D000F3FB20684069216CC0F3801001F008010F
:1028E000014320462BD001F0B2FB2068406940062E
:1028F00021D52068143050E8001F21F0400140E845
:102900000012002AF5D1A06BA8B16C490165A06B3B
:10291000FEF71AFD002811D0A06B016D01B0BDE8D3
:10292000F040084783060ED593060CD52046BDE837
:10293000F84001F0C1BB2046FFF78CFFF8BDFFF760
:1029400089FF2564F8BD266B2023012E79D1C606A8
:1029500077D5D60675D5086848680090486940065E
:1029600040D5A16B086840680004000CEAD0A28D35
:102970008242E7D9E085C869B0F5807F2DD0206814
:102980000C3050E8001F21F4807140E80012002A4A
:10299000F5D12068143050E8001F21F0010140E813
:1029A0000012002AF5D12068143050E8001F21F0F1
:1029B000400140E80012002AF5D184F83E3025633A
:1029C00020680C3050E8001F21F0100140E8001290
:1029D000002AF5D1A06BFEF76EFCA08DE18D401AA8
:1029E00081B229E0A08DE18D401A81B2E08D0028EE
:1029F000A8D00029A6D020680C3050E8002F22F47F
:102A0000907240E80026002EF5D12068143050E87E
:102A1000002F22F0010240E80026002EF5D184F8B4
:102A20003E30256320680C3050E8002F22F0100261
:102A300040E80023002BF5D12046FFF7D2FEF8BD79
:102A4000FFE705062BD5150629D594F83D0021286A
:102A5000F5D1A068B0F5805F01D12069B0B1206ADE
:102A6000411C2162216800784860E08C401E00040F
:102A7000000CE084E3D12068C16821F08001C160CE
:102A80002068C16841F04001C160D8E7206A008831
:102A9000C0F308004860206A801C2062E5E7400619
:102AA000CDD55006CBD5CA68204622F04002CA6078
:102AB00084F83D3000F056FAC1E700000D3F0008F1
:102AC00070B5040004D094F83D00002510B106E074
:102AD000012070BD84F83C50204600F023F82420EB
:102AE00084F83D002068C16821F40051C16020468F
:102AF00001F042FB2068016921F4904101612068E6
:102B0000416921F02A0141612068C16841F4005106
:102B1000C1602564202084F83D0084F83E00002038
:102B200070BD00002DE9F04F87B0044614216846BF
:102B3000FDF70CFDC048BF4B1438D4F800C0DFF8D7
:102B4000F8E2022103228715002506154FF0070B36
:102B50004FF040094FF0006A9C4554D1DEF800C0A8
:102B60004CF0100CCEF800C0DEF8003003F010037B
:102B70000593036843F002030360006800F002005D
:102B80000590C0208DE82300CDE9032B6946AB48B2
:102B9000FEF75EFDDFF8AC82A9494046C8F8001098
:102BA000C0E901A5C0E90356C8F81450C0E90657AA
:102BB000C8F82050C8F82450FEF7A8FC08B1FEF76A
:102BC000F2FAA04FC4F838806037C8F83840C7F828
:102BD0000890C7E903567D61BD619948FD613D627A
:102BE00078307D62C7E9000A3846FEF78FFC08B1ED
:102BF000FEF7D9FA6763002205212520BC63FFF7A1
:102C00005DF9252059E08C4BDFF83C821B1FC44541
:102C100058D1D3F800C04CF4003CC3F800C01B6886
:102C200003F400330593036843F00803036000686E
:102C300000F00800059060208DE82300CDE9032B0B
:102C400069468248FEF704FDDFF8F881804908F103
:102C5000C0084046C8F80010C0E901A5C0E9035605
:102C6000C8F81450C0E90657C8F82050C8F82450D6
:102C7000FEF74CFC08B1FEF796FA764FC4F83880A0
:102C8000C8F83840C7F80890C7E903567D61BD61B0
:102C90006F48FD613D6218307D62C7E9000A384621
:102CA000FEF734FC08B1FEF77EFA676300220521C7
:102CB0002620BC63FFF702F92620FFF7F1F807B0E2
:102CC000BDE8F08FDFF89081C44557D1D3F800C03C
:102CD0004CF4802CC3F800C01B6803F480230593D8
:102CE000036843F004030360006800F004000590EB
:102CF0004FF440608DE82300CDE9032B6946574827
:102D0000FEF7A6FCDFF84C81514908F160086039F4
:102D10004046C8F80010C0E901A5C0E90356C8F84C
:102D20001450C0E90657C8F82050C8F82450FEF7E0
:102D3000EDFB08B1FEF737FA464FC4F83880C037CC
:102D4000C8F83840C7F80890C7E903567D61BD61EF
:102D50003F48FD613D6230387D62C7E9000A384670
:102D6000FEF7D4FB08B1FEF71EFA676300220521C7
:102D70002720BC63FFF7A2F827209EE7384B9C452D
:102D80009DD1DEF800C04CF0200CCEF800C0DEF87B
:102D9000003003F020030593036843F0040303604D
:102DA000006800F004000590C0208DE82300082092
:102DB000CDE9032069462948FEF74AFC2049DFF89F
:102DC000A480183940464FF0206AC8F80010C0E9C6
:102DD00001A5C0E90356C8F81450C0E90657C8F861
:102DE0002050C8F82450FEF791FB08B1FEF7DBF93C
:102DF0001C4FC4F838806037C8F83840C7F80890CE
:102E0000C7E903567D61BD610D48FD613D626030DB
:102E10007D62C7E9000A3846FEF778FB08B1FEF785
:102E2000C2F96763002205214720BC63FFF746F81B
:102E3000472042E7001001404438024000040240AD
:102E4000406402400827002000440040000C02407B
:102E50008860024028280020004800400008024006
:102E6000001401404829002090F83E30202B0ED15C
:102E700059B152B190F83C30012B08D0012380F8B1
:102E80003C300023036301F0FDB9012070470220AC
:102E9000704790F83E30202B0ED159B152B190F8C6
:102EA0003C30012B08D0012380F83C300023036321
:102EB00001F032BA0120704702207047044988426D
:102EC00004D1012234390248FFF7E3BF7047000004
:102ED000F82500207047000070B5044690F83D00CA
:102EE000202836D191B38AB394F83C00012830D021
:102EF000012084F83C002162A284E284002525643C
:102F0000212084F83D00636B1348D863636B13483A
:102F10001864636B1248D864606B134605652668B5
:102F2000606B321DFEF75CFB21686FF040000860AB
:102F300084F83C502068143050E8001F41F08001B4
:102F400040E80012002AF5D1002070BDFFE7012003
:102F5000FBE70220F9E700000340000845400008B5
:102F60001D3F0008416B09680A6822F001020A60EF
:102F70000A4900680968884205D10948017821F0AA
:102F80000201017070470549883109688842F9D10A
:102F900000224FF480610348FEF75FBCF825002053
:102FA000C0210020000002407047FEE701684A6926
:102FB000D24352050FD46FF480624A61002140F879
:102FC000301F202242738173026942F004020261C1
:102FD0000173012070470020704700002DE9F84F71
:102FE0000446006889460B9D01689846174641F4DF
:102FF000806101602068016841F480710160009582
:103000004FF0011B0022594620460A9B00F0DEF8D3
:103010004FF4007A40B120680068C00501D5C4F8BB
:1030200040A00320BDE8F88F216809F0FE00086188
:103030002B46284920460A9A00F0FCF8F0BB20688D
:103040004169806900902A4620460A9900F070F98B
:1030500040B1206C04283AD12068016841F4007125
:10306000016034E0FEB2B8F1010F09D02168380ADE
:1030700008612A4620460A9900F05AF90028E8D14A
:10308000206806612A4620460A9900F051F9002876
:10309000DFD12068016841F4807101600095002251
:1030A000594620460A9B00F091F80028B3D12168C8
:1030B00009F0FF0040F00100086100E007E02B4646
:1030C000044920460A9A00F0B5F80028AAD0012049
:1030D000A8E70000020001002DE9F843044600685B
:1030E0000D46DDE9089701689846164641F480715F
:1030F00001604B4600224FF001112046009700F07E
:1031000065F848B120680068C00502D54FF400702A
:1031100020640320BDE8F883216805F0FE00086103
:103120003B464A461549204600F084F888B9206895
:103130004169806900903A464946204600F0F8F817
:1031400048B1206C042804D12068016841F4007162
:1031500001600120DEE7F5B2B8F1010F09D0216866
:10316000300A08613A464946204600F0E1F8002856
:10317000E7D1206805610020CCE7000002000100D3
:1031800070B516460D4604460DE02046FFF70EFFCB
:1031900008B1012070BD681C05D0FEF763FB801BE1
:1031A000A84207D835B120684069C0434007ECD435
:1031B000002070BD002044F8300F20216173A073FF
:1031C000216941F0200121612073E2E72DE9F047F8
:1031D0001E4690460D460446C1F30747DDF8209091
:1031E00008E0701C06D0FEF73DFBA0EB0900B042E2
:1031F0000FD876B12068012F18D0806925EA000029
:103200000004000C14D000214145EAD00020BDE8A4
:10321000F087002044F8300F20216173A0732169EA
:1032200041F02001216120730120F0E74069E5E7CA
:103230000121E9E72DE9F0479A4691460E460446FA
:1032400000254FF02008C1F3074725E020684069BA
:10325000C043400514D42068016841F40071016046
:1032600021686FF480604861256384F83D8084F8AC
:103270003E50206C40F00400206484F83C501FE075
:10328000B9F1FF3F08D0FEF7EDFAA0EB0A0149457E
:103290000CD8B9F1000F09D02068012F13D0806934
:1032A00026EA00000004000C0BD0CFE744F8305FA2
:1032B00084F80D80A573206940F0200020612573FB
:1032C0000120BDE8F0874069EAE72DE9F0410025DB
:1032D00090460E460446202717E04069C043C006CA
:1032E0000CD454F8301B6FF01000486144F81059AA
:1032F0006777A577206A2062257717E0FEF7B2FA94
:10330000A0EB0800B04208D83EB120684169C9432B
:103310004906E2D40020BDE8F08144F8305F6773CD
:10332000A573206940F02000206125730120F2E799
:1033300070B516460D4604460DE02046FFF736FEF2
:1033400008B1012070BD681C05D0FEF78BFA801B08
:10335000A84207D835B120684069C0430006ECD4C4
:10336000002070BD002044F8300F20216173A0734D
:10337000216941F0200121612073E2E770B56424E6
:103380000546012911D001F0BFFC6320401EFDD18C
:10339000284601F0C7FC611E491EFDD1284601F0F8
:1033A000B3FC641E641EFDD170BD01F0BBFC632044
:1033B000401EFDD1284601F0A7FC611E491EFDD12B
:1033C000284601F0AFFC641E641EFDD170BD0000F4
:1033D00070B5034600200246012906D002290AD012
:1033E000032906D0042907D101E0012204E00822C4
:1033F00002E0042200E00222082B15D2C3F10701EB
:1034000001EBD1760B4DC6F34703042BEC5C0BD2DA
:1034100026F00100081A10F0FF0F06D004F00F018B
:1034200041EA0210E854012070BD04F0F00010439E
:10343000F8E700009D000020294808B5016841F424
:1034400000110160016801F400110091016841F46C
:10345000800101600068002200F4800000900521D6
:103460000C20FEF72BFD0C20FEF71AFD0022052193
:103470000E20FEF723FD0E20FEF712FD002205218F
:103480001020FEF71BFD1020FEF70AFD002205218B
:103490001120FEF713FD1120FEF702FD0022052189
:1034A0003920FEF70BFD3920FEF7FAFC002205213A
:1034B0003A20FEF703FD3A20FEF7F2FC0022052138
:1034C0004520FEF7FBFC4520FEF7EAFC0022052123
:1034D0004620FEF7F3FCBDE808404620FEF7E0BCBE
:1034E0003038024010B58EB01C220B496846FCF7FC
:1034F000FBFF0021684602F0EDFD084C06491C2246
:1035000020601C3107A8FCF7EFFF002107A802F09C
:10351000E1FD60600EB010BD1489000800000020BD
:103520002DE9F04F87B014216846FDF70FF8544895
:103530000025016841F010010160016801F01001EF
:103540000591016841F004010160016801F0040186
:103550000591016841F080010160016801F080017E
:103560000591016841F001010160016801F001016C
:103570000591016841F008010160016801F008014E
:103580000591016841F0020101600068DFF8F480F4
:1035900000F002004FF67C040590002221464046D0
:1035A000FEF75BF9DFF8E090002242F20D01484699
:1035B000FEF753F9DFF8D4B04FF40046002231464D
:1035C0005846FEF74AF9DFF8C8A0771100223946BD
:1035D0005046FEF742F9012220212E48FEF73DF920
:1035E0000094012401940294694640460394FEF736
:1035F0002FF842F20800CDE9000469464846CDE9BB
:103600000245FEF725F80520CDE90004029469463D
:1036100048460394FEF71CF81820CDE900056946DA
:1036200050460295FEF714F8F81CCDE900056946EE
:1036300002944046FEF70CF8CDE90064694658460E
:10364000CDE90245FEF704F8CDE90074694650461D
:10365000CDE90245FDF7FCFF9F20CDE90005694655
:1036600002945846FDF7F4FF20208DE831006946AA
:1036700008480394FDF7ECFF07B0BDE8F08F0000A9
:10368000303802400010024000080240000C0240A6
:1036900000000240000402400D4810B50B490160D3
:1036A0000C49416000214FF480428160C0E903125F
:1036B00041618161C1610162FEF7DAF8002803D03F
:1036C000BDE81040FDF76FBD10BD00000054004084
:1036D00024210020801A06001CB500240E48009406
:1036E0000C49019401605321C0E901144FF6FF71A8
:1036F0008461C160FEF732FF08B1FDF754FD00940C
:10370000694605480194FEF7E1FE002801D0FDF767
:103710004AFD1CBD00140040782100200C4810B563
:103720000A4901604FF4E1314160002181600C22BF
:10373000C160C0E904128161C161FFF7C1F90028CD
:1037400003D0BDE81040FDF72EBD10BD00100140B4
:10375000F82500200C4810B50A4901604FF4E1310A
:103760004160002181600C22C160C0E904128161C6
:10377000C161FFF7A5F9002803D0BDE81040FDF7AF
:1037800012BD10BD004400403C2600200C4810B57E
:103790000A4901604FF4E1314160002181600C224F
:1037A000C160C0E904128161C161FFF789F9002895
:1037B00003D0BDE81040FDF7F6BC10BD0048004046
:1037C000802600200C4810B50A4901604FF4E13111
:1037D0004160002181600C22C160C0E90412816156
:1037E000C161FFF76DF9002803D0BDE81040FDF777
:1037F000DABC10BD00140140C4260020FEE7000022
:103800000A48D0F80813491CC0F808130849096988
:10381000012907D0022903D00B2903D00C2903D199
:1038200000F039B900F02AB870470000AC00002061
:1038300048040020D0F80813C822B1FBF2F302FBC1
:103840001311002916D1B0F84E1341F02001A0F851
:103850004E1309490969012902D00B2905D101E05C
:10386000022100E00C2180F85F130021A0F8521320
:1038700080F84C13704700004804002010B504463F
:1038800000F09CF8204600F0D6F801280BD1B4F8DF
:10389000041304F20120085CA52804D12046BDE8E9
:1038A000104000F04FB810BD70B504460020B4F8C9
:1038B0004E138A0643D521F02000A4F84E03204879
:1038C0000069012801D00B2801D184F8040194F883
:1038D0005F0384F80501062084F806017E2184F840
:1038E000071184F8080104F209100C2102F092FE7D
:1038F00094F8600384F82101002084F8600304F543
:103900009170102102F0E8FF04F5B170102102F06F
:1039100069FE7F2104F5827084F85E13054600F08D
:10392000C7FE94F85E13030A4A1C84F85E234B55C5
:1039300094F85E134A1C84F85E234855012070BD3C
:103940004804002030B5027900214479022A01D0D0
:103950000C2A0CD1184B012C1B6906D00B2C06D15C
:103960000B2B04D10C2A03D003E0012BFAD030BD7D
:1039700002228379862BFAD1C379222BF7D100EB6F
:10398000421400BF00EB810204EB8103157A83F837
:10399000EC52557A83F8ED52957A83F8EE52491C31
:1039A000D27A89B283F8EF220829EBD300EB8101A8
:1039B000097A80F8611330BD4804002070B50446D0
:1039C000FFF738FF94F84C03012128B100250128A6
:1039D0000DD002282AD11CE0B4F85203401C80B25A
:1039E000A4F852030F2801D384F84C1370BD20466D
:1039F000FFF75AFF0128F9D1206894F85E2304F5F7
:103A00008271436B9847022084F84C03A4F8545306
:103A100070BDB4F85403421CA4F854233C2801D3CD
:103A200084F84C1394F806030128F1D184F84C5320
:103A3000A4F8525370BD2DE9F0410446002690F8D9
:103A400006033546012823D1002084F80603B4F884
:103A50000413C81EFD281BD204F2022004F2032224
:103A6000085C8A5C891E02EB002087B204F50170B5
:103A700000F01EFEB84206D00AE060196D1C90F8F6
:103A800004120171ADB2B4F80403A842F5D80126BE
:103A90003046BDE8F08110B5044600F043F82046FA
:103AA000FFF7C9FF012804D12046BDE8104000F00F
:103AB00001B810BD10B5044600796179012801D024
:103AC0000B282BD1022901D1012805D0144A1269F3
:103AD0008A4223D10B2821D1A07906281ED1E07972
:103AE0007E281BD1207A062818D104F109000C2168
:103AF00004F048FB94F8210084F8610304F12200EB
:103B0000102104F05DFB04F16200102104F01CFBA5
:103B1000B4F8580340F02000A4F8580310BD00008A
:103B20004804002070B5044690F8560318B10025EB
:103B3000012818D10BE0B4F85C03401C80B2A4F853
:103B40005C030A2802D3012084F8560370BD204686
:103B500000F00CF80128F9D1206894F85E2304F5F0
:103B60008271436B984784F8565370BD70B5044614
:103B70000020B4F8581305468A065FD521F02000CE
:103B8000A4F858033148006984F80401022856D08B
:103B90000C2856D06079862184F80611222184F8F9
:103BA000071104EB4016E8B201F00AFB06EB8500B2
:103BB0006D1CADB280EDBB0A082DF4D35FF00000A0
:103BC00006EB800104EB800291F8EC3282F80831B8
:103BD00091F8ED3282F8093191F8EE3282F80A312B
:103BE000401C91F8EF1280B282F80B110828E7D33D
:103BF00004EB800194F8602381F80821002284F806
:103C0000602394F8622381F80921062101EB8000EA
:103C1000C1B204F5827084F85E13054600F048FDD9
:103C200094F85E13030A4A1C84F85E234B5594F8FB
:103C30005E134A1C84F85E234855012070BD0120A4
:103C400000E00B2084F805010220A4E748040020CE
:103C50000D480C4900F5417201604A61911C0268EF
:103C60009161026800F58271D161026800F501710D
:103C700011620021A0F8041380F806130068816A1D
:103C800008470000080B0020AC000020FEE710B53C
:103C900044780023096994420BD3427006E04268DD
:103CA00051F8234042F833405B1CDBB242789A4221
:103CB000F5D810BD0C4910B50B888C8809892344B0
:103CC00019440A4B89B240F2E57419600246614317
:103CD0000020C1F30B018A4204D142F2CD00C3E9B6
:103CE0000120012010BD0000D46E0020100400202F
:103CF000054A052303EB00109268104402680A602D
:103D00004068486070470000F07C002030B50C4CE3
:103D10000A46054601462046FFF7B9FF2046FDF753
:103D2000AAFA2046FCF7F6FD2046FCF7B9FD20462E
:103D3000FCF726FD29462046BDE8304000F034BBA4
:103D4000F07C0020012002F0B9F9FBE7012002F02D
:103D5000B5F900F08DFCF9E710B5502080F311881B
:103D6000BFF34F8FBFF36F8F04F02AFB18B10449E4
:103D70004FF080500860002080F3118810BD0000D3
:103D800004ED00E030B593B030216846FCF7DEFB6F
:103D900014210CA8FCF7DAFB1E480025016841F04D
:103DA00080510160006800F0805011901A4801684D
:103DB00041F4804101600068022400F480401190C9
:103DC00001200090000401908001CDE906401920F7
:103DD00008904FF4A870CDE9090404200B906846C0
:103DE000FEF7BCF908B172B6FEE70CA90F2081E816
:103DF00031004FF4A0500F904FF4805010900521E7
:103E00000CA8FEF79FF8002801D072B6FEE713B0A9
:103E100030BD000040380240007000400248016898
:103E200041F470010160704788ED00E003480168CB
:103E3000491C01600248FEF714BC00000800002085
:103E4000082A0020F0B50268254C264D264E274F43
:103E5000274B4FF0804CA04209D0604507D0A842C4
:103E600005D0B04203D0B84201D0984204D122F02C
:103E7000700E4A6842EA0E02A0421BD0604519D07B
:103E8000A84217D0B04215D0B84213D0984211D0F2
:103E9000184DA8420ED0184DA8420BD0174DA8427D
:103EA00008D0174DA84205D0164DA84202D0164D95
:103EB000A84203D122F44075CA682A434D6922F012
:103EC00080022A4302608A68C2620A688262A04253
:103ED00001D0984201D10969016301214161F0BD1E
:103EE000000001400004004000080040000C0040B9
:103EF00000040140004001400044014000480140EE
:103F000000180040001C00400020004010B5806BED
:103F10000021C185C184FEF79DFC10BD70B5846B86
:103F20002068406994F83D10C0F3C0100025212995
:103F300004D118B1E584204600F0B0F8206840694B
:103F400094F83E10C0F38010222904D118B1E58501
:103F5000204600F07CF8206C40F0100020642046E1
:103F6000FEF778FC70BD10B50146806B09680968E2
:103F7000C9052FD40021C18501680C3151E8002FFB
:103F800022F4807241E80023002BF5D1016814313E
:103F900051E8002F22F0010241E80023002BF5D167
:103FA0000168143151E8002F22F0400241E800235B
:103FB000002BF5D1202180F83E10016B012909D199
:103FC00001680C3151E8002F22F0100241E8002373
:103FD000002BF5D1016B012902D0FEF76FFF10BD58
:103FE000818DFEF7FEFB10BD10B5806B016B0129C2
:103FF00002D0FEF76FFF10BD818D4908FEF7F1FB7F
:1040000010BD10B50146806B09680968C90516D452
:104010000021C1840168143151E8002F22F0800290
:1040200041E80023002BF5D101680C3151E8002F45
:1040300042F0400241E80023002BF5D110BDFEF70D
:1040400091FF10BD10B5806BFEF7AEFF10BD01688B
:104050000C3151E8002F22F4907241E80023002B2C
:10406000F5D10168143151E8002F22F0010241E836
:104070000023002BF5D1016B012909D101680C3116
:1040800051E8002F22F0100241E80023002BF5D167
:10409000202180F83E1000210163704701680C3137
:1040A00051E8002F22F0C00241E80023002BF5D197
:1040B000202180F83D10704708B590F83E10222965
:1040C00001D0022008BD82684FF480539A4201D18A
:1040D000016921B1816A9A421BD04AB10AE00268A3
:1040E000816A5268C2F308020A80816A891C08E06A
:1040F000026972B10268526802F07F020A70816A36
:10410000491C8162C18D491E0904090CC18503D077
:1041100019E002685268F1E70168CA6822F02002DB
:10412000CA600168CA6822F48072CA6001684A697C
:1041300022F001024A61202180F83E10016B012922
:1041400003D0FEF7BBFE002008BD0021016301681B
:104150000C3151E8002F22F0100241E80023002B1F
:10416000F5D101680A68D20602D50A68496800914B
:10417000818DFEF736FBE6E770B5044600680169FD
:10418000E26821F44051114301612169A068E269AC
:1041900008436169114308432168CA6849F20C6306
:1041A0009A430243CA6020684169A26921F44071C0
:1041B0001143416131492068884202D03049884228
:1041C00002D1FDF789FF01E0FDF776FFE2690023E8
:1041D000192164253226B2F5004F626828D0A0FB71
:1041E0000101930F9200FCF7C3F80146B0FBF5F014
:1041F0006FF01802504301EB800006EB0010B0FB9B
:10420000F5F000F0F002B1FBF5F002EB0012B1FBAB
:10421000F5F06FF01803584301EB800006EB001037
:10422000B0FBF5F000F00F0021681044886070BD0D
:10423000A0FB010192185B41FCF79AF80146B0FB24
:10424000F5F00201B1FBF5F06FF01803584301EBF4
:10425000800006EBC000B0FBF5F000F0F80002EBC8
:104260004002B1FBF5F0584301EB800006EBC000C3
:10427000B0FBF5F000F00700D6E7000000100140A9
:104280000014014038B5816282850025134604463A
:104290000564222084F83E00A26B1C48D063A26B08
:1042A0001B481064A26B1B48D064A06B0A460565CE
:1042B0002168A06B091DFDF793F92068016840682B
:1042C000009084F83C50206948B120680C3050E8D8
:1042D000001F41F4807140E80012002AF5D12068E7
:1042E000143050E8001F41F0010140E80012002A9C
:1042F000F5D12068143050E8001F41F0400140E83B
:104300000012002AF5D1002038BD0000673F0008E8
:10431000E93F00081D3F000881628285C2850021B7
:104320000164222280F83E2080F83C10016921B10E
:104330000168CA6842F48072CA6001684A6942F042
:1043400001024A610068C16841F02001C16000209B
:104350007047000010B5044800F036F8BDE8104082
:104360000148FEF779BA0000F825002010B504488E
:1043700000F052F8BDE810400148FEF76DBA0000A9
:104380003C26002010B5044800F06EF8BDE810404F
:104390000148FEF761BA0000802600200148FEF7C0
:1043A0005BBA0000C42600200022896907E0436848
:1043B00003EBC2031B7921F81230521CD2B24378AE
:1043C0009342F4D87047FEE738B5114C0168206875
:1043D00081421CD10968C943C90618D401684068E4
:1043E00000902046FEF7FEF9A06B0068416809487E
:1043F0000122C1F5807180F85822A0F8561200F110
:1044000055012046BDE838401202FEF72DBD38BDEB
:10441000F8250020D004002038B5114C0168206830
:1044200081421CD10968C943C90618D40168406893
:1044300000902046FEF7D6F9A06B00684168094855
:104440000122C1F5807180F82825A0F8261500F218
:1044500025312046BDE838401202FEF705BD38BDC3
:104460003C260020D004002038B5174C0168206895
:10447000814227D10A68D243D20618D40168406825
:1044800000902046FEF7AEF9A06B006841680F4827
:104490000122C1F5807180F80623A0F8041300F50D
:1044A00001712046BDE838401202FEF7DDBC0A6803
:1044B000D243520603D50968C943090602D40168EC
:1044C0004068009038BD000080260020AC0000202D
:1044D0000907090E002804DB00F1E02080F8001431
:1044E000704700F00F0000F1E02080F8141D7047C5
:1044F0000E4910B502468C6D00200D4B0969062C43
:104500000BD0082C08D10120002905D00320012957
:1045100002D1934200D1012010BD0029FCD002201D
:104520000129F9D19342F7D1002010BD48040020A1
:10453000D00400202DE9FE4F00278B468118B84695
:10454000B946B1F5804F3CD815460646DFF87CA049
:1045500022E000BF06EB080086B206F03F00C0F183
:104560004004AC4200D32C460A2000F09BFBDAF852
:104570000C20DAF814100092CDE90141BAF80410C9
:1045800010233246DAF80000FDF736FA070007D0AC
:1045900040F24111AAF81810A5B1002FDAD011E0AD
:1045A0000BEB090022460A49FBF759FF09EB04000F
:1045B000A0461FFA80F9A5EB080005042D0CC9D10F
:1045C00000E001273846BDE8FE8F0000C80B002040
:1045D000607B00202DE9FE4F00271446064620444C
:1045E0008B46B946B846B0F5804F39D80E2000F05A
:1045F00099FBDFF874A026E006EB090086B206F00E
:104600003F00C0F14005A54200D325460BEB080151
:104610002A461648FBF723FF0A2000F043FBDAF88E
:104620000820DAF814100092CDE90151BAF804100C
:1046300010233246DAF80000FDF7DAFA070006D058
:104640007B21AAF8181064B1002FD5D009E008EB3F
:104650000500A9461FFA80F8A4EB090084B2F2E72E
:1046600001273846BDE8FE8FC80B0020A07B002044
:10467000084810B50168491C016001F0CDFB00F04D
:1046800001FCFFF7BDF803F057F8BDE8104001F05A
:1046900047BC0000A800002010B5002400212046DF
:1046A000FEF796FE641CE4B2082CF7D310BD0000A0
:1046B00070B50C4DFF22134605F5807606E000BF6D
:1046C00010F8014B5C402B5D5340325D491EF7D220
:1046D0004FF6FF7000EA022000F47F40184480B2D9
:1046E00070BD00006C89000870B500242DED028BB0
:1046F00025469FED1E8A2646D8B1082816D8401EAA
:10470000C0B200F0B5FA00BF00EB85016D1CEDB240
:104710004E630A2DF8D3002100EB8102491C82ED83
:10472000218AC9B282ED2C8A0B29F5D3BDEC028B0C
:1047300070BD204600F09CFA0146002001EB80028B
:10474000401CC0B256630A28F8D3002001EB800257
:10475000401C82ED218AC0B282ED2C8A0B28F5D351
:10476000641CE4B2082CE4D3E0E700000000000081
:1047700030B50021134C0A460B4680B108280DD8ED
:10478000401EC0B200EB800004EB001101EB4200C0
:10479000521C8382D2B203850A2AF7D330BD01EBC3
:1047A0008102002004EB021202EB4005401CAB82A8
:1047B000C0B22B850A28F7D3491CC9B20929EED308
:1047C00030BD00009078002010B50020074B044653
:1047D000052103F1200200BF23F8104022F8101039
:1047E000401CC0B21028F7D310BD00009075002007
:1047F00010B5B0F85A2200240A49A2F50453023B2E
:104800000ED1B0F85E220124A2F525435A3B07D110
:104810000122A0F86022A1F86022104602F074FF85
:10482000204610BDD004002010B5B0F85A22002157
:104830000E2A05D10121A0F8B41203F06DF901216F
:10484000084610BD70B50446B0F8B2020025012834
:104850000CD1B4F8C802012550B101280FD00228AC
:1048600014D0002603281AD0A4F8C862284670BDC8
:10487000204602F0AFFB0028F8D001200CE02046D3
:1048800002F09AFA0028F1D0022005E0204602F05A
:1048900063FB0028EAD00320A4F8C802E6E720461C
:1048A00002F0E2FA0028E1D0A4F8C862A4F8B262EB
:1048B0000025DBE7F0B5002690F8B9C2A1B00123CE
:1048C00004463146354601AABCF1800F17D00CDCF6
:1048D000C3484FF00707BCF1090F74D2DFE80CF0B2
:1048E00092A2B9D0737373F0EE00ACF1810CBCF1FD
:1048F000060FF2D2DFE80CF0152535455568B4F8FF
:10490000B40208B181205EE1D4F898026421B0FBC2
:10491000F1F201FB1200002802D1204602F072FCE5
:104920005BE1D4E9A601814202D90A1A282A04D2FD
:104930008142F5D2401A2828F2D3204602F04AFBE1
:104940003EE0D4E9A601814202D90A1A282A04D2FB
:104950008142E5D2401A2828E2D3204602F0FCFA30
:104960002EE0D4E9A601814202D90A1A282A04D2EB
:104970008142D5D2401A2828D2D3204602F0B1FA7B
:104980001EE0D4E9A601814202D90A1A282A04D2DB
:104990008142C5D2401A2828C2D3204602F00CFA20
:1049A0000EE0D4E9A601814202D90A1A282A04D2CB
:1049B0008142B5D2401A2828B2D3204602F054FAD8
:1049C00000282ED109E101E1D4E9A601814202D9F2
:1049D0000B1A282B04D2814213D2401A282810D354
:1049E00010230020411C09B222F8101008469942F9
:1049F000F8DB43F601112046009503F075F984F8C1
:104A0000B952EAE0D4E9A601814202D90A1A282A59
:104A100004D2814251D2401A28284ED3204602F0B7
:104A2000C7FBCDE0D4E9A603834202D91F1A282F81
:104A300004D2834241D2C01A28283ED322F8115012
:104A4000491C09B22029F9DB8BB24FF44051009583
:104A5000B3E0D4E9A603834202D91F1A282F04D257
:104A600083422AD2C01A282827D322F81150491C81
:104A700009B21029F9DB8BB24FF4445100959CE048
:104A8000D4E9A603834204D9A3EB000CBCF1280FA0
:104A900004D2834211D2C01A28280ED322F8115012
:104AA000491C09B20C29F9DB8BB241F201212046E5
:104AB000009503F019F984F8B9728EE014E0FFE76D
:104AC000D4E9A6128A4202D9571A282F04D28A4260
:104AD0007BD2891A282978D30088ADF8040001AA6E
:104AE0004FF48051009568E0D4E9A6128A4202D9B9
:104AF000531A282B04D28A426FD2891A28296CD3E0
:104B00008188ADF804100189ADF8061090ED030A14
:104B1000182301AABDEEC00A10EE101AADF8081055
:104B200030F8101FADF80A108188ADF80C1001891B
:104B3000ADF80E108189ADF81010018AADF8121091
:104B4000818AADF8141090ED060ABDEEC00A10EE91
:104B5000101AADF81610018FADF81810818EADF84F
:104B60001A10018EADF81C10818BADF81E10018C4F
:104B7000ADF82010818CADF8221040F2BA41ADF8AA
:104B80002410ADF82610818FADF82810B0F8401031
:104B9000ADF82A10B0F84410ADF82C10B0F8481059
:104BA000ADF82E10B0F84C10ADF83010B0F8500041
:104BB000ADF8320041F20A010095204603F094F866
:104BC00094F8B902401C84F8B90206E0B4F8B602C1
:104BD000012802D1A4F8A432012621B03046F0BD4C
:104BE0004804002070B50446B0F8A402002501284E
:104BF0000FD109480125006910B10220A4F8BC02B8
:104C0000B4F9BC12204602F075FA10B10020A4F8E5
:104C1000A402284670BD00004804002070B5054677
:104C200090F84C000024122808D001242846FFF7F1
:104C300041FE012802D1122085F84C00204670BDAB
:104C400070B50546094800240068A0F50051CD392B
:104C500009D101242846FCF7F5F82846FBF79CFE0D
:104C60002846FCF74DF8204670BD000018040020CF
:104C70000549082806D200EB8001C1EB80100249EB
:104C800001EB80010846704768670020014890F8F2
:104C900061037047AC0000200148006870470000C5
:104CA0000800002000B501464FF47A7203E0104678
:104CB000491E00F003F80029F9D100BD00EB800087
:104CC000C00000E0401E0028FCD17047064910B526
:104CD000064A31F8101052F82000FCF7B1FD002808
:104CE00000D0012010BD0000BA8B0008DC0A0020B3
:104CF0000349044A31F8101052F82000FCF7A5BD12
:104D00009C8B0008A00A00200449054A31F81010C5
:104D100052F820000122FCF7A0BD00009C8B000887
:104D2000A00A00200449054A31F8101052F820006A
:104D30000022FCF792BD00009C8B0008A00A002016
:104D400070477047704770477047000070B5007833
:104D500014460D46012803D0022803D020B10DE0EF
:104D6000074809E0074807E0012291020648FCF7DE
:104D700074FD224629460548FEF7AEF8002070BDB6
:104D8000F82500203C26002000000240802600205C
:104D90002DE9F04188B0DFF8BC80002001466D4667
:104DA00045F82010401CC0B20828F9D3002601E0C5
:104DB000192E34D20024601DC0B2FFF7B3FF641C6B
:104DC000E4B2082CF7D30A20FFF778FF0024601D17
:104DD000C0B2FFF799FF641CE4B2082CF7D30A2095
:104DE000FFF76CFF5FF00004671C55F824004000DB
:104DF00045F82400F8B2FFF769FF55F8241008447D
:104E000045F82400FCB2082CEED30024601DC0B28B
:104E1000FFF788FF641CE4B2082CF7D302E01420EB
:104E2000FFF74CFF761CF6B21B2EC1D35FF00003D8
:104E300003EB8300C0EB831255F8231008EB8200CC
:104E400001F06AFD5B1CDBB2082BF1D308B0BDE8B2
:104E5000F08100006867002070B50024084DFFF75E
:104E600097FF00BF04EB8400C0EB841005EB8000CB
:104E700000F048F9641CE4B2082CF3D370BD0000C4
:104E80006867002010B54FF4FA6000F07DF8012843
:104E900018D100F01DF8012814D10B4C60790028BE
:104EA00010D12079401CC0B2207109280AD300F02B
:104EB0001DFA02F031FE054901206071A1F8B60229
:104EC000A1F8860510BD000084000020D004002059
:104ED0002DE9F0472B4D00240327A9780120A04697
:104EE0002646052904D2DFE801F003050F1A420027
:104EF000A87043E0601DC0B2FFF706FF641CE4B277
:104F0000082CF7D30220F3E7601DC0B2FFF70AFFB9
:104F1000641CE4B2082CF7D3AF70AE812EE0A989EF
:104F200040F28A22491C89B2A981914202D3AE8102
:104F3000EE70DDE7DFF84C9009F10E0919F8040076
:104F4000012805D1601CC0B2FFF7C0FE01280CD0BB
:104F5000641CE4B2082CF1D3E878411CE9700A28FB
:104F60000CD90420A870EE7008E0AF70FBE7FFF7E3
:104F700073FFAF70AE81EE704FF001084046BDE8A0
:104F8000F0870000840000202DE9F05F594F0146B2
:104F90002DED028B0026F8883546884278D8401CD3
:104FA000F88038785449002401F1100B4FF00108C3
:104FB00008286DD2DFE800F0040F2398981B3270A8
:104FC000701DC0B2FFF7AEFE761CF6B2082EF7D306
:104FD00087F8008089E0701DC0B2FFF795FE761C4F
:104FE000F6B2082EF7D3052038703C817DE0388971
:104FF000401C80B238810A2877D9022072E08846A6
:10500000701DC0B2FFF78EFE28F81640761CF6B26F
:10501000082EF5D3062038707C8166E07A89B9467F
:10502000521C7A818A46771CF8B2FFF74FFE20B9EE
:105030003AF81610491C2AF81610FEB2082EF2D3C0
:10504000B9F80A0040F28A214A4688424DD3507886
:10505000002156465B46474636F811C08046BCF1F3
:10506000320F01EB410C9C4402D30CF8007001E0BC
:105070000CF80040491CC9B20829EDD308F1010021
:10508000C0B25070032804D3072089F800002CE038
:105090002AE089F8004028E0C246A046154C9FED62
:1050A000178BD9460E34002106EB4603084603EB66
:1050B0000902135C401C1944C0B2C9B20328F8D3DA
:1050C000084603F099FA53EC182B03F0E3FB02D8DF
:1050D00004F806A001E004F80680761CF6B2082E5B
:1050E000E1D30820387000E00125BDEC028B284692
:1050F000BDE8F09F8400002040670020CCCCCCCCE1
:10510000CCCC004030B504460020A17887B00129FE
:1051100040D16D4604EB8001496845F82010401CE1
:10512000C0B20728F6D307212846FBF797FF0020D7
:1051300020620220216A55F82020401C1144C0B290
:1051400021620528F6D30846032190FBF1F1616244
:10515000D4F8E020002000BF04EB80035B6BDAB1E1
:10516000994203DA401CC0B20A28F5D300EE901A27
:1051700004EB8000F8EEE00A90ED210A20EE800AB0
:10518000D0ED2C0A30EE800AD4ED390AC4ED3A0A8B
:1051900084ED390A07B030BD9942E7DDE2E700004F
:1051A00001460020054A082906D201EB8100C0EB28
:1051B000811002EB8000406A7047000068670020A1
:1051C00010B504462DED028BDFED188A1848B0EEBD
:1051D000688A806803F0F9F99FED161B53EC112BD8
:1051E00003F05AFA03F0B4F900EE100A1348082C41
:1051F0000BD204EB8401C1EB841100EB8100D0EDF4
:10520000390A90ED371A30EEC18AB4EEC08AF1EE59
:1052100010FA01DBB0EE408A0948005D08B9B0EE33
:10522000688AB0EE480ABDEC028B10BD0000000099
:10523000480400209A9999999999F13F686700204C
:1052400092000020F0B5244C00231A4603EB8300A3
:10525000C0EB8310002104F8203004EB8000827042
:10526000C2700262C0F8242000EB8105491CC9B25B
:105270006A600A29F8D3194D002100BF00EB8107AD
:1052800055F82160FE654618491CC9B286F82820E9
:105290000A29F3D300219FED120ADFED120A00BFA5
:1052A00000EB8105491C85ED210AC9B2C5ED2C0A28
:1052B0000B29F5D301219FED0C0A5B1C80ED370A09
:1052C000C0F8E02080ED390A80ED3A0ADBB2417087
:1052D000082BBBD3F0BD0000686700206C8B000872
:1052E000124DA03AE1DA85C30000000010B5114963
:1052F0005FF0000000EB8002C2EB801201EB820243
:10530000401C92ED390AC0B282ED370A0828F1D369
:10531000FFF75AFAFFF7C0F90020074A014600BF1D
:1053200002EB4003401CC0B2A3F864100428F7D37A
:1053300010BD0000686700204804002070B50446D6
:10534000B0F85A02002542F20111884214D1B4F893
:105350005E020125A0F5E061E5390DD10120A4F838
:105360006402A4F8660294F86C0204F51974FFF75D
:10537000FFF9207AFFF7B8F9284670BDB0F85A2235
:105380000021B2F5045F12D10022A0F86622B0F825
:105390006C32B0F95E220121934208D00123A0F8BB
:1053A0006832082A03DCB0F85E22A0F86C220846B6
:1053B00070472DE9F04104460026B0F866023546F4
:1053C000012836D1B4F85A02B0F5145F31D342F255
:1053D0000A5188422DD2B4F95E120126A1F59052ED
:1053E000FE3A26D10121A4F8621294F8B812C7B28D
:1053F00041F0010184F8B812B4F86C02E0B1082859
:1054000017D8401EC0B2FFF7CBFEC11700EBD1503A
:10541000451294F86C023946401EC0B202F0C4FC3A
:1054200094F86C022BB2401EC0B20122394600F043
:105430008BFE3046BDE8F0812846FFF7B1FEC1176C
:1054400000EBD15044123946284602F0ADFC23B29D
:1054500001223946284600F077FE6D1CEDB2082D7A
:10546000EAD3012223B239460820E0E72DE9F041D2
:105470000446B0F85A024FF00008A0F5085046461E
:105480000A2835D294F8B812C7B241F0010184F865
:10549000B812A4F86E0204EB8701B4F95E02C1F8F9
:1054A0007002B4F95E52B4F86C024FF0010860B1BA
:1054B000401EC0B22A46394602F02CF994F86C021C
:1054C0002A46401EC0B2394610E02A4639463046C8
:1054D00002F020F92A463946304600F049FE761C93
:1054E000F6B2082EF1D32A463946304600F040FE87
:1054F0004046BDE8F081B0F85A32002141F2031273
:10550000934207D1B0F85E320121934202D10122C9
:10551000A0F8AC2208467047B0F85A32002141F298
:105520000212934207D1B0F85E320121934202D1B8
:105530000122A0F8AA2208467047B0F85A3200218A
:1055400041F20112934207D1B0F85E320121934239
:1055500002D10122A0F8A4220846704710B5B0F885
:105560005A220021A2F50453033B11D1B0F85E3258
:105570000121A3F5E0640A46E53C04D0A3F580646C
:10558000B23C03D004E0A0F8A02201E0A0F8A622DB
:10559000084610BDB0F85A220021A2F50453043B7E
:1055A00009D1B0F85E220121A2F54073F23B02D18D
:1055B0000122A0F8AE2208467047000010B5B0F8EE
:1055C0005A2200240A49A2F50453023B0ED1B0F836
:1055D0005E220124A2F525435A3B07D10122A0F8FF
:1055E0006022A1F86022104602F08EF8204610BD1D
:1055F000D004002070B5B0F85A220025A2F58053DF
:10560000212B70D8012545492C46222B71D2DFE889
:1056100003F01170707070707070707015191D2625
:105620002A707070702E373D4145497070704D562C
:105630005A5E666CB0F95E220A6067E0B0F95E22DD
:105640004A6063E0B0F95E228A605FE0B0F95E22F2
:1056500000EE102AB8EEC00A81ED030A56E0B0F958
:105660005E220A6152E0B0F95E224A614EE0B0F972
:105670005E2200EE102AB8EEC00A81ED0A0A45E06B
:10568000B0F95E228A64A0F8B0423FE0B0F95E2231
:105690004A643BE0B0F95E220A6437E0B0F95E226A
:1056A000CA6233E0B0F95E220A632FE0B0F95E22ED
:1056B000CA641B49A0F8B242A1F8824526E0B0F9BD
:1056C0005E220A6522E0B0F95E224A651EE0B0F96A
:1056D0005E22062A01D0082A18D18A6516E0B0F9A0
:1056E0005E22CA6512E017E003E0B0F95E220A66A6
:1056F0000CE0A2F580530F3B032B07D801EB82018E
:10570000A1F5A041B0F95E32C1F8DC3F90F8B812C3
:1057100041F0020180F8B812284670BD480400200C
:10572000D004002010B504460020B4F85A12A1F5A8
:10573000A852103A0AD1B4F95E02FEF7BBFA94F807
:10574000B80240F0020084F8B802012010BD10B584
:10575000B0F85A120024A1F5CC42663A07D1B0F94C
:105760005E02A0F525415A3901D1FCF7D9FB20464C
:1057700010BD10B5B0F85A2200210E2A05D1012122
:10578000A0F8B41202F0C8F90121084610BD0000CB
:10579000B0F85A220021A12A04D1034A90F85E02EF
:1057A0000121107008467047C819002070B50446E2
:1057B000B0F8B202002501280CD1B4F8C8020125C6
:1057C00050B101280FD0022814D0002603281AD087
:1057D000A4F8C862284670BD204601F0FBFB0028F3
:1057E000F8D001200CE0204601F0E6FA0028F1D0C4
:1057F000022005E0204601F0AFFB0028EAD003209C
:10580000A4F8C802E6E7204601F02EFB0028E1D00C
:10581000A4F8C862A4F8B2620025DBE770B50546BB
:10582000B0F8B0020024012807D10124284601F075
:10583000BFFC10B10020A5F8B002204670BD0000EA
:10584000F0B50446FC49002094F8B9E2A1B0052661
:105850000123D1F858C00546024601AFBEF1080F3A
:105860007ED008DCBEF1080F1FD2DFE80EF05666CE
:1058700088A1B9F8F6F5BEF12A0F72D00CDCBEF1A2
:10588000090F6FD0BEF10A0F6DD0BEF10B0F6BD0B8
:10589000BEF1290F09D1B6E0BEF1800F0AD0BEF1EA
:1058A000810F19D0BEF1820F30D0B4F8B6020128B2
:1058B0007DD0BDE1B4F8B40208B18120B5E0D4F8E0
:1058C00098026421B0FBF1F201FB12000028F0D134
:1058D000204601F097FCABE1D84ED4F89802B6F917
:1058E0000410B0FBF1F201FB12000028E1D1B6F97F
:1058F0000210204601F0FEFB0128DAD1B6F90200C1
:10590000411C71801928D4DB82208EE0B4F8B602E5
:105910000128CED184F8B9228AE1D4E9A6018142D6
:1059200002D90A1A282A04D28142C2D2401A28284F
:10593000BFD3204601F03CFC1DE0D4E9A6138B4206
:1059400002D95E1A282E04D28B42B2D2C91A282953
:10595000AFD327F81020401C00B22028F9DB04E068
:10596000C1E065E029E13DE14DE1009283B23A46B4
:105970004FF44051B3E094F8B902401C55E0D4E92B
:10598000A6138B4202D95E1A282E04D28B4290D2E3
:10599000C91A28298DD327F81020401C00B21028DE
:1059A000F9DB009283B23A464FF4445197E03CE170
:1059B000D4E9A6138B4202D95E1A282E04D28B4258
:1059C00089D2C91A282986D327F81020401C00B292
:1059D0000C28F9DB009283B23A4641F201217EE0C5
:1059E000D4E9A610884202D9421A282A04D2884251
:1059F0001DD2081A28281AD3204601F0EBFA0028F5
:105A000015D0292011E0D4E9A601814202D90A1A51
:105A1000282A04D281420AD2401A282807D32046D5
:105A200001F0CAF9002802D02A2084F8B902FFE068
:105A3000D4E9A601814202D90A1A282A04D2814255
:105A400009D2401A282806D3204601F04AFA002835
:105A500001D084F8B962EBE02EE01BE0FFE7D4E967
:105A6000A6138B4202D95E1A282E0AD28B4202D28A
:105A7000C91A282905D2DBE0411C09B227F8101009
:105A80000846B0EB4C0FF7DB009283B23A4643F680
:105A9000011124E0D4E9A601814202D90A1A282A78
:105AA00004D281427ED2401A28287BD3B4F9BC129A
:105AB000204601F01FFB5EE7D4E9A606864202D924
:105AC000371A282F04D286426CD2801B282869D32B
:105AD00008880092ADF8040001AA4FF480512046D6
:105AE00002F002F947E7D4E9A603834202D91E1A5D
:105AF000282E04D2834255D2C01A282852D388882F
:105B0000ADF804000889ADF8060091ED030ABDEE7A
:105B1000C00A10EE100AADF8080031F8100FADF809
:105B20000A008888ADF80C000889ADF80E00888955
:105B3000ADF81000088AADF81200888AADF814009C
:105B400091ED060ABDEEC00A10EE100AADF816007F
:105B5000088FADF81800888EADF81A00088EADF8E1
:105B60001C00888BADF81E00088CADF82000888CD6
:105B7000ADF8220040F2BA40ADF82400ADF826009E
:105B8000888FADF82800B1F84000ADF82A00B1F8D0
:105B90004400ADF82C00ADF82EC0B1F84C00ADF8C3
:105BA000300000E040E0B1F850000092ADF8320063
:105BB00018233A4641F20A0191E7D4E9A60181424D
:105BC00002D90E1A282E04D2814231D2401A282836
:105BD0002ED3B4F86C020092ADF804003A464FF4AC
:105BE00004517CE7D4E9A601814202D90A1A282A85
:105BF00004D281421CD2401A282819D33F212046C2
:105C000001F0E8FBB7E6D4E9A610884202D9421AAF
:105C1000282A04D288420BD2081A282808D3204602
:105C200001F09AF90028EDD102E0A4F8A432012590
:105C300021B02846F0BD000048040020CC1A002006
:105C400070B50546B0F8CA02002401280BD1074EF2
:105C50000124307838B9284601F08EFB18B10020B5
:105C60003070A5F8CA02204670BD0000CC1A002092
:105C700070B50446B0F8A6020025012809D1012517
:105C8000B4F9C012204601F035FA10B10020A4F892
:105C9000A602284670BD70B50446B0F8AC020025D7
:105CA000012809D10125B4F9C412204601F022FAD5
:105CB00010B10020A4F8AC02284670BD70B50446AF
:105CC000B0F8AA020025012809D10125B4F9C612AD
:105CD000204601F00FFA10B10020A4F8AA022846CD
:105CE00070BD70B50446B0F8A8020025012809D19E
:105CF0000125B4F9C612204601F0FCF910B10020CC
:105D0000A4F8A802284670BD70B50446B0F8A402F5
:105D10000025012809D10125B4F9BC12204601F063
:105D2000E9F910B10020A4F8A402284670BD70B5AE
:105D30000446B0F8A0020025012809D10125B4F9D4
:105D4000BE12204601F0D6F910B10020A4F8A0023E
:105D5000284670BD70B50446B0F8A202002501289F
:105D600009D10125B4F9BA12204601F0C3F910B1E6
:105D70000020A4F8A202284670BD70B50446B0F811
:105D8000AE020025012809D10125B4F9C21220462E
:105D900001F0B0F910B10020A4F8AE02284670BDA1
:105DA00070B5054690F84C000024122808D0012454
:105DB0002846FFF745FD012802D1122085F84C0046
:105DC000204670BD70B505460A4800240068A0F55D
:105DD0000051CD390CD101242846FBF733F8284671
:105DE000FAF7DAFD2846FAF78BFF284601F010FA99
:105DF000204670BD1804002001460020A1F10902D0
:105E0000022A06D201EB4100024901EB400010F8E2
:105E1000310C7047C86E00202DE9F04100F042F8C7
:105E20001E4C0027012620781D4D00284FF00A0047
:105E300003D0FFF7E1FF60B10CE0FFF7DDFF0128C1
:105E400008D12670A5F86062A5F8306501F05CFC09
:105E500000E02770607800284FF0090006D0FFF7B7
:105E6000CBFF002800D16770BDE8F081FFF7C4FFC9
:105E70000128F9D16670A07810F0010100F101004D
:105E8000A07006D00029EFD0A5F8A462A5F874652B
:105E9000EAE7A5F8A262A5F87265E5E79A00002096
:105EA000D004002070B5104D002400BF04EB440660
:105EB00015F81600FEF70AFF05EB46010871CA78CF
:105EC000824209D18A78521CD2B28A70322A05D312
:105ED00032228A70487101E000228A70641CE4B2A8
:105EE000C870022CE2D370BDC86E002030B500200F
:105EF0000A4B01465FF0010500F1090200EB400486
:105F0000401C03F8142003EB4402C0B29170D1701E
:105F10001171517155700228EED330BDC86E00204A
:105F20002DE9F04100241B4F264600F037F81A48AF
:105F3000406901282BD13D1D385D295D814201D08A
:105F400028550126641CE4B2042CF5D3012E1ED181
:105F5000002400262F5DF8074FF0000002D0FEF766
:105F6000D3FE01E0FEF7DEFE7F0801210320FDF7EE
:105F700005FA761CF6B2082EEDD3641CE4B2042CAC
:105F8000E7D3BDE8F04101210220FDF7F7B9BDE8F4
:105F9000F08100009D0000204804002010B5FEF7AD
:105FA0007BFE4FF47A71B0FBF1F201FB1200002886
:105FB00004D1BDE810400D20FEF79ABE10BD10B50B
:105FC0000020FEF7A1FE0120FEF79EFE0220FEF754
:105FD000A9FE0320FEF7A6FE0420FEF7A3FE012083
:105FE000FEF792FE00210420FDF7C8F901210220EE
:105FF000FDF7C4F9BDE810400120FEF793BE000094
:10600000FBF7CCFEFDF7BEFEFDF78AFAFDF714FAAA
:10601000FDF762FBFDF7BAFBFDF780FBFDF73CFBEC
:10602000FDF7D0FBFDF796FB4FF4807422461A492A
:106030001A48FCF719FF19480068C16841F01001BF
:10604000C160224616491748FCF70EFF1548006844
:10605000C16841F01001C160224613491348FCF7A2
:1060600003FF12480068C16841F01001C160FFF7EA
:106070003DFFFFF7A4FFFFF7E5F801F001F8FDF79A
:10608000E7FD00F0DFFA00F07DFBFAF703FBFDF718
:1060900029FA00F01AF8FEE725050020F82500206F
:1060A000F50700203C260020B002002080260020BA
:1060B00001460020842900D0C81C704710B500B9E3
:1060C000012001F0AFFF002010BD10B501F0D0FF9E
:1060D000002010BD7FB50D4604464169B0F90800A7
:1060E00081B1A16971B1FFF7E3FFD4E905128DE831
:1060F0000700D4E900102B46226902F036F903901C
:1061000004B070BDFFF7D4FF03A9CDE90001208AD8
:106110002B4682B2D4E9001002F0FAF8012801D02F
:106120000020EDE70398EBE7082809D80A2907D2F1
:10613000044B00EB800003EB001000EB41000285F4
:10614000704700009078002030B508280DD80A2943
:106150000BD200EB80050548012400EB051020F868
:10616000114000EB41008282038530BD9078002011
:10617000082809D80A2907D2044B00EB800003EB5A
:10618000001000EB410082877047000090780020EB
:106190002DE9F041184C0F460546E6682068001DC1
:1061A00001F078FE38B9206890F82C100120884062
:1061B000216981432161681C07D137B12168BDE89D
:1061C000F0410E48091D01F0A9BE20683544B542D2
:1061D0004560216805D2A06BBDE8F041091D01F0C2
:1061E00085BE606B091D01F081FEA06A854200D268
:1061F000A562BDE8F08100001C0000202C2B0020CF
:106200002DE9F041054601F095FE2E4CA068401C9A
:10621000A06020682C4F10B1606940B32DE025606C
:10622000A068012829D1002606EB860007EB800034
:1062300001F04EFE761C072EF6D323488C3001F079
:1062400047FE2148A03001F043FE1F48B43001F062
:106250003FFE1D48C83001F03BFE1B48DC3001F01A
:1062600037FE19488C3060631430A06305E0206865
:10627000E96AC06A884200D82560606A401C606292
:10628000E96A0120226988401043206101EB810006
:1062900007EB8000291D01F041FE01F06BFE6069F3
:1062A00000280CD02068E96AC06A884207D20749F2
:1062B0004FF080500860BFF34F8FBFF36F8FBDE882
:1062C000F08100001C000020502A002004ED00E0B6
:1062D00010B5044690F8510058B101280CD002289E
:1062E0000FD0502080F31188BFF34F8FBFF36F8F13
:1062F000FEE7206B01F052FE2046BDE8104001F0A1
:106300004DBE10BD10484FF47051420706D0C01D5D
:106310000D4920F00700411AC1F570510B4A0023C6
:106320000144C2E900030839183A21F0070111605D
:106330004B600B600B1AC0E9001393604FF00040F4
:106340005360506170470000402B00207000002017
:10635000144E154CA6F1C8074FF08058DFF84C904A
:1063600012E000BF01F0E6FDF068C568281D01F0ED
:1063700091FDA068401EA0606068401E606001F052
:10638000F9FD2846FFF7A4FF60680028EAD13868C5
:106390000128F9D9C9F80080BFF34F8FBFF36F8F81
:1063A000F2E70000182B00201C00002004ED00E0A4
:1063B0002DE9F0479A46DDE9098481466FF0030331
:1063C000206B03EB82021044089E20F00707780739
:1063D00007D0502080F31188BFF34F8FBFF36F8F2A
:1063E000FEE7002561B1002023180A5C83F8342001
:1063F0000A5C12B1401C1028F6D384F8435001E027
:1064000084F83450072E00D30626E662C4E91165ED
:10641000201D01F068FD04F1180001F064FD246105
:10642000C6F107006462A061E56484F850505246EA
:106430004946384600F0C0F82060B8F1000F01D09E
:10644000C8F80040BDE8F08730B5114900E01146BA
:106450000A688242FBD34B685C18844203D14068CF
:1064600018444860084643681C18944209D1084CF7
:10647000183C2468A24209D052681A4442600A6853
:1064800012680260814200D0086030BD0460F9E704
:10649000700000200648416B096829B1416BC9684A
:1064A000C9684968816270474FF0FF31FAE7000020
:1064B0001C00002008484068401C4FF0500080F34A
:1064C000118804D0BFF34F8FBFF36F8FFEE7BFF388
:1064D0004F8FBFF36F8FFEE7780000202DE9F0416A
:1064E0000546002701F0FAFD324E306808B9FFF783
:1064F00009FF706905424ED1C5B3083568070ED053
:1065000005F00700C0F108000544680707D05020D7
:1065100080F31188BFF34F8FBFF36F8FFEE72DB36A
:106520007068854237D82348183001460C6801E06E
:1065300020460C466168A94202D221680029F7D1A1
:1065400031688C4227D0076821680160606808378D
:10655000411B10290FD96019420708D0502080F341
:106560001188BFF34F8FBFF36F8FFEE713E04160D9
:106570006560FFF769FF61687068401A7060B26813
:10658000904200D2B060706901430020C4E900016C
:10659000F068401CF06001F079FF780707D05020C8
:1065A00080F31188BFF34F8FBFF36F8FFEE738463C
:1065B000BDE8F0815800002010B5031F4FF0807433
:1065C0001C601B1F21F001011960191F044B0B6097
:1065D00014390A60091F6FF0020244380A6010BDC6
:1065E000B564000830B5002210290FD8084B0BE025
:1065F00033F8124000EB4205240A00F8124013F869
:106600001240521C6C70D2B28A42F1D330BD0000ED
:106610009075002030B500220C290FD8084B0BE0F4
:1066200033F8124000EB4205240A00F8124013F838
:106630001240521C6C70D2B28A42F1D330BD0000BD
:10664000507600202DE9F047ADF5B16D40F284554C
:1066500029466846F9F77AFF4FF0000844462A4673
:1066600069464046FDF766FFDDF88055002876D183
:106670004FF4B0616846FEF71BF8A8427ED1EA46A7
:1066800008F0FF00FEF7F4FA814604F10A00002644
:1066900087B209F1340512E05AF8241002C55AF8FD
:1066A0002400C11700EBD150314640F34F22761C35
:1066B000F6B208F0FF00FFF737FD641CA4B2BC423D
:1066C000EAD307F10A00002486B209F15C050EE066
:1066D0005AF8271002C53AF82700214602B2641C76
:1066E000E4B208F0FF00FFF743FD7F1CBFB2B742E2
:1066F000EED306F10B0080B209F18401534607E0A6
:1067000003EB8602761C92ED000AB6B2A1EC010AF8
:106710008642F5D300F10B0189B209F1B00207E01E
:1067200003EB8004401C94ED000A80B2A2EC010A45
:106730008842F5D3481C80B209F1DC0208E000BFB2
:1067400003EB8104491C94ED000A89B2A2EC010A12
:106750008142F5D3411C8CB209F1E00105E00DE066
:1067600053F82020401C04C180B2A042F8D308F1A5
:1067700001001FFA80F8B8F1080F81D30DF5B16D53
:10678000BDE8F08770B59CB06C216846F9F7DEFE75
:1067900000246C2269464FF4C060FDF7CBFE1A9DC1
:1067A00000287DD168216846FDF782FFA84277D195
:1067B000464A0098694610604548019A0260029A6C
:1067C0004260039A82609DED040A80ED030A059AF7
:1067D0000261069A426107225FF00B0351F82250D2
:1067E00000EB8406641C521C92B2E4B2B5619A427A
:1067F000F4D301EB8203521C93ED000A92B280EDB8
:106800000A0A51F82230521C92B2C36251F8223067
:10681000521C92B2036351F82230521C92B243636D
:1068200051F82230521C92B2836351F82230521C2C
:1068300092B2C36351F82230521C92B2036451F8F1
:106840002230521C92B2436451F82230521C92B250
:10685000836451F82230521C92B2C36451F8223042
:10686000521C92B2036551F82230521C92B2436519
:1068700051F82230521C92B2836551F82240521CCA
:1068800092B2C46551F822100166082B01DD08217F
:106890008165826D0F49062A0CD0082A14D100E0C8
:1068A00012E0026931206AB1012A0BD0022A0BD111
:1068B0003E2007E00269302022B1012A02D0022ADC
:1068C00002D13F20A1F8BC021CB070BD140400200E
:1068D00048040020D004002030B50022102917D829
:1068E0000C4B13E053F82240240E00F8224053F8DA
:1068F0002240250C00EB8204657033F822502D0AEB
:10690000A57013F82250521CE570D2B28A42E9D326
:1069100030BD0000D0740020C278072A03D30022C3
:10692000C27001228270C278B1F1807F00EB8202D6
:1069300001D3A1F100715160C178491CC170704749
:10694000F8B5B0F86C120025082901D90020F8BD6F
:10695000384C79B1491E61702278374E00215AB106
:10696000012A20D0022A35D0032A4AD021700125DD
:106970002846F8BD0821EEE7D0E9A623934202D9C4
:106980009F1A142F04D29342F2D2D21A142AEFD3B0
:1069900062780A2302EB820206EB021200914FF4A6
:1069A0000C5114323FE0D0E9A623934202D99F1A3A
:1069B000142F04D29342DBD2D21A142AD8D362788D
:1069C0000A2302EB820206EB021200914FF41051EF
:1069D000283228E0D0E9A623934202D99F1A142F27
:1069E00004D29342C4D2D21A142AC1D362780A23A1
:1069F00002EB820206EB021200914FF408513C3286
:106A000011E0D0E9A623934202D99E1A142E04D293
:106A10009342ADD2D21A142AAAD3009100F51B7268
:106A200001234FF4045101F05FF92078401C2070DD
:106A30009EE70000B40400209078002030B40022CB
:106A4000404D0123404C114680F84D20A8421ED1F4
:106A500004F58875C56040350561403545614035B0
:106A600085612035C5612035056220354562403598
:106A700085622035C56218350563344D45632D1D8B
:106A800085632D1DC5632D1D05642D1D1CE0304D36
:106A9000C56040350561403545614035856120352B
:106AA000C0E9075440354562403585622035C562EE
:106AB00018350563254DAD1E45632D1D85632D1DC0
:106AC000C5632D1D05642D1D4564A0F8B23280F804
:106AD0005410056D00F256236B61056D9B1CAB6174
:106AE000056D00F15503EB61056D2B62A0F85612A0
:106AF00080F858124FF6FF73A0F85A32A0F85C12D3
:106B0000A0F85E12A0F86A125823A0F86C32A0F820
:106B10006E12A0F866120F4900EB820551F8223080
:106B2000521CD2B2C5F870320A2AF5D30021FF22D6
:106B300024F81120491CC9B21029F9D3006D816ACB
:106B400030BC0847A0070020D0750020BE040020FC
:106B5000D07400206C8B0008F8B5B0F86C120025DA
:106B6000082901D90020F8BD214C59B1491E617195
:106B70002179204E002339B101291CD02371012530
:106B80002846F8BD0821F2E7D0E9A6128A4202D9C8
:106B9000571A142F04D28A42F2D2891A1429EFD339
:106BA0006179009301EB810106EB01120A234FF496
:106BB0000C51143215E0D0E9A6128A4202D9571AB4
:106BC000142F04D28A42DBD2891A1429D8D36179CE
:106BD000009301EB810106EB01120A234FF41051DF
:106BE000283201F081F82079401C2071C8E70000AC
:106BF000B404002090780020F8B50446406C1D4E87
:106C00000025B0F90010A6F140022B4629B1012958
:106C100018D0038001252846F8BDD4E9A601814299
:106C200002D90E1A142E04D28142F4D2401A14282A
:106C3000F1D3009320234FF44051204601F054F843
:106C4000012014E0D4E9A601814202D90A1A142ACB
:106C500004D28142DFD2401A1428DCD300931023DF
:106C600032464FF44451204601F03EF80220616C58
:106C70000880D0E790750020F8B5B0F86C220025A8
:106C8000082A01D90020F8BD204C00214AB1E27049
:106C9000A2781F4E3AB1012A1CD0A17001252846C6
:106CA000F8BDE170F4E7D0E9A623934202D99F1A18
:106CB000142F04D29342F2D2D21A142AEFD3E278DC
:106CC0000A2302EB820206EB021200914FF40C51F0
:106CD000143215E0D0E9A623934202D99F1A142F4B
:106CE00004D29342DBD2D21A142AD8D3E27800918C
:106CF00002EB820206EB02120A234FF410512832F3
:106D000000F0F2FFA078401CA070C8E7B404002097
:106D10009078002070B50546B0F86802002401287C
:106D200007D101242846FFF70BFE10B10020A5F87B
:106D30006802204670BD00002DE9F0410F4606466E
:106D400000241B4D2AE02046FEF73AFA286D70B168
:106D50002968A1F5DA426C3A09D1DFED160A60EE36
:106D6000200A00EE100AB8EEC01A80EE810AE86C24
:106D7000C8B1F2EE040A20EE200A00BFBDEEC00A40
:106D800007EB840110EE100A46F82400001427F8DF
:106D9000240036F82400641C4880E4B2A86DA042A8
:106DA000D1DCBDE8F081F6EE000A30EE200AE5E71E
:106DB0004804002000007A442DE9F84305460027E6
:106DC0000121FDF795FB00EB0010A96C102202EBEE
:106DD00080028C5E2A6C142606EB8006B2F9003025
:106DE0008E5993FBF4F204FB12324FF0180C36F973
:106DF000126093FBF4F20CEB800C04FB123251F89E
:106E00000CC002EB42020CEB8202DFF858C0DCF847
:106E10004CC0BCF1000F0BD093FBF4F204FB123218
:106E20001C2303EB800002EB4202085800EB8202B5
:106E30004FF000080623B1B22846CDF8008000F0DC
:106E4000EDFE012803D1296C0888401C0880286CBD
:106E5000B0F90010A14202DBA0F8008001273846FB
:106E6000BDE8F88348040020F8B504460026042154
:106E7000FDF73EFB00EB0010A16C382202EB800214
:106E80008D5E226C3C2707EB8007B2F90020CF59BA
:106E900092FBF5F305FB132337F813C092FBF5F3D0
:106EA00005FB1322402303EB800002EB420208584B
:106EB000002700EB420202231FFA8CF120460097C4
:106EC00000F0ACFE012803D1216C0888401C08802A
:106ED000206CB0F90010A94201DB07800126304682
:106EE000F8BDF8B5044600260321FDF701FB00EBD1
:106EF0000010A16C2C2202EB80028D5E226C3027E8
:106F000007EB8007B2F90020CF5992FBF5F305FBA0
:106F1000132337F813C092FBF5F305FB1322342338
:106F200003EB800000270858022300EB82021FFABF
:106F30008CF12046009700F071FE012803D1216CEE
:106F40000888401C0880206CB0F90010A94201DBC1
:106F5000078001263046F8BDF8B504460026022118
:106F6000FDF7C6FA00EB0010A16C202202EB8002B4
:106F70008D5E226C242707EB8007B2F90020CF59E1
:106F800092FBF5F305FB132337F813C092FBF5F3DF
:106F900005FB1322282303EB800002EB4202085872
:106FA000002700EB820206231FFA8CF1204600978F
:106FB00000F034FE012803D1216C0888401C0880B1
:106FC000206CB0F90010A94201DB07800126304691
:106FD000F8BD00002DE9F843002705463946FDF7C6
:106FE00087FA00EB0010A96C2A6C042631F92040C6
:106FF000B2F9003006EB800693FBF4F204FB123288
:107000008E594FF0080C0CEB800C36F9126093FB94
:10701000F4F204FB123251F80CC002EB42020CEB0A
:107020008202DFF858C0DCF84CC0BCF1000F0BD076
:1070300093FBF4F204FB12320C2303EB800002EB0F
:107040004202085800EB82024FF000080623B1B25A
:107050002846CDF8008000F0E1FD012803D1296C1D
:107060000888401C0880286CB0F90010A14202DB9F
:10707000A0F8008001273846BDE8F88348040020C6
:1070800010B50448FFF7DAFCBDE810400248FFF7EE
:10709000D5BC0000D0040020A00700202DE9F04757
:1070A0000024154688468146032A1ED2DFF840A0F8
:1070B0006F1E16E000FB0740C6B221462846FAF7CD
:1070C00097F8BDEEC00A10EE100A49F82600011428
:1070D00028F8261008EB860139F82600641C488041
:1070E000E4B2DAF85800A042E4DCBDE8F087000022
:1070F000480400201CB50E4A002352680192ADF8E6
:107100000610D0E9A6128A4202D9541A142C04D2CD
:107110008A420AD2891A142907D300210091022336
:1071200001AA842100F0E0FD012318461CBD0000E7
:10713000948B000870B50546B0F86202002401285F
:1071400007D101242846FFF707FD10B10020A5F85C
:107150006202204670BD70B50546B0F8600200249A
:10716000012803D0FDF792FD01280DD10124FEF77F
:10717000BDF800F0D1FC2846FFF73EFD20B100200D
:10718000A5F8600200F0BAFA204670BD70B5054659
:10719000B0F864020024012807D101242846FFF733
:1071A0006BFD10B10020A5F86402204670BD000000
:1071B0001CB51249124A002309680191BDF8041058
:1071C00092F84820C9B241EA0221ADF80410D0E992
:1071D000A6128A4202D9541A142C04D28A420AD224
:1071E000891A142907D300210091022301AA8221C0
:1071F00000F07AFD012318461CBD0000948B0008A6
:1072000048040020002301220E2100F0C3BC00002E
:107210002DE9F041064627480025C06A28B33046CC
:1072200000F04EF8244C2548002721784FF0010843
:1072300039B101290DD0022918D003292BD027708C
:1072400003E000F0D5F9012801D001252EE0677098
:1072500028E06178415C304600F0BCF8012825D177
:1072600002202070D6F8980260601FE0827A617870
:10727000921E4FF496608A4202D009B14FF46170B9
:10728000A060D4E90112D6F89802114488420DD3C7
:10729000032020700AE06178491CC9B26170807ACD
:1072A000884202D984F8008000E027702846BDE8B3
:1072B000F081000048040020C41E0020107D002042
:1072C0002DE9F04385B000242A4D03AE4FEA0409AE
:1072D00005EBC40703A920464237FCF709FD00214E
:1072E0000A460846335C17F800C0634509D005EB31
:1072F000440C3B54ACF8629005EB040C01238CF871
:107300006A30335CFF2B05D003F1010C0DF801C08E
:10731000491C89B2401C1A44C0B292B20828E1D379
:10732000B2F5FF6F1AD02F1997F86A00012815D10E
:10733000022913D305EB4400B0F86220521C92B22C
:10734000A0F86220B2F5FA7F0CD3A0F86290C9B21F
:10735000684600F073F987F86A9003E005EB440192
:10736000A1F86290641CE4B2042CB1D305B0BDE86E
:10737000F08300001C7D002000B5154AA1B000215B
:10738000136901AAA3B1012B12D0022B17D000BFA1
:1073900022F81110491C09B20829F9DB00228BB22E
:1073A000009201AA43F6011100F038FC21B000BDA3
:1073B00022F81110491C09B21029F9DBEEE701F19E
:1073C000080322F81130491C09B20829F7DBE5E768
:1073D000480400207CB51D4A0023126801921C4A13
:1073E000146C651E632D06D8BDF80650EDB245EA53
:1073F0000424ADF806403F2908D1BDF8064092F8B4
:107400004420E4B244EA0222ADF806203F22B1FB58
:10741000F2F402FB1411012202EB0121ADF8041079
:10742000D0E9A6128A4202D9541A142C04D28A42F4
:107430000AD2891A142907D300210091022301AA34
:10744000A02100F051FC012318467CBDD08B000820
:10745000480400202DE9F05F44688046002594F838
:1074600058022F462E46012875D194F85500A9469A
:107470005A286ED194F85600A5286AD1B4F856124D
:10748000062953D394F85700C91E81424ED194F86F
:10749000581080294AD0812904D0822946D08329D6
:1074A00044D116E094F85A60C01EB0423ED194F820
:1074B00059A00BE0E01990F85B200AEB0700C1B27D
:1074C000404600F062F805437F1CBFB2B742F1D3DB
:1074D0002CE094F85B70001F00EBD070B7EB600FEE
:1074E00024D194F859004FF6FF7101EA002094F876
:1074F0005A2000F47F4010441FFA80FA8B4613E0B4
:1075000004EB460010F85C1F0BEA0121407801F4FF
:107510007F41084482B20AEB060081B2404600F087
:107520003FF80543761CB6B2BE42E9D3D4F89802C0
:1075300041F2883188420CD9E80702D000F020F9E6
:1075400001E0A80705D500F0A9F9D8F8041081F8E2
:10755000B89284F85892BDE8F09F00002DE9F04100
:1075600000240546042746680AE000BF686907EB67
:10757000C401415830468847012804D0641CE4B255
:10758000287CA042F2D8BDE8F081034600205B6869
:10759000002904D183F85420012183F84D1070474D
:1075A0002DE9F047446800274FF6FF78A4F85A12F7
:1075B00006463D46A4F85E22414513D04FF004092B
:1075C0000AE000BFF16809EBC5000958204688476A
:1075D00001280AD06D1CEDB2307AA842F2D800BF63
:1075E000A4F85A823846BDE8F08794F8B872F7E7F5
:1075F00011490246002091F87830002B1BD091F8F9
:10760000770000EB400303EBC000084403681360FD
:107610004368536003891381807A907211F8770F61
:107620000622401CB0FBF2F302FB130008704878FE
:10763000401E4870012070471C7D002030B52A4A4A
:10764000002392F87840062C4CD207294AD292F8AF
:10765000764004EB440505EBC4041444056825603A
:107660004568656005892581807AA07292F8764028
:107670001A2004EB440505EBC4041444605492F84A
:1076800076403F2004EB440505EBC40414440C444D
:10769000607092F87640881C04EB440505EBC40446
:1076A0001444A0721148006E01280FD1491C0BE050
:1076B00092F8760000EB400404EBC0008418E05C14
:1076C0001E30E0545B1CDBB28B42F1D312F8760F14
:1076D0000621401CB0FBF1F301FB13001070907801
:1076E000401C907030BD00001C7D0020480400202C
:1076F000014981F862037047AC000020014981F81C
:1077000061037047AC000020014981F860037047B5
:10771000AC00002008280BD20A2909D200EB800314
:10772000C3EB8010034B03EB800000EB8100C265CC
:107730007047000068670020104810B54168D1F814
:107740009822521CC1F89822C069D0F89812491C9E
:10775000C0F898120948FFF77DFE08481830044623
:10776000FFF778FE0548FFF7F9FE2046FFF7F6FE23
:10777000BDE81040A520FFF7BBBF0000700A002045
:107780002DE9F041434E00273D464FF4B078F8B262
:10779000FDF76EFA05F10A0189B200F134024346A1
:1077A00006E09D4202D210CA46F825406D1CADB2DB
:1077B0008D42F6D301F10A0292B200F15C0406E0B8
:1077C000994202D220CC46F82150491C89B29142FC
:1077D000F6D302F10B0189B200F1840409E09A4268
:1077E00005D2B4EC010A06EB820585ED000A521CB5
:1077F00092B28A42F3D301F10B0292B200F1B004CB
:1078000009E0994205D2B4EC010A06EB810585ED49
:10781000000A491C89B29142F3D3511C8CB200F189
:10782000DC0109E09A4205D2B1EC010A06EB8205BF
:1078300085ED000A521C92B2A242F3D3611C8DB2B4
:10784000E03006E09C4202D202C846F82410641CD4
:10785000A4B2AC42F6D37F1CBFB2082F97D3A100CD
:107860003046FCF725FF46F82400641CA0B2B0F5B2
:10787000B17F0DD24FF6FF7101EA80023146002040
:10788000FCF7A8FE002803D103490888401C0880A3
:10789000BDE8F081E06E00204404002070B59C4BF0
:1078A0009A4C0021586B401C58639A48012220C80A
:1078B00044F82150491C89B29142F8D3501C944994
:1078C00004E020C944F82250521C92B28242F8D3FC
:1078D0000146401C1B1D04E004CB44F82120491C38
:1078E00089B28142F8D30146894A401C083204E03B
:1078F00008CA44F82130491C89B28142F8D30146B4
:10790000834A401C0C3207E0B2EC010A04EB81030D
:10791000491C89B283ED000A8142F5D301467C4AB5
:10792000401C103204E008CA44F82130491C89B2D6
:107930008142F8D30146764A401C143204E008CA5A
:1079400044F82130491C89B28142F8D30146704A7B
:10795000001D183204E008CA44F82130491C89B2DD
:107960008142F8D301466A4A401C283208E000BF31
:10797000B2EC010A04EB8103491C89B283ED000AD1
:107980008142F5D30146624A401C2C3204E008CA09
:1079900044F82130491C89B28142F8D301465C4A3F
:1079A000401C303204E008CA44F82130491C89B236
:1079B0008142F8D30146564A401C343204E008CADA
:1079C00044F82130491C89B28142F8D30146504A1B
:1079D000401C383204E008CA44F82130491C89B2FE
:1079E0008142F8D301464A4A401C3C3204E008CAAE
:1079F00044F82130491C89B28142F8D30146444AF7
:107A0000401C403204E008CA44F82130491C89B2C5
:107A10008142F8D301463E4A401C443204E008CA81
:107A200044F82130491C89B28142F8D3411C384ABC
:107A300089B2483204E008CA44F82030401C80B2C1
:107A40008842F8D3481C324A80B24C3204E008CA5B
:107A500044F82130491C89B28142F8D3411C2C4A98
:107A600089B2503204E008CA44F82030401C80B289
:107A70008842F8D3481C82B22548543004E008C834
:107A800044F82130491C89B29142F8D3501C204956
:107A900080B2583104E008C944F82230521C92B236
:107AA0008242F8D3411C8DB219495C3104E004C90B
:107AB00044F82020401C80B2A842F8D3681C81B250
:107AC0001348603004E004C844F825206D1CADB2B2
:107AD0008D42F8D32046A900FCF7EAFD44F82500C2
:107AE0006D1CA8B21B280FD84FF6FF7101EA800267
:107AF00021464FF4C060FCF76DFD002804D1044816
:107B0000001F4188491C418070BD00006474002042
:107B100048040020140400202DE9F04F1B4C0020E5
:107B200004F180029FED1A0A01464FF6FF75A2F19B
:107B3000400602F14008FF2302F1600902F18007CC
:107B400002F1A00A02F5987B02F5B87E44F82010F5
:107B500002EB800C22F82010ACF8021046F82050FE
:107B600028F8101029F810300AEB800C27F8103094
:107B70008CED000A0BEB800C8CED000A2EF8101037
:107B8000401CC0B21028E1D3BDE8F08FD0740020B3
:107B90000000000070B50446D4E9A605854202D96C
:107BA0002E1A142E04D285422BD2401B142828D31F
:107BB0004FF6FF70814224D288184FF6FE75401EA2
:107BC000A8421ED25A2084F85501A52084F85601F7
:107BD000042084F85701832084F85801080A84F8A7
:107BE000590184F85A1184F85B21012B0AD007222D
:107BF000206D04F25511436B9847D4F89802C4F8ED
:107C00009C0270BD042104F5AC70FCF751FD010A23
:107C100084F85C1184F85D010922E9E72DE9F0415F
:107C200004461D46D4E9A6364FF0000C069F604678
:107C30009E4204D9A6EB030EBEF1140F04D29E425D
:107C400040D29B1B142B3DD34FF6FF73994239D280
:107C50004B194FF6FE765B1EB34233D25A2384F89B
:107C60005531A52384F85631032303EB450384F8EB
:107C70005731822684F858610E0A84F8596184F8D5
:107C80005A110BE032F8101004EB40064FEA112CA9
:107C900086F85BC1401C86F85C1180B2A842F1D323
:107CA000012F12D05FF0060000EB450082B2206D7C
:107CB00004F25511436B9847D4F898024FF0010C29
:107CC000C4F89C026046BDE8F081194604F5AC702A
:107CD000FCF7EEFC04EB4501020A81F85B2181F818
:107CE0005C010820E0E700002DE9F04104461D4654
:107CF000D4E9A6360020069F9E4204D9A6EB030CC9
:107D0000BCF1140F04D29E423ED29B1B142B3BD3DA
:107D10004FF6FF73994237D24B194FF6FE765B1E32
:107D2000B34231D25A2384F85531A52384F8563111
:107D3000032303EB450384F85731822684F8586106
:107D40000E0A84F8596184F85A110BE032F8021BCC
:107D500004EB40064FEA112C86F85BC1401C86F804
:107D60005C1180B2A842F1D3012F0FD05FF0060062
:107D700000EB450082B2206D04F25511436B984729
:107D8000D4F89802C4F89C02BDE8F081194604F5C5
:107D9000AC70FCF78DFC04EB4501020A81F85B2115
:107DA00081F85C010820E3E730B5082866D20A298B
:107DB00064D200EB8002C2EB8010354A02EB8002F5
:107DC00002EB8100536A436301235418002984F8AD
:107DD000283053D094F82740012C06D1D0E90C4527
:107DE000A54200DD0023C2F8E030D0E916431C1B99
:107DF00000EE104AD0E90C54F8EEC00A651B00EE04
:107E0000105A0929B8EEC01A80EE810A00EE903AA5
:107E100001EE104AF8EEE00AB8EEC11A80ED210A30
:107E200040EE410AC0ED2C0A1CD2046EE31A00EEAB
:107E3000103AD0E90D53F8EEC00A5D1B00EE105A5F
:107E4000B8EEC01A80EE810A00EE904A01EE103AB8
:107E5000F8EEE00AB8EEC11A80ED220A40EE410ABF
:107E6000C0ED2D0A01290AD0092907D192ED2A0A6D
:107E700082ED2B0A92ED350A82ED360A30BD92ED85
:107E8000220A82ED210A92ED2D0A82ED2C0A30BDE4
:107E900068670020D0E9013201699A60D0E90123C6
:107EA0005A604A68824201D182684A6000220261B7
:107EB0000868401E0860086870470000034B0360B4
:107EC00003F154000860802010607047D01E00202D
:107ED00000F108014FF0FF32C0E90112C1600161F9
:107EE00000210160704700210161704730B50B68C7
:107EF0005A1C02D000F1080202E0026904E02246A6
:107F0000546825689D42FAD953684B6099608A602D
:107F1000516008610168491C016030BD42684A60D7
:107F200093688B6093685960916008610168491C8F
:107F300001607047502080F31188BFF34F8FBFF36B
:107F40006F8F0A494868401C486001280CD10848D6
:107F5000006810F0FF0F07D0502080F31188BFF3A6
:107F60004F8FBFF36F8FFEE770470000780000204F
:107F700004ED00E00849486828B1401E486001D17E
:107F800080F311887047502080F31188BFF34F8F22
:107F9000BFF36F8FFEE700007800002070B5002867
:107FA0002AD0164DA0F1080460686969084207D11B
:107FB000502080F31188BFF34F8FBFF36F8FFEE720
:107FC00022683AB1502080F31188BFF34F8FBFF37E
:107FD0006F8FFEE78843606000F080F86068696832
:107FE000084468602046FEF72FFA2869401C286183
:107FF000BDE8704000F04ABA70BD00005800002093
:108000004FF0E02000210161816105494FF47A724F
:108010000968B1FBF2F1491E416107210161704716
:108020001800002010B5020014D00F48006B38B1C2
:10803000502080F31188BFF34F8FBFF36F8FFEE79F
:1080400000F04CF800211046FEF7A2F800F01EFAEE
:10805000002807D105494FF080500860BFF34F8FCB
:10806000BFF36F8F10BD00001C00002004ED00E086
:1080700010B586B00024039405AA04A903A80494AB
:10808000FFF71CFFDDE903010094CDE90110002397
:108090000EA11048059A00F068F90F490028C8623F
:1080A00011D0502080F31188BFF34F8FBFF36F8F33
:1080B0004FF0FF30886201204861CC6006B0BDE817
:1080C000104000F0ABB806B010BD000049444C456C
:1080D00000000000516300081C0000200248016BF2
:1080E000491C0163704700001C0000201448016B0C
:1080F00011B10121C16170470021C1610169B1FA6B
:1081000081F1C1F11F0101EB81020E4951F82230CA
:108110006BB101EB820101F108034A6852684A60C1
:108120009A4201D152684A60D1680160704750207C
:1081300080F31188BFF34F8FBFF36F8FFEE700000E
:108140001C000020502A002070B50022102916D8EB
:1081500000250B4B11E000BF23F8125010F812401D
:1081600000EB4206240204F47F4423F812407678A0
:10817000344423F81240521CD2B28A42ECD370BD70
:108180009075002070B500220C2916D800250B4BE5
:1081900011E000BF23F8125010F8124000EB420625
:1081A000240204F47F4423F812407678344423F800
:1081B0001240521CD2B28A42ECD370BD50760020DD
:1081C00070B50022102921D970BD124B002400EB9C
:1081D000820543F8224010F82240240204F47F4430
:1081E00043F822406E7834440B4E06EA042443F8E8
:1081F0002240AE783444240224F0FF0443F82240A5
:10820000ED782C4443F82240521CD2B28A42DCD38F
:1082100070BD0000D074002000FFFF001CB537487F
:108220000168374A914207D1502080F31188BFF38B
:108230004F8FBFF36F8FFEE700683149491E8842B8
:1082400007D1502080F31188BFF34F8FBFF36F8F9A
:10825000FEE72C4908780190FF20087008788DF817
:1082600000009DF800009DF8002000F0F000904212
:1082700007D0502080F31188BFF34F8FBFF36F8F6B
:10828000FEE79DF80000204C00F050002070072011
:10829000A06005E09DF8002052008DF80020401EEF
:1082A0009DF800201206F5D4A060032807D05020C6
:1082B00080F31188BFF34F8FBFF36F8FFEE74FF44A
:1082C0004070A060019808700C482030016841F4AB
:1082D00070010160016841F070410160FFF790FE9C
:1082E00000206060F7F7E8FF0848016841F040416E
:1082F0000160F7F7CDFF00201CBD000000ED00E09D
:1083000071C20F4100E400E07800002034EF00E08B
:108310002DE9FF5F8346DDE90E87994616468A46BA
:108320009000FEF7DBF805001CD05420FEF7D6F8CD
:10833000040014D00020256384F85100CDE90240E8
:10834000CDE900874B46324651465846FEF730F895
:108350002046FDF755FF012004B0BDE8F09F2846F8
:10836000FFF71CFE4FF0FF30F6E7F0B585B0DDE912
:108370000B640A9DA6B1DCB1542700972663022640
:1083800084F85160002604AFCDE90246CDE90057DC
:10839000FEF70EF82046FDF733FF049805B0F0BD58
:1083A000502080F31188BFF34F8FBFF36F8FFEE72C
:1083B000502080F31188BFF34F8FBFF36F8FFEE71C
:1083C0002DE9F0412F4C0026206B28B1A069401CFC
:1083D000A0613046BDE8F081E5686D1CE56013D111
:1083E000606B006838B1502080F31188BFF34F8F65
:1083F000BFF36F8FFEE7606BA16B6163A063206AC0
:10840000401C2062FEF746F8A06ADFF87C808542B7
:1084100009D3606B0068A0B1606BC068C7687868FA
:10842000854211D2A0622068C06A00EB800158F832
:108430002100012800D90126E0690028C9D00126C1
:10844000C7E74FF0FF30EDE7381DFFF723FDB86AAF
:1084500018B107F11800FFF71DFDF96A0120226924
:1084600088401043206101EB810108EB8100391D38
:10847000FFF754FDF86A2168C96A8842C9D301260A
:10848000C7E700001C000020502A00202DE9F0471B
:108490002C4D00242746286B38B1FFF74BFD286B85
:1084A000401E2863286B40B146E0502080F31188BD
:1084B000BFF34F8FBFF36F8FFEE7A968224E0120F5
:1084C000D1B3A6F1B40980463068E8B1F068C46859
:1084D00004F11800FFF7DEFC201DFFF7DBFCE06A6B
:1084E0002A6908FA00F11143296100EB800109EBC8
:1084F0008100211DFFF712FDE06A2968C96A8842E0
:10850000E2D3C5F81C80DFE70CB1FDF7C3FFAC690F
:1085100044B14646FFF754FF00B1EE61641EF9D145
:108520000020A861E86938B10849012738070860C8
:10853000BFF34F8FBFF36F8FFFF71CFD3846BDE8C9
:10854000F08700001C000020042B002004ED00E058
:1085500021F00042A2F16052B2F5801F01F0004309
:1085600028BFD2F17F6C0BD95FEA001C43EAC2023C
:1085700042EB507018BF704728BF20F001007047D1
:10858000B2F5801FBCBF184670474FEA410C1CF57E
:10859000001F02D2084600F0B8B970B500F026F905
:1085A00000000089FFF7F6BF4FF00040A0F5800003
:1085B0007047491058BFC1F140415B1058BFC3F12B
:1085C00040438B42EFF30080704710F0004248BFF9
:1085D0004042B0FA80F310FA03F10AD0C3F11D0350
:1085E00003F580634FEA415002EB035202EBD121C5
:1085F00070474FF000007047B0FA80F310FA03F1B3
:108600000AD0C3F11D0303F580634FEA41504FEADE
:10861000035202EBD12170474FF000007047000079
:1086200051EA030C17D41CF5801F58BFBCF5801FFE
:1086300000F10680994218BF704708BF904270470A
:1086400007D711F5801F58BF13F5801F19D4994221
:108650007047894270471CF5801F08D5BCF5801F04
:10866000F7D58B4218BF704708BF824270474FF45E
:10867000001C1CEB410F38BF1CEB430F01D28B4297
:10868000704770B500F0B2F8922449004FF00051E5
:108690004FF08053FFF78DBFDFF848C170B51CEA7B
:1086A000111E1EBF1CEA13159EEA0C0F95EA0C0F53
:1086B00000F06F8081EA030423EA4C134EEAD47E73
:1086C00021EA4C1141F4801143F48013AE44A1FB24
:1086D000024CA0FB0365AEF17F7E361955EB0C050D
:1086E000A1FB034C4CF10003A0FB021C16EB0C0693
:1086F000654153F10003094218BF46F0010613F427
:10870000007F0BD14FEA03314FEA0530340341EAD1
:10871000155140EA16506FF003020AE04FEAC321F8
:108720004FEAC520F40241EA555140EA56506FF035
:10873000020202EB2E4201EB025585EACE710AD00D
:108740005FEA440C18BF24F0004450F1000041F1EE
:10875000000120EAD47040F2FE7C624500D270BD78
:10876000A84214BF4FF080444FF04044002E08BF91
:108770000024BEF1806FA8BFA1F1C041BDE87040E8
:1087800080F282804FF0000001F1C04101F0004111
:1087900070479EEA0C0F0CEA131518BF95EA0C0FF0
:1087A00006D04FF0000081EA030E0EF0004170BDCC
:1087B00000F01CF88900013E00F007B800F009B88D
:1087C0004FEA430C5FEA5C5C08D081EA030100F0E9
:1087D0005BB84FEA410C5FEA5C5CF6D14FF00000F9
:1087E000014970470000FF070000F87F0EF1020EFC
:1087F0002EF0030E5EF8046B364205D4012A43EBDB
:10880000030515F5001F12D8012841EB010C1CF5DA
:10881000001F0CD80ED14FEAD17C15F5001F0CEBD0
:108820004C0C0CF1020C08BF4CEBD37C04E04FF075
:10883000080C01E04FEAD37C0CEB4C0526FA05F658
:1088400006F00706B6F1040C06D20EEB860CBDE866
:1088500070404CF0010C6047DFE80CF0090B02029D
:108860004FF000414FF00000A1F5002170BD194606
:108870001046012851EB010418BFD4F5001484BF41
:10888000002001F0004170BD0808A0F500114FEA7A
:108890003101704753EA010C17D41CF5801F58BFF3
:1088A000BCF5801F00F106808B4218BF704708BFDF
:1088B0008242704707D713F5801F58BF11F5801FFC
:1088C00019D48B4270479B4270471CF5801F08D516
:1088D000BCF5801FF7D5994218BF704708BF90427A
:1088E00070474FF4001C1CEB430F38BF1CEB410FCB
:1088F00001D2994270470FB40CBC03BCFFF7C1BE54
:108900004FF04070E1EE100A7047FF2141EAD0506D
:10891000C0057047D48B0008453D000800000000EA
:1089200000000000800000000000000000000000C7
:10893000E08B00084D3D0008FDFF00000000000036
:1089400000040000000000000000000000061016F7
:1089500000061016000000000000000001020304E1
:1089600006070809000000000102030400C181405D
:1089700001C0804101C0804100C1814001C08041EF
:1089800000C1814000C1814001C0804101C08041DF
:1089900000C1814000C1814001C0804100C18140CF
:1089A00001C0804101C0804100C1814001C08041BF
:1089B00000C1814000C1814001C0804100C18140AF
:1089C00001C0804101C0804100C1814000C181409F
:1089D00001C0804101C0804100C1814001C080418F
:1089E00000C1814000C1814001C0804101C080417F
:1089F00000C1814000C1814001C0804100C181406F
:108A000001C0804101C0804100C1814000C181405E
:108A100001C0804101C0804100C1814001C080414E
:108A200000C1814000C1814001C0804100C181403E
:108A300001C0804101C0804100C1814001C080412E
:108A400000C1814000C1814001C0804101C080411E
:108A500000C1814000C1814001C0804100C181400E
:108A600001C0804101C0804100C1814000C0C101FE
:108A7000C30302C2C60607C705C5C404CC0C0DCD8E
:108A80000FCFCE0E0ACACB0BC90908C8D81819D9FE
:108A90001BDBDA1A1EDEDF1FDD1D1CDC14D4D5152E
:108AA000D71716D6D21213D311D1D010F03031F11E
:108AB00033F3F23236F6F737F53534F43CFCFD3D4E
:108AC000FF3F3EFEFA3A3BFB39F9F83828E8E9293E
:108AD000EB2B2AEAEE2E2FEF2DEDEC2CE42425E5EE
:108AE00027E7E62622E2E323E12120E0A06061A15E
:108AF00063A3A26266A6A767A56564A46CACAD6D0E
:108B0000AF6F6EAEAA6A6BAB69A9A86878B8B9797D
:108B1000BB7B7ABABE7E7FBF7DBDBC7CB47475B5AD
:108B200077B7B67672B2B373B17170B0509091519D
:108B30009353529296565797559594549C5C5D9DCD
:108B40005F9F9E5E5A9A9B5B9959589888484989BD
:108B50004B8B8A4A4E8E8F4F8D4D4C8C448485456D
:108B6000874746868242438341818040000000005F
:108B70003200000064000000C8000000F4010000A2
:108B8000E8030000D0070000B80B0000A00F0000B1
:108B900088130000236460EA015A350000100020A9
:108BA0000008008000400400080010002000400081
:108BB00000200100040000802000000401000200E9
:108BC00004000800100080000100020008001000EE
:108BD0000131006464656661756C745461736B0087
:108BE0006170705461736B314D7300000C8C000820
:108BF00000000020D01E0000C40100084C960008B0
:108C0000D01E0020286700002802000892000112F0
:108C1000010462100D00045E24F4000112AA010197
:108C20002A300006FF080B0020000101FF0101FFB0
:108C3000010162011ECD6A031006ACF7FF1FE804B4
:108C40005006107AFF1FAC08300820F4F01F5000C7
:108C5000F80443907510ADD403338813076E405069
:108C600004FE02F603A3A040301E646B04921E04AF
:108C70005E327F045F1A04F4030575002FB8186C88
:108C8000040C04FF010048740401FF015D1203EBB2
:108C9000FFFFCA0E4A580D07100B80360031003511
:108CA00000380034080A5031D02A14D00804FF02DA
:108CB0000088D001FF010967D00A1501D01C06D039
:108CC0000400200F64061006CC19002011782C0532
:108CD000441A00207C0A2C05A0070020300610064C
:108CE000C815002005A212D8080005230010024074
:108CF00004920804120C1052041C02150C04613872
:108D00005200047F0505680A021602D41D1D0B10CF
:108D100006414D00084704124904124D0C12450447
:108D2000124304033C010640023D02402C0624216C
:108D30000020A05E074C067B0020607B280B6E6441
:108D4000D80B00FF009011902190319041905190EC
:108D50006190719081909190A190B190C190D190CB
:108D6000E190F190019111912191319141915191B5
:108D70006191719181919191A191B191C191D191A3
:108D8000E191F1910192119221923192419251928D
:108D90006192719281929192A192B192C192D1927B
:108DA000E192F19201931193219331934193519365
:108DB0006193719381939193A193B193C193D19353
:108DC000E193F19301B011B0019411942194319485
:108DD000419451946194719481949194A194B1942B
:108DE000C194D194E194F194019511952195319517
:108DF000419551956195719581959195A195B19503
:108E0000C195D195E195F1950196119621963196EE
:108E1000419651966196719681969196A196B196DA
:108E2000C196D196E196F1960197119721973197C6
:108E3000419751976197719781979197A197B197B2
:108E4000C197D100FF0097E197F19701B111B101EE
:108E5000981198219831984198519861987198810A
:108E6000989198A198B198C198D198E198F19801FA
:108E700099119921993199419951996199719981E2
:108E8000999199A199B199C199D199E199F19901D2
:108E90009A119A219A319A419A519A619A719A81BA
:108EA0009A919AA19AB19AC19AD19AE19AF19A01AA
:108EB0009B119B219B319B419B519B619B719B8192
:108EC0009B919BA19BB19BC19BD19BE19BF19B0182
:108ED000B211B2019C119C219C319C419C519C611E
:108EE0009C719C819C919CA19CB19CC19CD19CE15A
:108EF0009CF19C01A011A021A031A041A051A06132
:108F0000A071A081A091A0A1A0B1A0C1A0D1A0E119
:108F1000A0F1A001A111A1019E119E219E319E41AF
:108F20009E519E619E719E819E919EA19EB19EC109
:108F30009ED19EE19EF19E019F119F219F319F41F5
:108F40009F519F612C1E9F719F819F919FA19FB1F7
:108F50009FC19FD19FE19FF19F01B311B33000B733
:108F6000007464270360070100300077010C8381DF
:108F700001188381011883D2021883D20230832220
:108F800004488322044810042E00C51822283C609F
:108F900006012E0085010C837F0118837F01188351
:108FA000D0021883D0023083210448832104181C86
:108FB000040F00282B0412227810040000960C43A2
:108FC0001F040C40075401280210F80C90040F00F5
:108FD0008C24928C24728C24830D0248838A02484C
:108FE00083480348830D0248838A02488348034824
:108FF000321490321C6C329B90410C324A903118E2
:10900000330114906124928C24728C2483120248C0
:1090100083940248833E03488312024883940248A3
:10902000833E03481C04A0008B460B100412000270
:109030006C6005A0004B010C83F1011883F101184D
:109040008342033083420330839304488393043084
:10905000100410007E04141E3E0161017E006101B7
:109060003E01B2027E00B2023E0103047E00030410
:109070003E011300E7B83A201860051300B9010C4F
:1090800092BB1892BB188363011883630118830B8A
:109090000248830B024892C51892C518836D03607D
:1090A000836D0360831504608315044892BD189294
:1090B000BD1810041300D2783A167860051300C367
:1090C000010C92BB1892BB188363011883630118CB
:1090D000830B0248830B024892C51892C518836D12
:1090E0000360836D0360831504608315044892BD9B
:1090F0001892BD1818042D003D48361AE812AF0C1E
:1091000052FF0C180459013D6C3A1A5490042D007A
:109110007E24927E24927E2492BF2492BF2472BF2A
:1091200048832B026C83AD026C8348036C832B0253
:109130006C83AD026C8348036C832B026C83AD029D
:109140006C8348036C0116D81004540144903A14FF
:10915000FC0116D89004540185240114D8700454DD
:1091600001C6480118D8816C0118D8816C0118D843
:10917000816C18063E00730094282D800360053E24
:109180000064010C92E61892E618838E0118838E13
:109190000118833602488336024892F11892F1187A
:1091A0008399036083990360834104608341044889
:1091B00092E91892E91810040B005F0410045001A2
:1091C000B30812B30810125B015F005B015001038A
:1091D000025F0003025001BD0812BD0810126503B2
:1091E0005F00650350010D045F000D045001B508D8
:1091F00012B508450041FA700419052C0CC118720B
:109200001E0C1E06C20A1EE410141C0AF80D0020D3
:10921000580E00200C2C101006040C0020B80C2056
:1092200005480F00202012241052D80C12441C4F65
:109230003810680A1264281E88100D2D5C10C3684F
:109240000C44928844212052A844210C92C8441214
:10925000E86C43941434D2EC44830C0D4421544301
:109260002C0D442160124CB04F4814F00A126C28A7
:1092700012A0442D7415227084115C1C0618110074
:1092800020120C0B229034110C43B0122012B42C7B
:109290001D5C11310C92D44412F46C3EACDC0D1CFC
:1092A00005000029482F111DEA054FF147371143EA
:1092B0001D4C10224518194013E54B0810060300F9
:1092C000005771081D6011124120ED98090D168894
:1092D00009ED8009ED70092D60091C045600600C31
:1092E000083E3CC4056005560049010C83DC0118AA
:1092F00083DC0118836203188362033083E804303F
:1093000083E804307C045600773C08116C7D3C08EF
:1093100083DC0118116C7D6C0883620318116C7179
:109320003083E80430116C7D54082C040E06617AF9
:10933000123D0C0812630C52FF0C12EA0C6DEC0487
:1093400090040E06A72492A72492A72492E82492C0
:10935000E82492E848832F016C832F016C832F014E
:109360006C0114906C05E5066700A404011690904A
:1093700004E506AD240114909004E506EE480114BE
:10938000906C05E5063501A4041E8CE6084D8C079B
:109390005C0600008C0006A4071D5A088202188390
:1093A0001202188398033083980318831E0548839C
:1093B0001E05308F3707E0031E1E52091C061E00D3
:1093C0000401A436091006A40104012A4C2C0D2A1C
:1093D000030401B0041400B004040100041EDC38CE
:1093E0000E1006601B0020A8041E09D20E12FC10ED
:1093F00012F0104F5C1C0004121C1C52C80C123CD2
:10940000184F1C1D0004125C0C4F101D00041006A8
:10941000001600204C044FAC16AC032210084C067A
:109420001700209C1720041228204F2C182C0412FF
:1094300038284398184412480C4F8C18D4038334AE
:109440001D882D440483541D882D54041274104F1C
:10945000B81D880483941D8812B49011E53168C347
:109460000C1E88C31C1E8812342052582C83441EA4
:109470008812540C12B8046D9D124F7357F4034FA9
:109480002557F4034FF555F4034FF754F40322190D
:10949000101D5D0F223B081D4505137D5308200557
:1094A0000700003D081DE504225D18154D229508B2
:1094B00020050A0000BD0820050B00006D401DEDD1
:1094C0000422B32820050D000091604C060E000018
:1094D0004F576C044FA15D7C0452AD784F555D6CC5
:1094E000044F095D6C04432F5D7843715C78437BC6
:1094F0005D7843E35C7843975C7843BD5C78431DBB
:10950000587843156D78438D7178433571783DC433
:10951000041D45102241301D180F43C55D886E5053
:1095200064100E8107F80E1D14052D10076DFC0444
:109530009EB314058392021883920218837904184B
:109540009E79FC049EB3FC049EB3FC048392021833
:10955000839202189E79E404BE79E4049E7030047C
:109560009E70C0049E70C0049EC930049EC9C00491
:109570009EC9C0049E2330049E23C0047E23C004E1
:109580000215136C7C04E506769C040215136C909E
:1095900004E506D12401146C7C04E5062B9C049E92
:1095A000EB9C049EEB9C049ED09C049ED09C042DBE
:1095B0004804810CAD84047E237C08127D541E7DFA
:1095C00084041E62E00410066202040142341E425A
:1095D0007C040D8248101EF839044F7464580660EC
:1095E00005F8000E010C83DF02187004DB020C1872
:1095F0001EBC6C0E810C8118A1F0FD8C10EC189D26
:10960000119D219D319D419D519D619D719D819D2A
:10961000919DA19DB19D70100D12601083980070F6
:1096200083980070831C0218921CA083A203A0835D
:10963000A203A083280548A32805B88D0C0A6D7CD9
:0C9640001A000500840300000000000078
:040000050800018965
:00000001FF
