:020000040800F2
:100000004884002031030008D13A0008EF2D000891
:10001000413600087D0F000875410008000000000F
:100020000000000000000000000000007102000855
:100030008510000800000000CD020008253B0008E4
:100040004B0300084B0300084B0300084B03000858
:100050004B0300084B0300084B0300084B03000848
:100060004B0300084B0300084B0300084B03000838
:10007000810F00084B0300088D0F00084B03000898
:10008000990F0008A50F00084B0300084B03000858
:100090004B0300084B0300084B0300084B03000808
:1000A0004B0300084B0300084B0300084B030008F8
:1000B0004B0300084B0300084B0300084B030008E8
:1000C0004B0300084B0300084B0300084B030008D8
:1000D0004B03000821410008394100085141000844
:1000E0004B0300084B0300084B0300084B030008B8
:1000F0004B0300084B0300084B0300084B030008A8
:100100004B0300084B0300084B0300084B03000897
:100110004B0300084B030008F93B00084B030008A1
:100120004B030008B10F0008BD0F00084B03000887
:100130004B0300084B0300084B0300084B03000867
:100140004B0300084B0300084B0300084B03000857
:100150004B030008C90F0008D50F000869410008CB
:100160004B0300084B0300084B0300084B03000837
:100170004B0300084B0300084B030008000000007D
:100180004B0300084B03000800F002F800F060F891
:100190000AA090E8000C82448344AAF10107DA45E2
:1001A00001D100F055F8AFF2090EBAE80F0013F0D4
:1001B000010F18BFFB1A43F001031847988600008F
:1001C000B886000010F8013B0A4413F0030408BF8E
:1001D00010F8014B1D1108BF10F8015B641E05D01B
:1001E00010F8016B641E01F8016BF9D1002D15D0D8
:1001F00010F8014B03F00C030C2BA1EB04040ABF15
:1002000010F8013BA4EB8314A4EB032405F10103D4
:1002100014F8016B5B1E01F8016BF9D5914238BFF0
:1002200010F8013BD1D3704700230024002500269D
:10023000103A28BF78C1FBD8520728BF30C148BF49
:100240000B6070471FB508F08FF91FBD10B510BDCA
:1002500000F0A6F91146FFF7F5FF05F0A7FD00F045
:10026000C4F903B4FFF7F2FF03BC00F0CBF90000C0
:100270002C4B19680868B0E8F04F80F30988BFF389
:100280006F8F4FF0000080F311887047000000006E
:1002900008480068006880F308884FF0000080F389
:1002A000148862B661B6BFF34F8FBFF36F8F00DF64
:1002B00000BF00BF08ED00E0DFF80C00016841F46A
:1002C00070010160704700BF88ED00E0EFF3098026
:1002D000BFF36F8F134B1A681EF0100F08BF20ED8D
:1002E000108A20E9F04F106009B44FF0500080F3FD
:1002F0001188BFF34F8FBFF36F8F07F02BFD4FF0C7
:10030000000080F3118809BC19680868B0E8F04F54
:100310001EF0100F08BFB0EC108A80F30988BFF3FD
:100320006F8F70471C000020EFF3058070470000BE
:100330000948804709480047FEE7FEE7FEE7FEE779
:10034000FEE7FEE7FEE7FEE7FEE7FEE704480549B5
:10035000054A064B70470000E93B00088901000888
:10036000487C0020488400204880002048800020ED
:1003700053EA020C00F069802DE9F04B4FF00006C3
:10038000002B1FBFB3FA83F503FA05F424FA05F630
:100390005E4012BF1643B2FA82F502FA05F4C5F1C7
:1003A00020051EBF22FA05FC44EA0C04203556EA5B
:1003B000044C4FEA144418BF641C4FF000084FF07F
:1003C0000009904271EB030C39D3002919BFB1FA2F
:1003D00081F701FA07F6B0FA80F700FA07F6C7F1DD
:1003E00020071EBF20FA07FC46EA0C062037B6FBA2
:1003F000F4FCA7EB0507103F07F01F0BCBF120061D
:100400000CFA0BFB2CFA06F644BFB3460026202F4D
:10041000A4BF5E464FF0000B5BEA060C08BF4FF02E
:10042000010B19EB0B09ABFB027C48EB0608C01B68
:1004300006FB02CC0BFB03CC71EB0C01C1E70B46B6
:10044000024641464846BDE8F08B13B54FF0000028
:100450004FF00001AFF30080BDE81C407047032A55
:1004600040F2308010F0030C00F0158011F8013BD1
:10047000BCF1020F624498BF11F801CB00F8013BB8
:1004800038BF11F8013BA2F1040298BF00F801CB7C
:1004900038BF00F8013B11F0030300F02580083A53
:1004A000C0F0088051F8043B083A51F804CBA0E8AA
:1004B0000810F5E7121D5CBF51F8043B40F8043BFF
:1004C000AFF30080D20724BF11F8013B11F801CB34
:1004D00048BF11F8012B24BF00F8013B00F801CB05
:1004E00048BF00F8012B704710B5203AC0F00B80D0
:1004F000B1E81850203AA0E81850B1E81850A0E828
:100500001850BFF4F5AF5FEA027C24BFB1E8185081
:10051000A0E8185044BF18C918C0BDE810405FEAF1
:10052000827C24BF51F8043B40F8043B08BF70476D
:10053000D20728BF31F8023B48BF11F8012B28BF72
:1005400020F8023B48BF00F8012B70474FF0000233
:1005500000B5134694469646203922BFA0E80C50B9
:10056000A0E80C50B1F12001BFF4F7AF090728BF94
:10057000A0E80C5048BF0CC05DF804EB890028BF10
:1005800040F8042B08BF704748BF20F8022B11F039
:10059000804F18BF00F8012B7047704770477047B5
:1005A000754600F02BF8AE4605006946534620F02C
:1005B0000700854618B020B5FFF7C8FEBDE820400B
:1005C0004FF000064FF000074FF000084FF0000B0F
:1005D00021F00701AC46ACE8C009ACE8C009ACE8C2
:1005E000C009ACE8C0098D46704710B50446AFF3AA
:1005F00000802046BDE81040FFF733BE004870473A
:10060000E47B002001491820ABBEFEE72600020073
:10061000704700002DE9F04F00242DED048B83B0CE
:100620000F46D0E908ABD0F82890D0F81080866942
:10063000BF48D0ED038A90ED0A8AC06C012805D12D
:10064000B2EE040A68EE808A28EE008A102F7CD968
:1006500003B0BDEC048BBDE8F08F3AF914300020F4
:10066000DDB2BD4245D258F8242058F82510F1EEED
:10067000680AA2EB010C00EE10CAB8EEC00AB4EE94
:10068000E00AF1EE10FA34DB00EE10CAB8EEC00A50
:10069000B4EEE80AF1EE10FA2BD800EE102AF8EECC
:1006A000C00AB1EE480AF4EEC00AF1EE10FA08DD15
:1006B00000EE902AF8EEE00AF4EEC80AF1EE10FA25
:1006C00017D300EE901AF8EEE00AF4EEC00AF1EE4D
:1006D00010FA08DD00EE101AB8EEC00AB4EEC80A2F
:1006E000F1EE10FA05D336F9141036F915209142BF
:1006F00000D0012036F8141041B358F8242058F8DF
:100700002510A2EB010C00EE10CAF8EEC00AB1EE03
:10071000680AF4EEC00AF1EE10FA32DB00EE10CAFD
:10072000B8EEC00AB4EEE80AF1EE10FA29D800EEED
:10073000102AF8EEC00AB1EE480AF4EEC00AF1EE53
:1007400010FA0BDD00EE902A01E046E018E0F8EE2A
:10075000E00AF4EEC80AF1EE10FA12D300EE901A95
:10076000F8EEE00AF4EEC00AF1EE10FA08DD00EE51
:10077000101AB8EEC00AB4EEC80AF1EE10FA00D3AF
:1007800048B3FF2B02D0FF202AF81400102D06D208
:100790003AF91500FF2802D0FF202AF8150036F993
:1007A000140048B1C0B205F06FFF0021204602F0EE
:1007B00031FD002026F81400102D0CD236F915005A
:1007C00048B1C0B205F060FF0021284602F022FDCA
:1007D000002026F81500641CE4B2BC42FFF43DAFD3
:1007E00000242046B1EE489A25E000BF36F81010EC
:1007F000F9B958F8201000EE101AB8EEC00AB4EE9D
:10080000C90AF1EE10FA08D300EE101AB8EEC00AC9
:10081000B4EEC80AF1EE10FA0BDD00EE101A0BEB85
:100820008401B8EEC00A81ED000A29F81400641CA6
:10083000E4B2401CC0B2B842D8D32246494658461A
:1008400000F04EFB0025641E6EE000BF09EB450082
:1008500019F815B080780090BB4563D20098B84273
:1008600060D258F82B1000EE101AB8EEC00AB4EEA1
:10087000C90AF1EE10FA08D300EE101AB8EEC00A59
:10088000B4EEC80AF1EE10FA4CDD009A58F82200D6
:1008900000EE100AB8EEC00AB4EEC90AF1EE10FA82
:1008A00008D300EE100AB8EEC00AB4EEC80AF1EEA2
:1008B00010FA37DD081A00EE100AF1EE680AB8EEF9
:1008C000C00AB4EEE00AF1EE10FA2BDB00EE100ADB
:1008D000B8EEC00AB4EEE80AF1EE10FA22D804F03D
:1008E000ABF8019026F81B00DDE9000126F8101096
:1008F00000982AF81B0000982AF810B0019838B127
:100900000098401CC1B20BF10100C0B206F020FDFE
:100910005846019902F07EFCDDE9000102F07AFC04
:100920006D1CEDB26D1CEDB2A5428FDB90E60000B0
:1009300048040020F8B5044600790026FE2520B1C1
:1009400001280FD0FE281AD1F8BD204600F01AF871
:100950000128657002D025716671F8BD01202071F3
:100960006571F8BD009610234FF444512046A269EA
:1009700006F088FFD4E90601102200F079F86570CE
:100980002671EDE770B53649364A04460B690020FA
:1009900002F5347123B1012B19D0022B31D13EE085
:1009A000A24204D108212046FFF734FE0DE0A14207
:1009B0000BD12C490020A3698A6932F8102023F852
:1009C0001020401C80B21028F5D3082215E0A24266
:1009D00004D110212046FFF71DFE3EE0A1423CD18C
:1009E00020490020A3698A6932F8102023F81020DA
:1009F000401C80B21028F5D32FE0D4E9060100F0A6
:100A00008BF91949D4F898324A680D68B3FBF2F4AF
:100A1000AC4203D0B3FBF2F00860012070BDA242EB
:100A20000DD1124E002500BF06EB4500017CE8B257
:100A300002F0F0FB6D1CADB2082DF5D30DE0A14224
:100A40000BD108490020A3698A6932F8102023F8E5
:100A50001020401C80B21028F5D31022CDE70000F2
:100A600048040020D4040020D81A002080750020FB
:100A700010B5002306E000BF30F8134021F8134002
:100A80005B1C9BB29342F7D310BD000010B500234E
:100A900006E000BF50F8234041F823405B1C9BB2A6
:100AA0009342F7D310BD00002DE9F84F00220092C9
:100AB000D0E90954A2460024C66A036AC2682046E7
:100AC00014E000BF33F91070FF2F0DD152F82070E1
:100AD00000EE107A05EB8407B8EEC00A87ED000A35
:100AE0002AF81400641CE4B2401CC0B28842E9D366
:100AF000012C04D922465146284600F0F1F9DFF8CE
:100B000014B1002047F6FF7CFF276346B946002159
:100B100046E000BF05EB81029BED0A0AD2ED000A18
:100B2000F4EEC00AF1EE10FA06DAB1EE401AF4EE75
:100B3000C10AF1EE10FA31D84A1CD2B2B1EE401A15
:100B400010E000BF05EB8208D8ED001AF4EEC01AE1
:100B5000F1EE10FA08DAF4EEC11AF1EE10FA03D948
:100B6000521CD2B2A242EDD3A14217D2A24215D258
:100B700005EB820898ED000A70EE600A00EE103A6C
:100B8000B8EEC00AF4EEC00AF1EE10FA06D2BDEEDD
:100B9000E00A91460F4610EE103A1BB2491CC9B24A
:100BA000A142B7D363452ED0FF2F2CD0B9F1FF0F50
:100BB00029D004280FD23AF8192000EB4001521C2A
:100BC00026F811203AF8172006EB4101521C4A8002
:100BD000401C8B80C0B29FED100A05EB89010428F0
:100BE00081ED000A05EB870181ED000A8CD30DE051
:100BF00000EB4002401C26F8121006EB4202C0B285
:100C00005180918000E000210428F1D30098BDE8D4
:100C1000F88F00004804002000000000F8B50446EA
:100C20004079FE25002620B1012810D0FE281DD1D4
:100C3000F8BD204600F01EF8012803D0667025712B
:100C40006571F8BD6570257101206071F8BD009671
:100C50000C2341F201212046E26A06F013FE01282E
:100C6000F4D1D4E90B010C22FFF702FF6570257166
:100C70006671F8BD10B5044625482649026901F59C
:100C8000347022B1012A15D0022A39D128E0A142BC
:100C900001D1082111E0A04232D11E490020E36AAF
:100CA000CA6A32F8102023F81020401C80B20C28A9
:100CB000F5D325E0A14204D110212046FFF7F4FE30
:100CC0001EE0A0421CD113490020E36ACA6A32F830
:100CD000102023F81020401C80B20C28F5D30FE020
:100CE000A1420DD0A0420BD10A490020E36ACA6A92
:100CF00032F8102023F81020401C80B20C28F5D3C5
:100D0000D4E90B01BDE810400C2200F005B800004A
:100D100048040020D404002070B504460020034697
:100D200009E000BF34F9135031F91360B54200D027
:100D300001205B1C9BB29342F4D370BD70B5044696
:100D40000020034609E000BF54F8235051F8236007
:100D5000B54200D001205B1C9BB29342F4D370BD1E
:100D6000F8B5044640780026FE2520B1012816D0AB
:100D7000FE282BD121E0204600F02AF8012809D0D6
:100D80006088401C80B26080FA2807D36680657056
:100D9000267102E00120607025716571F8BD009632
:100DA00020234FF440512046626906F06BFDD4E9E0
:100DB00003011022FFF76AFE07E0608841F28831E4
:100DC000401C80B260808842E8D366806670E3E7AA
:100DD00070B504464048414A0023056902F5347065
:100DE000022125B1012D25D0022D4AD14BE0A2428E
:100DF00004D16169E06805F06BFE19E0A04217D1EB
:100E0000364A0020E568D36853F8203045F8203092
:100E10005369656933F8203025F8203001EB8003F1
:100E200055696669401CED5A80B2F5520828E9D32D
:100E3000082221E0A24204D16169E06805F048FE81
:100E400028E0A04246D1254A0020E568D36853F83F
:100E5000203045F820305369656933F8203025F893
:100E6000203001EB800355696669401CED5A80B261
:100E7000F5521028E9D32DE0D4E90301FFF75EFF16
:100E80000346184670BDA2420AD101226169E0689A
:100E900005F0CEFF02226169E06805F0C9FF19E0A4
:100EA000A04217D10D4A0020E568D36853F82030DE
:100EB00045F820305369656933F8203025F8203033
:100EC00001EB800355696669401CED5A80B2F5520A
:100ED0001028E9D31022CFE748040020D4040020D2
:100EE000F0B5002426E000260123171B1CE000BFFC
:100EF00000EB8305D5ED000A15ED010AF4EEC00AFA
:100F0000F1EE10FA0ED245ED010A85ED000A01EB73
:100F1000430631F813C036F8025C26F802CC21F8FB
:100F2000135001265B1CDBB29F42E1DC002E03D094
:100F3000641CE4B29442D6D3F0BD0000F0B50023A7
:100F400019E000250122CE1A0FE000BF00EB820756
:100F500050F822C057F8044CA44504DA47F804CCF2
:100F600040F822400125521CD2B29642EEDC002D00
:100F700003D05B1CDBB28B42E3D3F0BDFEE7000085
:100F8000014800F015B9000080280020014800F059
:100F90000FB90000E0280020014800F009B9000066
:100FA000C0270020014800F003B9000020280020DD
:100FB000014800F0FDB8000040290020014800F081
:100FC000F7B8000000270020014800F0F1B8000049
:100FD000A0290020014800F0EBB8000060270020A5
:100FE00001681823CAB2103AB2FBF3F2054B6FF353
:100FF0000901032A9B5CC36500D9091D8165084668
:1010000070470000B485000810B5014600208B69C8
:101010008A6A4FF0C07453B1B3F5005F15D072B156
:10102000012A0CD0022A0AD0032A09D104E01AB1FD
:10103000012A06D0022A03D1C96AC90100D50120BC
:1010400010BDC96AA142FAD010BD002AF7D0012A0A
:10105000F2D0022AF3D0032AF3D010BD30B50468D1
:10106000256825F480252560046863608368402B2B
:10107000036803D099600068C26030BD9A60006860
:10108000C16030BD704772B6FEE700009FED160AE2
:10109000164A082921D200281FD003281DD202EBAE
:1010A000401000EB810090EDBB0A1148016D71B159
:1010B0000268A2F5DA436C3B09D1DFED0E0A60EE5F
:1010C000200A00EE101AB8EEC01A80EE810AC06C39
:1010D00020B1F2EE040A20EE200A7047F6EE000A74
:1010E00030EE200A7047000000000000AC00002035
:1010F0004804002000007A442DE9F0410446876D41
:1011000000F0D2FA064694F835000025022806D0F1
:101110008020606584F834500120BDE8F0812068AB
:10112000016821F0160101602068416921F0800109
:101130004161206C08B9A06C20B12068016821F0E1
:10114000080101602068016821F0010101600CE0E4
:1011500000F0AAFA801B052807D92020606503202B
:1011600084F8350084F83450D7E720680068C00759
:10117000EED194F85C103F208840B860012084F8DC
:10118000350084F834500020C7E790F83510022964
:1011900003D08021416501207047052180F835107A
:1011A0000068016821F00101016000207047000023
:1011B0002DE9F84304464FF00009CDF8009063484C
:1011C0004FF41651A56D0068B0FBF1F72E6894F846
:1011D0005C10082000FA01F131420FD021680A6842
:1011E00052070BD50A6822F004020A6094F85C10DA
:1011F0008840A860606D40F00100606594F85C1064
:101200004FF0010808FA01F0304208D0216849691E
:10121000090604D5A860606D40F00200606594F88E
:101220005C1004208840304208D021680968890792
:1012300004D5A860606D40F00400606594F85C100F
:1012400010208840304218D021680968090714D559
:10125000A86020680168490304D50068000308D528
:10126000A16C07E00168C90503D4016821F00801F9
:101270000160216C09B12046884794F85C10202059
:101280008840304231D021680968C9062DD5A86050
:1012900094F8350005282068016806D0490347D531
:1012A000006800031DD4616C1CE021F01601016090
:1012B0002068416921F080014161206C08B9A06C6F
:1012C00020B12068016821F00801016094F85C10E9
:1012D0003F208840A86084F8358084F83490216DE0
:1012E0001FE0E16B09B120468847606D00282BD0D4
:1012F000606DC00714D0052084F8350020680168AF
:1013000021F0010101600098401C0090B84203D810
:1013100020680068C007F6D184F8358084F83490DE
:10132000E16C002910D001B02046BDE8F043084729
:101330000168C905D5D4016821F01001016084F865
:10134000358084F83490CCE7BDE8F883180000209D
:101350002DE9F041044600F0A7F906465CB10220F1
:1013600084F83500002584F834502068016821F0A5
:10137000010101600DE00120BDE8F08100F094F969
:10138000801B052805D920206065032084F83500DE
:10139000F2E720680068C007F0D122681168204891
:1013A0000140D4E901031843D4E903363343184319
:1013B00063691843A3691843E3691843236A184310
:1013C0000843616A042903D1D4E90B131943084384
:1013D000106020684069666A20F0070130460E43BD
:1013E000012704280CD1A06A0643E06A40B12046D8
:1013F000FFF70AFE20B14020606584F83570BAE737
:10140000206846612046FFF7EBFD94F85C203F2101
:1014100091408160656584F835700020ACE700007C
:101420003F8010F02DE9F0410446866D90F83400BD
:10143000002501280DD0012084F8340094F835707F
:101440000020012F07D084F8340002252846BDE88B
:10145000F0810220FBE7022784F8357060652046A2
:10146000FFF7FCFD94F85C103F208840B0602068D6
:10147000016841F016010160206C20B1206801680C
:1014800041F0080101602068016841F0010101603C
:10149000DCE700002DE9F84FDFF8BCA100220125B0
:1014A00003264FF00F090AF1040BAAF1040E00BF46
:1014B0000B6805FA02F42340A34270D10F7907F0BC
:1014C0000307012F01D0022F16D187684FEA420887
:1014D00006FA08FC27EA0C07D1F80CC00CFA08FC45
:1014E0004CEA070CC0F808C04768A7430C79C4F35E
:1014F000001494403C4344600C79E443A4070AD0B0
:10150000C4684FEA420C06FA0CF7BC438F6807FA2E
:101510000CF72743C7600C7904F00304022C12D1A6
:10152000D40800EB840CDCF820405707FF0E09FAC2
:1015300007F824EA0804D1F8108008FA07F848EA06
:101540000408CCF8208004684FEA420C06FA0CF735
:10155000BC430F7907F0030707FA0CF7274307602E
:101560004C6814F4403F70D03C4C276847F48047E7
:101570002760246822F0030704F480440094384C68
:1015800007EB040CDCF8084897074FEA177809FACC
:1015900008F7BC43334FB84202D1002724E054E09F
:1015A000314FB84201D101271EE0304FB84201D17E
:1015B000022719E02E4FB84201D1032714E02D4F26
:1015C000B84201D104270FE02B4FB84201D10527C3
:1015D0000AE02A4FB84201D1062705E0284FB84259
:1015E00001D1072700E0082707FA08F72743CCF8BE
:1015F0000878DAF800405746D1F804C09C435FEA07
:10160000CC2C00D51C433C60DBF800405F46D1F891
:1016100004C09C435FEA8C2C00D51C433C60DEF880
:1016200000407746D1F804C09C435FEA8C3C00D56B
:101630001C433C60084F083F3C68D1F804C09C4301
:101640005FEACC3C00D51C433C60521C102AFFF4DE
:101650002FAFBDE8F88F0000083C0140443802403D
:101660000030014000000240000402400008024037
:10167000000C02400010024000140240001802401A
:10168000001C02400069084000D0012070474269F8
:1016900021EA02030A4043EA0241816170470AB12C
:1016A000816170470904FBE70148806870470000CA
:1016B0000C00002070B5040025D094F83D000025F2
:1016C00020B984F83C50204600F04CFA242084F8DD
:1016D0003D002068016821F0010101602068016877
:1016E00041F4004101602068016821F4004101607B
:1016F00000F004FC4D4A6168914201D84C4900E079
:101700004C49884201D2012070BD4B492368B0FB8F
:10171000F1F15E6826F03F060E435E606368934217
:1017200006D94FF4967359434FF47A73B1FBF3F132
:101730002368491C1E6A26F03F063143196261681E
:10174000914210D84900401EB0FBF1F2521CC2F386
:101750000B02042A01D2042022E0B0FBF1F0401C6D
:10176000C0F30B001CE0A268F2B301EBC10303EB72
:101770000116431EB3FBF6F35B1C43F480431B05C9
:1017800049D092B301EBC10202EB0111401EB0FB44
:10179000F1F0401CC0F30B0040F4804040F40040E6
:1017A0002168CA694CF6FF739A431043C861D4E9B3
:1017B000071001432068026822F0C0021143016053
:1017C000D4E9030101432068826848F2FF339A4359
:1017D00011438160D4E9050108432168CA6822F0F9
:1017E000FF021043C86001E00EE016E020680168C7
:1017F00041F0010101602564202084F83D0025634B
:1018000084F83E50002070BD01EB4106431EB3FB3F
:10181000F6F35B1CB3E70120C2E701EB4101401E78
:10182000B0FBF1F0401CC0F30B00B7E7A08601004D
:1018300080841E0000093D0040420F002DE9FF4F4B
:1018400083B09A46DDE9119793460446DDF840805F
:10185000FFF72AFF054694F83D00202870D1192390
:10186000012271492046009501F0D2FB0028F5D1F4
:1018700094F83C00012863D0012084F83C002068E3
:101880000168C90703D1016841F0010101602068C6
:10189000016821F400610160222084F83D004020AD
:1018A00084F83E0000262664C4F82480A4F82A9018
:1018B000608D20855D48E062CDE9007553465A464B
:1018C0002046049901F0ACFA00287CD1208DD0B1DB
:1018D000012821D00228206824D041698069009025
:1018E000208D032869D801282BD0514902283B4676
:1018F0004FF00002009559D08846204601F088FB41
:10190000002860D13CE0206841698169009101684C
:1019100041F40071016077E02068016821F4806182
:101920000160F0E7016821F48061016020680168CE
:1019300041F400610160206841698069009063E0C2
:101940006FE02A463946204601F0E1FB98BB20684B
:101950000069616A08704EE02068016841F4007116
:10196000016020680069616A0870606A401C6062FA
:10197000218D491E2185618D491E6185216838E0D0
:101980002068016821F48061016020680069616A53
:101990000870606A401C6062208D401E2085608D4A
:1019A000401E60853B46002241460095204601F0DE
:1019B0002FFB00B9D0E706E0FFE72A46394620466C
:1019C00001F0A5FB18B1012007B0BDE8F08F206839
:1019D0000069616A0870606A401C6062218D491E5E
:1019E0002185618D491E618521684A69D24352076C
:1019F0000AD409690170606A401C6062208D401E33
:101A00002085608D401E6085208D00287FF468AFA2
:101A1000202084F83D0084F83E6084F83C6000207B
:101A2000D2E70220D0E70000020010000000FFFF14
:101A3000040001002DE9FF4F83B09A46DDE91197BC
:101A400093460446DDF84080FFF72EFE054694F8E5
:101A50003D0020287FD119230122404920460095CE
:101A600001F0D6FA002876D194F83C00012872D013
:101A7000012084F83C0020680168C90703D101688F
:101A800041F0010101602068016821F400610160FA
:101A9000212084F83D00402084F83E000026266482
:101AA000C4F82480A4F82A90608D20852C48E06238
:101AB000CDE9007553465A462046049901F02EFAA6
:101AC00070B930E02A463946204601F053FB58B140
:101AD000206C042804D12068016841F40071016081
:101AE000012007B0BDE8F08F606A216800780861C6
:101AF000606A401C6062218D491E89B22185628D19
:101B0000521E628522685369DB435B070BD469B1BF
:101B100000781061606A401C6062208D401E208544
:101B2000608D401E6085208D0028CBD12A46394625
:101B3000204601F047FA0028CAD154F83D0B01684D
:101B400041F400710160202004F81E09E6776677F1
:101B50000020C6E7FFE70220C3E7000002001000F4
:101B60000000FFFF10B586B0044614216846FEF75A
:101B7000EDFC14492068884221D1134800210268F5
:101B800042F002020260006800F0020005904FF48B
:101B9000407000901220CDE9010103200390042041
:101BA000049069460948FFF775FC07481030016842
:101BB00041F400110160006800F40010059006B0C7
:101BC00010BD0000005400403038024000040240C4
:101BD0000248816802781144816070470C0000203F
:101BE0000B4810B5016841F400710160016841F4CF
:101BF00080610160016841F480710160032000F0A0
:101C00009FF80F2000F006F800F050F8002010BDFB
:101C1000003C024030B505461F4887B000240168EB
:101C200041F010010160006806A900F0100000906A
:101C300001A800F043F90498A8B100F05FF9400052
:101C40001649174AB0FBF1F11648491E026040F2EE
:101C5000E732C0E90324C0E90114846100F0A0FB6D
:101C6000040003D015E000F049F9E9E70D4800F061
:101C7000D9FB04000DD1362000F034F8102D07D226
:101C800000222946362000F03BF80748056000E0B6
:101C9000012407B0204630BD4038024040420F00CA
:101CA00000100040002A0020100000200C4882B0E4
:101CB000016841F480410160006800F480400090B8
:101CC0000748001F016841F0805101600068002250
:101CD00000F0805000900F21901E02B000F010B86C
:101CE00044380240002809DB00F01F020121914026
:101CF0004009800000F1E020C0F8001170470000AA
:101D0000F0B40E4B1B680C46C3F30223C3F1070566
:101D1000042D00D90425191D072901D2002300E054
:101D2000DB1E012606FA05F1491E214099409E401E
:101D3000761E16403143F0BC02F0A2BA0CED00E072
:101D4000064900F0070208684FF6FF03184040EA12
:101D50000220034A10430860704700000CED00E0C9
:101D60000000FA05BFF34F8F05480168054A01F4EA
:101D7000E06111430160BFF34F8F00BFFDE700003A
:101D80000CED00E00400FA052DE9F0470E460500D1
:101D900065D0DFF81481D8F80000F7B200F0070032
:101DA000B04207D288F80070D8F8000000F00700B1
:101DB000B04254D128683D4C810712D5400703D565
:101DC000206840F4E05020602878000703D52068A0
:101DD00040F4604020602068A96820F0F0000843CB
:101DE00020602878C0072DD030496868083901285C
:101DF00012D0022813D0032811D0096889070029BE
:101E00002DDA216821F0030101432160FFF74CFC2A
:101E1000814641F2883A0EE009688903EFE70968D4
:101E20008901ECE7FFF740FCA0EB0901514502D91D
:101E30000320BDE8F0872068696800F00C00B0EB73
:101E4000810FEFD1D8F80010404601F00701B142F0
:101E500007D90770006800F00700B04201D00120E8
:101E6000E7E72878400705D52068E96820F4E050C6
:101E7000084320602878000706D52068296920F4E7
:101E8000604040EAC100206000F058F82168084A2C
:101E9000C1F30311515CC840064908600648006858
:101EA000FFF7B8FE0020C4E7003C024008380240BB
:101EB000BC85000818000020100000200F220260DE
:101EC0000C4A136803F003034360136803F0F00344
:101ED0008360136803F4E053C36012684FF4E05367
:101EE00003EAD20202610448006800F007000860BB
:101EF0007047000008380240003C02400448054991
:101F000000680968044AC1F38221515CC8407047E7
:101F10001800002008380240CC8500080448054914
:101F200000680968044AC1F34231515CC8407047F7
:101F30001800002008380240CC850008154810B56C
:101F4000006810F00C02144813D01449042A0FD072
:101F5000082A0ED10F4C241F2268236802F03F028A
:101F60005B0207D52068C0F38810A0FB010106E0E2
:101F7000084610BD2168C1F38811A1FB00010023B0
:101F8000FEF7F6F92168C1F30141491C4900B0FB95
:101F9000F1F010BD083802400024F40040787D01C3
:101FA0002DE9F84F04006ED02078DFF84C93C0077D
:101FB000A9F104054AD009F104000168C1F38101C7
:101FC000012908D00068C0F3810002280AD1D9F89D
:101FD0000000400206D52868800337D560680028D5
:101FE000E1D033E06068B0F5803F10D0B0F5A02FAD
:101FF000286810D020F480302860286820F48020E1
:1020000028606068A8B1FFF74FFB06460DE028681E
:1020100040F48030F4E740F480202860F7E700BF08
:10202000FFF742FB801B642873D828688003F7D52C
:102030000CE0FFF739FB064605E000BFFFF734FB75
:10204000801B6428F0D828688003F7D42078DFF854
:10205000AC8280074FF0000A3ED5A748001D0168FA
:1020600011F00C0F08D00068C0F3810002280BD1DA
:10207000D9F80000400207D42868800716D5E06828
:10208000012800D112E033E1E068B8B10120C8F8BE
:102090000000FFF709FB064605E000BFFFF704FB61
:1020A000801B0228C0D828688007F7D528682169D6
:1020B00020F0F80040EAC10028600DE0C8F800A058
:1020C000FFF7F2FA064604E0FFF7EEFA801B02285B
:1020D0001FD828688007F7D42078000722D5864FBC
:1020E00087486169703771B101210160FFF7DCFA3F
:1020F000064604E0FFF7D8FA801B022809D83868A2
:102100008007F7D50EE0C0F800A0FFF7CDFA06462D
:1021100005E082E0FFF7C8FA801B02287DD8386806
:102120008007F7D42078400768D5DFF8CCB10027C6
:102130000BF13C0BDBF80000C0000BD4DBF8001007
:1021400041F08051CBF80010DBF80000012700F0CF
:10215000805000906B4E3068C00510D4306840F459
:1021600080703060FFF7A0FA009005E0FFF79CFA5E
:102170000099401A022850D83068C005F6D55E4E46
:10218000A0686C3601280FD00528306810D020F0E8
:1021900001003060306820F004003060A068B8B101
:1021A000FFF782FA00900FE0306840F00100F4E79A
:1021B00040F004003060F7E7FFF776FA0099411A23
:1021C00041F28830814266D830688007F4D50EE04D
:1021D000FFF76AFA009007E0FFF766FA0099411AE4
:1021E00041F28830814256D830688007F4D42FB14C
:1021F000DBF8001021F08051CBF80010A069C8B3C3
:102200003D49091D0968C1F3810102294AD002280C
:10221000504607D0C8F8600000E03CE0FFF744FA01
:1022200004463BE04746C8F86000FFF73DFA064623
:1022300005E000BFFFF738FA801B02282BD828687A
:102240008001F7D4D4E907010843A16A2E4A49085E
:1022500002EB0141626A41EA8211084394F82C10B2
:1022600040EA0161C9F8001001203866FFF71CFA46
:10227000044606E03EE000BFFFF716FA001B022806
:1022800009D828688001F7D534E000BFFFF70CFAC1
:10229000001B022802D90320BDE8F88F28688001BE
:1022A000F4D427E00128F7D0D9F80000E26900F45F
:1022B000800191421CD1226A00F03F01914217D166
:1022C00047F6C071626A0140B1EB821F10D1A26A69
:1022D0004FF0FF3300F4403103EB5202B1EB024FF9
:1022E00006D194F82C1000F07060B0EB016F01D0B3
:1022F0000120D1E70020CFE7043802400000474228
:10230000800E4742007000400000FFFF704770479A
:1023100070B590F83C20012A32D0012480F83C406E
:10232000022280F83D2003685A689D6822F07006FA
:102330000A6832435A60134B02689A4214D0B2F1D1
:10234000804F11D0104B9A420ED0104B9A420BD0B6
:102350000F4B9A4208D00F4B9A4205D00E4B9A422F
:1023600002D00E4B9A4204D1496825F080031943EC
:10237000916080F83D40002180F83C10084670BD17
:10238000022070BD00000140000400400008004031
:10239000000C0040000401400040014000180040D3
:1023A00010B5040003D094F83D0010B107E00120FF
:1023B00010BD002084F83C00204600F01FF80220E9
:1023C00084F83D00211D206801F022FC012084F8E2
:1023D000460084F83E0084F83F0084F8400084F80A
:1023E000410084F8420084F8430084F8440084F8F3
:1023F000450084F83D00002010BD000008B50068CD
:102400000649884208D10648016841F02001016070
:10241000006800F02000009008BD0000001400409B
:102420004038024090F83D10012901D0012070474A
:10243000022180F83D100168CA6842F00102CA60BA
:1024400000681149884214D0B0F1804F11D00F4973
:1024500088420ED00E4988420BD00E49884208D0DF
:102460000D49884205D00D49884202D00C49884266
:1024700004D1816801F00701062903D0016841F009
:10248000010101600020704700000140000400408D
:1024900000080040000C00400004014000400140E2
:1024A00000180040704770B50446006801694FF09D
:1024B0000005C943890715D4C168C943890711D4E8
:1024C000E91E01610120207720688069800720468D
:1024D00002D0FFF7E7FF04E000F098F8204600F094
:1024E00096F8257720680169C943490717D4C16860
:1024F000C943490713D46FF004010161022020771A
:102500002068806910F4407F204602D0FFF7CAFFA0
:1025100004E000F07BF8204600F079F82577206889
:102520000169C943090716D4C168C943090712D410
:102530006FF008010161042020772068C0698007DE
:10254000204602D0FFF7AEFF04E000F05FF820461F
:1025500000F05DF8257720680169C943C90617D4E2
:10256000C168C943C90613D46FF010010161082086
:1025700020772068C06910F4407F204602D0FFF722
:1025800091FF04E000F042F8204600F040F8257783
:1025900020680169C943C90708D1C168C943C9078F
:1025A00004D1891E0161204600F032F820680169DB
:1025B000C943090609D4C168C943090605D46FF0A7
:1025C000800101612046FFF7A1FE20680169C9432F
:1025D000490609D4C168C943490605D46FF04001D2
:1025E0000161204600F01EF820680169C943890690
:1025F0000BD4C168C943890607D46FF0200101617B
:102600002046BDE87040FFF782BE70BD704770473E
:1026100000680349884201D1FFF7DABA7047000029
:10262000001000407047704710B5044600684069CC
:1026300094F83D10C0F3C010212911D180B1206859
:10264000143050E8001F21F0800140E80012002AF9
:10265000F5D1606B08B1FEF74FFD204601F004FC98
:102660002068406994F83E10C0F38010222911D1EF
:1026700080B12068143050E8001F21F0400140E88C
:102680000012002AF5D1A06B08B1FEF735FD2046F7
:1026900001F0C3FB002010BD70470000F8B50168D1
:1026A00004460868CA684B6910F00F0F4FF0000528
:1026B0005AD003F0010602F49077374365D0C10782
:1026C00005D0D10503D5216C41F0010121644107FA
:1026D00005D5D90703D0216C41F00201216481079F
:1026E00005D5D90703D0216C41F00401216401070D
:1026F00007D502F02001314303D0216C41F00801DD
:102700002164216C00293BD0800604D5900602D5B7
:10271000204601F0B7FB20684069216CC0F38010AF
:1027200001F00801014320462BD001F076FB206820
:102730004069400621D52068143050E8001F21F080
:10274000400140E80012002AF5D1A06BA8B16C4905
:102750000165A06BFEF719FD002811D0A06B016D7B
:1027600001B0BDE8F040084783060ED593060CD5AE
:102770002046BDE8F84001F085BB2046FFF78CFFFE
:10278000F8BDFFF789FF2564F8BD266B2023012ED5
:1027900079D1C60677D5D60675D508684868009001
:1027A0004869400640D5A16B086840680004000CE9
:1027B000EAD0A28D8242E7D9E085C869B0F5807F72
:1027C0002DD020680C3050E8001F21F4807140E8C3
:1027D0000012002AF5D12068143050E8001F21F0C3
:1027E000010140E80012002AF5D12068143050E8B9
:1027F000001F21F0400140E80012002AF5D184F8C2
:102800003E30256320680C3050E8001F21F0100195
:1028100040E80012002AF5D1A06BFEF76DFCA08DF8
:10282000E18D401A81B229E0A08DE18D401A81B27C
:10283000E08D0028A8D00029A6D020680C3050E8F0
:10284000002F22F4907240E80026002EF5D1206877
:10285000143050E8002F22F0010240E80026002E3C
:10286000F5D184F83E30256320680C3050E8002F05
:1028700022F0100240E80023002BF5D12046FFF79C
:10288000D2FEF8BDFFE705062BD5150629D594F82D
:102890003D002128F5D1A068B0F5805F01D1206905
:1028A000B0B1206A411C2162216800784860E08C48
:1028B000401E0004000CE084E3D12068C16821F0D0
:1028C0008001C1602068C16841F04001C160D8E763
:1028D000206A0088C0F308004860206A801C2062DB
:1028E000E5E74006CDD55006CBD5CA68204622F094
:1028F0004002CA6084F83D3000F056FAC1E700009B
:10290000D93C000870B5040004D094F83D000025BF
:1029100010B106E0012070BD84F83C50204600F064
:1029200023F8242084F83D002068C16821F4005178
:10293000C160204601F006FB2068016921F4904146
:1029400001612068416921F02A0141612068C16864
:1029500041F40051C1602564202084F83D0084F8D2
:102960003E00002070BD00002DE9F04F87B0044606
:1029700014216846FDF7EAFDC048BF4B1438D4F86F
:1029800000C0DFF8F8E202210322871500250615B2
:102990004FF0070B4FF040094FF0006A9C4554D1AF
:1029A000DEF800C04CF0100CCEF800C0DEF80030AD
:1029B00003F010030593036843F00203036000680B
:1029C00000F002000590C0208DE82300CDE9032B24
:1029D0006946AB48FEF75EFDDFF8AC82A949404688
:1029E000C8F80010C0E901A5C0E90356C8F81450A2
:1029F000C0E90657C8F82050C8F82450FEF7A8FCD4
:102A000008B1FEF740FBA04FC4F838806037C8F823
:102A10003840C7F80890C7E903567D61BD61994801
:102A2000FD613D6278307D62C7E9000A3846FEF7F5
:102A30008FFC08B1FEF727FB6763002205212520E4
:102A4000BC63FFF75DF9252059E08C4BDFF83C8231
:102A50001B1FC44558D1D3F800C04CF4003CC3F848
:102A600000C01B6803F400330593036843F00803B8
:102A70000360006800F00800059060208DE82300E6
:102A8000CDE9032B69468248FEF704FDDFF8F881A3
:102A9000804908F1C0084046C8F80010C0E901A507
:102AA000C0E90356C8F81450C0E90657C8F82050CA
:102AB000C8F82450FEF74CFC08B1FEF7E4FA764F54
:102AC000C4F83880C8F83840C7F80890C7E90356FA
:102AD0007D61BD616F48FD613D6218307D62C7E96F
:102AE000000A3846FEF734FC08B1FEF7CCFA6763FB
:102AF000002205212620BC63FFF702F92620FFF7FC
:102B0000F1F807B0BDE8F08FDFF89081C44557D1E8
:102B1000D3F800C04CF4802CC3F800C01B6803F449
:102B200080230593036843F004030360006800F00A
:102B3000040005904FF440608DE82300CDE9032B9D
:102B400069465748FEF7A6FCDFF84C81514908F169
:102B5000600860394046C8F80010C0E901A5C0E926
:102B60000356C8F81450C0E90657C8F82050C8F8F2
:102B70002450FEF7EDFB08B1FEF785FA464FC4F886
:102B80003880C037C8F83840C7F80890C7E90356FE
:102B90007D61BD613F48FD613D6230387D62C7E9BE
:102BA000000A3846FEF7D4FB08B1FEF76CFA6763FB
:102BB000002205212720BC63FFF7A2F827209EE70B
:102BC000384B9C459DD1DEF800C04CF0200CCEF86F
:102BD00000C0DEF8003003F020030593036843F0E3
:102BE00004030360006800F004000590C0208DE835
:102BF00023000820CDE9032069462948FEF74AFC56
:102C00002049DFF8A480183940464FF0206AC8F800
:102C10000010C0E901A5C0E90356C8F81450C0E986
:102C20000657C8F82050C8F82450FEF791FB08B1A9
:102C3000FEF729FA1C4FC4F838806037C8F83840CE
:102C4000C7F80890C7E903567D61BD610D48FD6175
:102C50003D6260307D62C7E9000A3846FEF778FBC6
:102C600008B1FEF710FA6763002205214720BC6314
:102C7000FFF746F8472042E7001001404438024081
:102C8000000402404064024000270020004400404D
:102C9000000C0240886002402028002000480040CC
:102CA00000080240001401404029002090F83E3006
:102CB000202B0ED159B152B190F83C30012B08D0E5
:102CC000012380F83C300023036301F0C1B90120E7
:102CD00070470220704790F83E30202B0ED159B13A
:102CE00052B190F83C30012B08D0012380F83C30E1
:102CF0000023036301F0F6B90120704702207047FA
:102D00000449884204D1012234390248FFF7E3BF65
:102D100070470000F02500207047000070B50446A1
:102D200090F83D00202836D191B38AB394F83C0046
:102D3000012830D0012084F83C002162A284E28482
:102D400000252564212084F83D00636B1348D86377
:102D5000636B13481864636B1248D864606B134646
:102D600005652668606B321DFEF75CFB21686FF01D
:102D70004000086084F83C502068143050E8001F80
:102D800041F0800140E80012002AF5D1002070BD1A
:102D9000FFE70120FBE70220F9E70000CF3D000834
:102DA000113E0008E93C0008416B09680A6822F0FE
:102DB00001020A600A4900680968884205D1094889
:102DC000017821F0020101707047054988310968D6
:102DD0008842F9D100224FF480610348FEF75FBCBE
:102DE000F0250020B8210020000002407047FEE7D7
:102DF00001684A69D24352050FD46FF480624A6178
:102E0000002140F8301F202242738173026942F092
:102E10000402026101730120704700207047000026
:102E20002DE9F84F0446006889460B9D01689846D5
:102E3000174641F4806101602068016841F48071A7
:102E4000016000954FF0011B0022594620460A9B65
:102E500000F0DEF84FF4007A40B120680068C00549
:102E600001D5C4F840A00320BDE8F88F216809F01F
:102E7000FE0008612B46284920460A9A00F0FCF81B
:102E8000F0BB20684169806900902A4620460A9973
:102E900000F070F940B1206C04283AD12068016834
:102EA00041F40071016034E0FEB2B8F1010F09D0C5
:102EB0002168380A08612A4620460A9900F05AF922
:102EC0000028E8D1206806612A4620460A9900F0C9
:102ED00051F90028DFD12068016841F48071016058
:102EE00000950022594620460A9B00F091F80028E0
:102EF000B3D1216809F0FF0040F00100086100E053
:102F000007E02B46044920460A9A00F0B5F800284D
:102F1000AAD00120A8E70000020001002DE9F84333
:102F2000044600680D46DDE9089701689846164694
:102F300041F4807101604B4600224FF001112046A0
:102F4000009700F065F848B120680068C00502D518
:102F50004FF4007020640320BDE8F883216805F079
:102F6000FE0008613B464A461549204600F084F8B9
:102F700088B920684169806900903A4649462046F0
:102F800000F0F8F848B1206C042804D120680168EA
:102F900041F4007101600120DEE7F5B2B8F1010FE4
:102FA00009D02168300A08613A464946204600F0B7
:102FB000E1F80028E7D1206805610020CCE7000097
:102FC0000200010070B516460D4604460DE020468D
:102FD000FFF70EFF08B1012070BD681C05D0FEF799
:102FE00063FB801BA84207D835B120684069C04305
:102FF0004007ECD4002070BD002044F8300F2021A1
:103000006173A073216941F0200121612073E2E71F
:103010002DE9F0471E4690460D460446C1F307478A
:10302000DDF8209008E0701C06D0FEF73DFBA0EB19
:103030000900B0420FD876B12068012F18D08069FE
:1030400025EA00000004000C14D000214145EAD01C
:103050000020BDE8F087002044F8300F2021617384
:10306000A073216941F02001216120730120F0E764
:103070004069E5E70121E9E72DE9F0479A469146E5
:103080000E46044600254FF02008C1F3074725E00F
:1030900020684069C043400514D42068016841F4A9
:1030A0000071016021686FF480604861256384F8D5
:1030B0003D8084F83E50206C40F00400206484F889
:1030C0003C501FE0B9F1FF3F08D0FEF7EDFAA0EB4E
:1030D0000A0149450CD8B9F1000F09D02068012F29
:1030E00013D0806926EA00000004000C0BD0CFE763
:1030F00044F8305F84F80D80A573206940F020000B
:10310000206125730120BDE8F0874069EAE72DE9D9
:10311000F041002590460E460446202717E04069FE
:10312000C043C0060CD454F8301B6FF01000486147
:1031300044F810596777A577206A2062257717E051
:10314000FEF7B2FAA0EB0800B04208D83EB1206802
:103150004169C9434906E2D40020BDE8F08144F842
:10316000305F6773A573206940F0200020612573EC
:103170000120F2E770B516460D4604460DE02046E4
:10318000FFF736FE08B1012070BD681C05D0FEF7C0
:103190008BFA801BA84207D835B120684069C0432C
:1031A0000006ECD4002070BD002044F8300F202130
:1031B0006173A073216941F0200121612073E2E76E
:1031C00070B564240546012911D001F089FC632003
:1031D000401EFDD1284601F091FC611E491EFDD123
:1031E000284601F07DFC641E641EFDD170BD01F017
:1031F00085FC6320401EFDD1284601F071FC611E54
:10320000491EFDD1284601F079FC641E641EFDD1E3
:1032100070BD000070B5034600200246012906D0AB
:1032200002290AD0032906D0042907D101E001228E
:1032300004E0082202E0042200E00222082B15D25A
:10324000C3F1070101EBD1760B4DC6F34703042B05
:10325000EC5C0BD226F00100081A10F0FF0F06D02C
:1032600004F00F0141EA0210E854012070BD04F09F
:10327000F0001043F8E700009D000020294808B541
:10328000016841F400110160016801F4001100912E
:10329000016841F4800101600068002200F48000B0
:1032A000009005210C20FEF72BFD0C20FEF71AFDE7
:1032B000002205210E20FEF723FD0E20FEF712FD51
:1032C000002205211020FEF71BFD1020FEF70AFD4D
:1032D000002205211120FEF713FD1120FEF702FD4B
:1032E000002205213920FEF70BFD3920FEF7FAFCFC
:1032F000002205213A20FEF703FD3A20FEF7F2FCFA
:10330000002205214520FEF7FBFC4520FEF7EAFCE4
:10331000002205214620FEF7F3FCBDE808404620C8
:10332000FEF7E0BC3038024010B58EB01C220B49CD
:103330006846FDF7D9F80021684602F09FFD084C69
:1033400006491C2220601C3107A8FDF7CDF800219A
:1033500007A802F093FD60600EB010BD7C850008E8
:10336000000000202DE9F04F87B014216846FDF7DA
:10337000EDF854480025016841F010010160016832
:1033800001F010010591016841F00401016001683C
:1033900001F004010591016841F0800101600168BC
:1033A00001F080010591016841F0010101600168AF
:1033B00001F001010591016841F008010160016817
:1033C00001F008010591016841F002010160006807
:1033D000DFF8F48000F002004FF67C040590002234
:1033E00021464046FEF75BF9DFF8E090002242F20A
:1033F0000D014846FEF753F9DFF8D4B04FF400460C
:10340000002231465846FEF74AF9DFF8C8A0771186
:10341000002239465046FEF742F9012220212E486B
:10342000FEF73DF900940124019402946946404658
:103430000394FEF72FF842F20800CDE90004694634
:103440004846CDE90245FEF725F80520CDE9000400
:103450000294694648460394FEF71CF81820CDE90B
:103460000005694650460295FEF714F8F81CCDE9B0
:103470000005694602944046FEF70CF8CDE9006469
:1034800069465846CDE90245FEF704F8CDE90074D7
:1034900069465046CDE90245FDF7FCFF9F20CDE986
:1034A0000005694602945846FDF7F4FF20208DE898
:1034B0003100694608480394FDF7ECFF07B0BDE80A
:1034C000F08F000030380240001002400008024037
:1034D000000C024000000240000402400D4810B5FC
:1034E0000B4901600C49416000214FF4804281602A
:1034F000C0E9031241618161C1610162FEF7DAF83E
:10350000002803D0BDE81040FDF7BDBD10BD000090
:10351000005400401C210020801A06001CB5002425
:103520000E4800940C49019401605321C0E9011434
:103530004FF6FF718461C160FEF732FF08B1FDF7FD
:10354000A2FD0094694605480194FEF7E1FE0028BB
:1035500001D0FDF798FD1CBD001400407021002033
:103560000C4810B50A4901604FF4E1314160002177
:1035700081600C22C160C0E904128161C161FFF762
:10358000C1F9002803D0BDE81040FDF77CBD10BD97
:1035900000100140F02500200C4810B50A490160D8
:1035A0004FF4E1314160002181600C22C160C0E92B
:1035B00004128161C161FFF7A5F9002803D0BDE8BD
:1035C0001040FDF760BD10BD0044004034260020CF
:1035D0000C4810B50A4901604FF4E1314160002107
:1035E00081600C22C160C0E904128161C161FFF7F2
:1035F00089F9002803D0BDE81040FDF744BD10BD97
:1036000000480040782600200C4810B50A490160A7
:103610004FF4E1314160002181600C22C160C0E9BA
:1036200004128161C161FFF76DF9002803D0BDE884
:103630001040FDF728BD10BD00140140BC2600203D
:10364000FEE700000A48D0F80813491CC0F8081328
:1036500008490969012907D0022903D00B2903D0A1
:103660000C2903D100F039B900F02AB870470000E6
:10367000AC00002048040020D0F80813C822B1FB99
:10368000F2F302FB1311002916D1B0F84E1341F0EA
:103690002001A0F84E1309490969012902D00B291C
:1036A00005D101E0022100E00C2180F85F13002128
:1036B000A0F8521380F84C13704700004804002013
:1036C00010B5044600F09CF8204600F0D6F801281A
:1036D0000BD1B4F8041304F20120085CA52804D12E
:1036E0002046BDE8104000F04FB810BD70B504464C
:1036F0000020B4F84E138A0643D521F02000A4F828
:103700004E0320480069012801D00B2801D184F81C
:10371000040194F85F0384F80501062084F806018B
:103720007E2184F8071184F8080104F209100C21A5
:1037300002F044FE94F8600384F82101002084F82C
:10374000600304F59170102102F07EFF04F5B17062
:10375000102102F01BFE7F2104F5827084F85E13B5
:10376000054600F07DFE94F85E13030A4A1C84F8B7
:103770005E234B5594F85E134A1C84F85E2348552B
:10378000012070BD4804002030B502790021447941
:10379000022A01D00C2A0CD1184B012C1B6906D02F
:1037A0000B2C06D10B2B04D10C2A03D003E0012BE8
:1037B000FAD030BD02228379862BFAD1C379222B2D
:1037C000F7D100EB421400BF00EB810204EB810350
:1037D000157A83F8EC52557A83F8ED52957A83F88E
:1037E000EE52491CD27A89B283F8EF220829EBD332
:1037F00000EB8101097A80F8611330BD4804002094
:1038000070B50446FFF738FF94F84C03012128B146
:10381000002501280DD002282AD11CE0B4F852035B
:10382000401C80B2A4F852030F2801D384F84C1333
:1038300070BD2046FFF75AFF0128F9D1206894F89F
:103840005E2304F58271436B9847022084F84C0391
:10385000A4F8545370BDB4F85403421CA4F8542384
:103860003C2801D384F84C1394F806030128F1D1C5
:1038700084F84C53A4F8525370BD2DE9F04104462E
:10388000002690F806033546012823D1002084F84D
:103890000603B4F80413C81EFD281BD204F202204C
:1038A00004F20322085C8A5C891E02EB002087B2C6
:1038B00004F5017000F0D4FDB84206D00AE06019AA
:1038C0006D1C90F804120171ADB2B4F80403A84263
:1038D000F5D801263046BDE8F08110B5044600F069
:1038E00043F82046FFF7C9FF012804D12046BDE870
:1038F000104000F001B810BD10B5044600796179A0
:10390000012801D00B282BD1022901D1012805D093
:10391000144A12698A4223D10B2821D1A0790628A2
:103920001ED1E0797E281BD1207A062818D104F117
:1039300009000C2104F05AFA94F8210084F861037C
:1039400004F12200102104F06FFA04F1620010214A
:1039500004F02EFAB4F8580340F02000A4F85803FD
:1039600010BD00004804002070B5044690F85603CE
:1039700018B10025012818D10BE0B4F85C03401CF5
:1039800080B2A4F85C030A2802D3012084F856030D
:1039900070BD204600F00CF80128F9D1206894F899
:1039A0005E2304F58271436B984784F8565370BDCB
:1039B00070B504460020B4F8581305468A065FD552
:1039C00021F02000A4F858033148006984F804016C
:1039D000022856D00C2856D06079862184F806112A
:1039E000222184F8071104EB4016E8B201F0D4FA62
:1039F00006EB85006D1CADB280EDBB0A082DF4D33B
:103A00005FF0000006EB800104EB800291F8EC32DD
:103A100082F8083191F8ED3282F8093191F8EE32EE
:103A200082F80A31401C91F8EF1280B282F80B1133
:103A30000828E7D304EB800194F8602381F808217B
:103A4000002284F8602394F8622381F8092106217A
:103A500001EB8000C1B204F5827084F85E13054664
:103A600000F0FEFC94F85E13030A4A1C84F85E23FF
:103A70004B5594F85E134A1C84F85E234855012088
:103A800070BD012000E00B2084F805010220A4E7AE
:103A9000480400200D480C4900F5417201604A615C
:103AA000911C02689161026800F58271D16102681F
:103AB00000F5017111620021A0F8041380F80613CB
:103AC0000068816A084700000C0B0020AC00002051
:103AD000FEE700000C4910B50B888C880989234447
:103AE00019440A4B89B240F2E574196002466143F9
:103AF0000020C1F30B018A4204D142F2CD00C3E998
:103B00000120012010BD0000CC6E00201004002018
:103B1000012002F0A7F9FBE7012002F0A3F900F071
:103B20007FFCF9E710B5502080F31188BFF34F8F69
:103B3000BFF36F8F04F078FA18B104494FF080504A
:103B40000860002080F3118810BD000004ED00E043
:103B500030B593B030216846FCF7F8FC14210CA86E
:103B6000FCF7F4FC1E480025016841F0805101601B
:103B7000006800F0805011901A48016841F48041BB
:103B800001600068022400F4804011900120009040
:103B9000000401908001CDE90640192008904FF4FF
:103BA000A870CDE9090404200B906846FEF7F8F9E7
:103BB00008B172B6FEE70CA90F2081E831004FF47E
:103BC000A0500F904FF48050109005210CA8FEF7E4
:103BD000DBF8002801D072B6FEE713B030BD00005C
:103BE00040380240007000400248016841F4700112
:103BF0000160704788ED00E003480168491C0160DE
:103C00000248FEF750BC000008000020002A0020F7
:103C1000F0B50268254C264D264E274F274B4FF016
:103C2000804CA04209D0604507D0A84205D0B042E0
:103C300003D0B84201D0984204D122F0700E4A68F5
:103C400042EA0E02A0421BD0604519D0A84217D00C
:103C5000B04215D0B84213D0984211D0184DA842A6
:103C60000ED0184DA8420BD0174DA84208D0174DC2
:103C7000A84205D0164DA84202D0164DA84203D145
:103C800022F44075CA682A434D6922F080022A4313
:103C900002608A68C2620A688262A04201D09842C9
:103CA00001D10969016301214161F0BD00000140BA
:103CB0000004004000080040000C004000040140E7
:103CC000004001400044014000480140001800400D
:103CD000001C00400020004010B5806B0021C18511
:103CE000C184FEF7D9FC10BD70B5846B20684069B3
:103CF00094F83D10C0F3C0100025212904D118B15B
:103D0000E584204600F0B0F82068406994F83E1041
:103D1000C0F38010222904D118B1E585204600F0B7
:103D20007CF8206C40F0100020642046FEF7B4FCC4
:103D300070BD10B50146806B09680968C9052FD4AC
:103D40000021C18501680C3151E8002F22F48072F6
:103D500041E80023002BF5D10168143151E8002F10
:103D600022F0010241E80023002BF5D10168143153
:103D700051E8002F22F0400241E80023002BF5D14A
:103D8000202180F83E10016B012909D101680C3116
:103D900051E8002F22F0100241E80023002BF5D15A
:103DA000016B012902D0FEF7ABFF10BD818DFEF73C
:103DB0003AFC10BD10B5806B016B012902D0FEF7F3
:103DC000ABFF10BD818D4908FEF72DFC10BD10B56D
:103DD0000146806B09680968C90516D40021C184B1
:103DE0000168143151E8002F22F0800241E80023DD
:103DF000002BF5D101680C3151E8002F42F0400250
:103E000041E80023002BF5D110BDFEF7CDFF10BD1A
:103E100010B5806BFEF7EAFF10BD01680C3151E868
:103E2000002F22F4907241E80023002BF5D10168A5
:103E3000143151E8002F22F0010241E80023002B49
:103E4000F5D1016B012909D101680C3151E8002F2E
:103E500022F0100241E80023002BF5D1202180F848
:103E60003E1000210163704701680C3151E8002FBA
:103E700022F0C00241E80023002BF5D1202180F878
:103E80003D10704708B590F83E10222901D002205D
:103E900008BD82684FF480539A4201D1016921B173
:103EA000816A9A421BD04AB10AE00268816A52686C
:103EB000C2F308020A80816A891C08E0026972B1B3
:103EC0000268526802F07F020A70816A491C8162AE
:103ED000C18D491E0904090CC18503D019E002688F
:103EE0005268F1E70168CA6822F02002CA600168DE
:103EF000CA6822F48072CA6001684A6922F001022D
:103F00004A61202180F83E10016B012903D0FEF7A1
:103F1000F7FE002008BD0021016301680C3151E863
:103F2000002F22F0100241E80023002BF5D1016898
:103F30000A68D20602D50A6849680091818DFEF7A9
:103F400072FBE6E770B5044600680169E26821F497
:103F50004051114301612169A068E2690843616928
:103F6000114308432168CA6849F20C639A4302432B
:103F7000CA6020684169A26921F44071114341611E
:103F800031492068884202D03049884202D1FDF789
:103F9000C5FF01E0FDF7B2FFE269002319216425A6
:103FA0003226B2F5004F626828D0A0FB0101930FC2
:103FB0009200FCF7DDF90146B0FBF5F06FF0180256
:103FC000504301EB800006EB0010B0FBF5F000F071
:103FD000F002B1FBF5F002EB0012B1FBF5F06FF06F
:103FE0001803584301EB800006EB0010B0FBF5F01E
:103FF00000F00F0021681044886070BDA0FB010133
:1040000092185B41FCF7B4F90146B0FBF5F00201F0
:10401000B1FBF5F06FF01803584301EB800006EB9D
:10402000C000B0FBF5F000F0F80002EB4002B1FB7D
:10403000F5F0584301EB800006EBC000B0FBF5F053
:1040400000F00700D6E70000001001400014014016
:1040500038B5816282850025134604460564222016
:1040600084F83E00A26B1C48D063A26B1B4810640E
:10407000A26B1B48D064A06B0A4605652168A06B43
:10408000091DFDF7CFF9206801684068009084F8A9
:104090003C50206948B120680C3050E8001F41F4C2
:1040A000807140E80012002AF5D12068143050E8F1
:1040B000001F41F0010140E80012002AF5D12068FC
:1040C000143050E8001F41F0400140E80012002A7F
:1040D000F5D1002038BD0000333D0008B53D000893
:1040E000E93C000881628285C285002101642222A8
:1040F00080F83E2080F83C10016921B10168CA684F
:1041000042F48072CA6001684A6942F001024A6161
:104110000068C16841F02001C160002070470000C4
:1041200010B5044800F028F8BDE810400148FEF73B
:10413000B5BA0000F025002010B5044800F044F89E
:10414000BDE810400148FEF7A9BA0000342600205F
:1041500010B5044800F060F8BDE810400148FEF7D3
:104160009DBA0000782600200148FEF797BA0000AB
:10417000BC260020FEE7000038B5114C016820681D
:1041800081421CD10968C943C90618D40168406836
:1041900000902046FEF748FAA06B00684168094885
:1041A0000122C1F5807180F85822A0F8561200F162
:1041B00055012046BDE838401202FEF777BD38BDF4
:1041C000F0250020D404002038B5114C0168206887
:1041D00081421CD10968C943C90618D401684068E6
:1041E00000902046FEF720FAA06B0068416809485D
:1041F0000122C1F5807180F82825A0F8261500F26B
:1042000025312046BDE838401202FEF74FBD38BDCB
:1042100034260020D404002038B5174C01682068EB
:10422000814227D10A68D243D20618D40168406877
:1042300000902046FEF7F8F9A06B006841680F482F
:104240000122C1F5807180F80623A0F8041300F55F
:1042500001712046BDE838401202FEF727BD0A680A
:10426000D243520603D50968C943090602D401683E
:104270004068009038BD000078260020AC00002087
:104280000907090E002804DB00F1E02080F8001483
:10429000704700F00F0000F1E02080F8141D704717
:1042A0000E4910B502468C6D00200D4B0969062C95
:1042B0000BD0082C08D10120002905D003200129AA
:1042C00002D1934200D1012010BD0029FCD0022070
:1042D0000129F9D19342F7D1002010BD48040020F4
:1042E000D40400202DE9FE4F00278B468118B846E4
:1042F000B946B1F5804F3CD815460646DFF87CA09C
:1043000022E000BF06EB080086B206F03F00C0F1D5
:104310004004AC4200D32C460A2000F0AFFBDAF890
:104320000C20DAF814100092CDE90141BAF804101B
:1043300010233246DAF80000FDF780FA070007D0B4
:1043400040F24111AAF81810A5B1002FDAD011E0FF
:104350000BEB090022460A49FCF781F809EB04003F
:10436000A0461FFA80F9A5EB080005042D0CC9D161
:1043700000E001273846BDE8FE8F0000CC0B00208E
:10438000627B00202DE9FE4F00271446064620449C
:104390008B46B946B846B0F5804F39D80E2000F0AC
:1043A000ADFBDFF874A026E006EB090086B206F04C
:1043B0003F00C0F14005A54200D325460BEB0801A4
:1043C0002A461648FCF74BF80A2000F057FBDAF8AB
:1043D0000820DAF814100092CDE90151BAF804105F
:1043E00010233246DAF80000FDF724FB070006D060
:1043F0007B21AAF8181064B1002FD5D009E008EB92
:104400000500A9461FFA80F8A4EB090084B2F2E780
:1044100001273846BDE8FE8FCC0B0020A27B002090
:10442000084810B50168491C016001F0CBFB00F0A1
:1044300015FCFFF707F902F0CBFFBDE8104001F0D3
:1044400045BC0000A800002010B500240021204633
:10445000FEF7E0FE641CE4B2082CF7D310BD0000A8
:1044600070B50C4DFF22134605F5807606E000BFBF
:1044700010F8014B5C402B5D5340325D491EF7D272
:104480004FF6FF7000EA022000F47F40184480B22B
:1044900070BD0000D485000870B500242DED028B9E
:1044A00025469FED1E8A2646D8B1082816D8401EFC
:1044B000C0B200F0ADFA00BF00EB85016D1CEDB29B
:1044C0004E630A2DF8D3002100EB8102491C82EDD6
:1044D000218AC9B282ED2C8A0B29F5D3BDEC028B5F
:1044E00070BD204600F094FA0146002001EB8002E6
:1044F000401CC0B256630A28F8D3002001EB8002AA
:10450000401C82ED218AC0B282ED2C8A0B28F5D3A3
:10451000641CE4B2082CE4D3E0E7000000000000D3
:1045200030B50021134C0A460B4680B108280DD83F
:10453000401EC0B200EB800004EB001101EB420012
:10454000521C8382D2B203850A2AF7D330BD01EB15
:104550008102002004EB021202EB4005401CAB82FA
:10456000C0B22B850A28F7D3491CC9B20929EED35A
:1045700030BD00008078002010B50020074B0446B5
:10458000052103F1200200BF23F8104022F810108B
:10459000401CC0B21028F7D310BD00008075002069
:1045A00010B5B0F85A2200240A49A2F50453023B80
:1045B0000ED1B0F85E220124A2F525435A3B07D163
:1045C0000122A0F86022A1F86022104602F0E8FE65
:1045D000204610BDD404002010B5B0F85A220021A6
:1045E0000E2A05D10121A0F8B41203F0C9F8012167
:1045F000084610BD70B50446B0F8B2020025012887
:104600000CD1B4F8C802012550B101280FD00228FE
:1046100014D0002603281AD0A4F8C862284670BD1A
:10462000204602F0A1FB0028F8D001200CE0204633
:1046300002F08CFA0028F1D0022005E0204602F0BA
:1046400055FB0028EAD00320A4F8C802E6E720467C
:1046500002F0D4FA0028E1D0A4F8C862A4F8B2624B
:104660000025DBE7F0B5002690F8B9C2A1B0012320
:1046700004463146354601AABCF1800F17D00CDC48
:10468000BF484FF00707BCF1090F74D2DFE80CF008
:1046900092A2B9D0737373F0EE00ACF1810CBCF14F
:1046A000060FF2D2DFE80CF0152535455568B4F851
:1046B000B40208B1812056E1D4F898026421B0FB1D
:1046C000F1F201FB1200002802D1204602F060FC4A
:1046D00053E1D4E9A601814202D90A1A282A04D258
:1046E0008142F5D2401A2828F2D3204602F03CFB42
:1046F0003EE0D4E9A601814202D90A1A282A04D24E
:104700008142E5D2401A2828E2D3204602F0EEFA90
:104710002EE0D4E9A601814202D90A1A282A04D23D
:104720008142D5D2401A2828D2D3204602F0A3FADB
:104730001EE0D4E9A601814202D90A1A282A04D22D
:104740008142C5D2401A2828C2D3204602F0FEF981
:104750000EE0D4E9A601814202D90A1A282A04D21D
:104760008142B5D2401A2828B2D3204602F046FA38
:1047700000282ED101E1F9E0D4E9A601814202D955
:104780000B1A282B04D2814213D2401A282810D3A6
:1047900010230020411C09B222F81010084699424B
:1047A000F8DB43F601112046009503F0D1F884F8B8
:1047B000B952E2E0D4E9A601814202D90A1A282AB4
:1047C00004D2814251D2401A28284ED3204602F00A
:1047D000B5FBC5E0D4E9A603834202D91F1A282FEE
:1047E00004D2834241D2C01A28283ED322F8115065
:1047F000491C09B22029F9DB8BB24FF440510095D6
:10480000ABE0D4E9A603834202D91F1A282F04D2B1
:1048100083422AD2C01A282827D322F81150491CD3
:1048200009B21029F9DB8BB24FF44451009594E0A2
:10483000D4E9A603834204D9A3EB000CBCF1280FF2
:1048400004D2834211D2C01A28280ED322F8115064
:10485000491C09B20C29F9DB8BB241F20121204637
:10486000009503F075F884F8B97286E014E0FFE76C
:10487000D4E9A6128A4202D9571A282F04D28A42B2
:104880007BD2891A282978D30088ADF8040001AAC0
:104890004FF48051009560E0D4E9A6128A4202D913
:1048A000531A282B04D28A4267D2891A282964D342
:1048B0008188ADF804100189ADF8061090ED030A67
:1048C000162301AABDEEC00A10EE101AADF80810AA
:1048D00030F8101FADF80A108188ADF80C1001896E
:1048E000ADF80E108189ADF81010018AADF81210E4
:1048F000818AADF8141090ED060ABDEEC00A10EEE4
:10490000101AADF81610018FADF81810818EADF8A1
:104910001A10018EADF81C10818BADF81E10018CA1
:10492000ADF82010818CADF8221040F2B341ADF803
:104930002410ADF82610818FADF82810B0F8401083
:10494000ADF82A10B0F84410ADF82C10B0F84800BB
:10495000ADF82E0041F20A010095204602F0F8FF62
:1049600094F8B902401C84F8B90206E0B4F8B60223
:10497000012802D1A4F8A432012621B03046F0BDAE
:104980004804002070B50446B0F8A40200250128B0
:104990000FD109480125006910B10220A4F8BC021A
:1049A000B4F9BC12204602F06BFA10B10020A4F852
:1049B000A402284670BD00004804002070B50546DA
:1049C00090F84C000024122808D001242846FFF754
:1049D00049FE012802D1122085F84C00204670BD06
:1049E00070B50546094800240068A0F50051CD398E
:1049F00009D101242846FCF7B3F92846FBF79AFFB2
:104A00002846FCF70BF9204670BD00001804002072
:104A10000549082806D200EB8001C1EB801002494D
:104A200001EB80010846704760670020014890F85C
:104A300061037047AC00002010B500200B4A01460E
:104A400040F2231302EB4104B4F85C409C4207D0CF
:104A500002EB4100A0F85C3002EB8100007E10BD4B
:104A6000491CC9B20429EDD310BD00004804002040
:104A700001480068704700000800002000B50146AA
:104A80004FF47A7203E01046491E00F003F8002943
:104A9000F9D100BD00EB8000C00000E0401E0028FE
:104AA000FCD17047064910B5064A31F8101052F88B
:104AB0002000FCF7E7FD002800D0012010BD000019
:104AC00026880008E00A00200349044A31F8101043
:104AD00052F82000FCF7DBBD08880008A40A00207B
:104AE0000449054A31F8101052F820000122FCF761
:104AF000D6BD000008880008A40A00200449054A21
:104B000031F8101052F820000022FCF7C8BD000058
:104B100008880008A40A0020704770477047704753
:104B20007047000070B5007814460D46012803D088
:104B3000022803D020B10DE0074809E0074807E04C
:104B4000012291020648FCF7AAFD224629460548A3
:104B5000FEF7E4F8002070BDF02500203426002088
:104B600000000240782600202DE9F04188B0DFF8EF
:104B7000BC80002001466D4645F82010401CC0B2A4
:104B80000828F9D3002601E0192E34D20024601D34
:104B9000C0B2FFF7B3FF641CE4B2082CF7D30A20BD
:104BA000FFF778FF0024601DC0B2FFF799FF641C77
:104BB000E4B2082CF7D30A20FFF76CFF5FF0000483
:104BC000671C55F82400400045F82400F8B2FFF7B0
:104BD00069FF55F82410084445F82400FCB2082C5D
:104BE000EED30024601DC0B2FFF788FF641CE4B25E
:104BF000082CF7D302E01420FFF74CFF761CF6B226
:104C00001B2EC1D35FF0000303EB8300C0EB8312C4
:104C100055F8231008EB820001F04AFD5B1CDBB263
:104C2000082BF1D308B0BDE8F081000060670020D8
:104C300070B50024084DFFF797FF00BF04EB840018
:104C4000C0EB841005EB800000F048F9641CE4B26E
:104C5000082CF3D370BD00006067002010B54FF43E
:104C6000FA6000F07DF8012818D100F01DF8012845
:104C700014D10B4C6079002810D12079401CC0B2AF
:104C8000207109280AD300F01DFA02F079FD0549C8
:104C900001206071A1F8B602A1F8860510BD0000E0
:104CA00084000020D40400202DE9F0472B4D00247F
:104CB0000327A9780120A0462646052904D2DFE86B
:104CC00001F003050F1A4200A87043E0601DC0B256
:104CD000FFF706FF641CE4B2082CF7D30220F3E7C9
:104CE000601DC0B2FFF70AFF641CE4B2082CF7D3C2
:104CF000AF70AE812EE0A98940F28A22491C89B2A8
:104D0000A981914202D3AE81EE70DDE7DFF84C90CD
:104D100009F10E0919F80400012805D1601CC0B280
:104D2000FFF7C0FE01280CD0641CE4B2082CF1D3BC
:104D3000E878411CE9700A280CD90420A870EE70AC
:104D400008E0AF70FBE7FFF773FFAF70AE81EE7066
:104D50004FF001084046BDE8F087000084000020C5
:104D60002DE9F05F594F01462DED028B0026F888A2
:104D70003546884278D8401CF88038785449002459
:104D800001F1100B4FF0010808286DD2DFE800F0A8
:104D9000040F2398981B3270701DC0B2FFF7AEFE4F
:104DA000761CF6B2082EF7D387F8008089E0701DD4
:104DB000C0B2FFF795FE761CF6B2082EF7D3052099
:104DC00038703C817DE03889401C80B238810A28E7
:104DD00077D9022072E08846701DC0B2FFF78EFEC0
:104DE00028F81640761CF6B2082EF5D30620387047
:104DF0007C8166E07A89B946521C7A818A46771CA2
:104E0000F8B2FFF74FFE20B93AF81610491C2AF8FD
:104E10001610FEB2082EF2D3B9F80A0040F28A2129
:104E20004A4688424DD35078002156465B46474655
:104E300036F811C08046BCF1320F01EB410C9C44A6
:104E400002D30CF8007001E00CF80040491CC9B214
:104E50000829EDD308F10100C0B25070032804D333
:104E6000072089F800002CE02AE089F8004028E0BB
:104E7000C246A046154C9FED178BD9460E34002133
:104E800006EB4603084603EB0902135C401C194479
:104E9000C0B2C9B20328F8D3084603F0E1F953ECD5
:104EA000182B03F02BFB02D804F806A001E004F84D
:104EB0000680761CF6B2082EE1D30820387000E098
:104EC0000125BDEC028B2846BDE8F09F8400002040
:104ED00038670020CCCCCCCCCCCC004030B50446DC
:104EE0000020A17887B0012940D16D4604EB8001F4
:104EF000496845F82010401CC0B20728F6D30721A6
:104F00002846FCF71BF8002020620220216A55F891
:104F10002020401C1144C0B221620528F6D3084667
:104F2000032190FBF1F16162D4F8E020002000BF82
:104F300004EB80035B6BDAB1994203DA401CC0B228
:104F40000A28F5D300EE901A04EB8000F8EEE00A90
:104F500090ED210A20EE800AD0ED2C0A30EE800A76
:104F6000D4ED390AC4ED3A0A84ED390A07B030BDF0
:104F70009942E7DDE2E7000001460020054A0829E2
:104F800006D201EB8100C0EB811002EB8000406A89
:104F9000704700006067002010B504462DED028BBD
:104FA000DFED188A1848B0EE688A806803F041F98E
:104FB0009FED161B53EC112B03F0A2F903F0FCF844
:104FC00000EE100A1348082C0BD204EB8401C1EB4D
:104FD000841100EB8100D0ED390A90ED371A30EEE4
:104FE000C18AB4EEC08AF1EE10FA01DBB0EE408A5D
:104FF0000948005D08B9B0EE688AB0EE480ABDEC19
:10500000028B10BD00000000480400209A99999975
:105010009999F13F6067002092000020F0B5244C80
:1050200000231A4603EB8300C0EB8310002104F831
:10503000203004EB80008270C2700262C0F824202D
:1050400000EB8105491CC9B26A600A29F8D3194DE1
:10505000002100BF00EB810755F82160FE6546186E
:10506000491CC9B286F828200A29F3D300219FEDF4
:10507000120ADFED120A00BF00EB8105491C85ED25
:10508000210AC9B2C5ED2C0A0B29F5D301219FEDE8
:105090000C0A5B1C80ED370AC0F8E02080ED390A6D
:1050A00080ED3A0ADBB24170082BBBD3F0BD0000A3
:1050B00060670020D4870008124DA03AE1DA85C36A
:1050C0000000000010B511495FF0000000EB800205
:1050D000C2EB801201EB8202401C92ED390AC0B291
:1050E00082ED370A0828F1D3FFF746FAFFF7ACF94B
:1050F0000020074A014600BF02EB4003401CC0B23B
:10510000A3F85C100428F7D310BD000060670020EE
:105110004804002070B50446B0F85A02002542F257
:105120000111884214D1B4F85E020125A0F5E061B6
:10513000E5390DD10120A4F86402A4F8660294F8C0
:105140006C0204F51974FFF7EBF9207AFFF7A4F964
:10515000284670BDB0F85A220021B2F5045F12D182
:105160000022A0F86622B0F86C32B0F95E2201216C
:10517000934208D00123A0F86832082A03DCB0F873
:105180005E22A0F86C22084670472DE9F0410446E3
:105190000026B0F866023546012836D1B4F85A0226
:1051A000B0F5145F31D342F20A5188422DD2B4F9DE
:1051B0005E120126A1F59052FE3A26D10121A4F8F3
:1051C000621294F8B812C7B241F0010184F8B81223
:1051D000B4F86C02E0B1082817D8401EC0B2FFF73F
:1051E000CBFEC11700EBD150451294F86C02394642
:1051F000401EC0B202F00CFC94F86C022BB2401EB0
:10520000C0B20122394600F073FE3046BDE8F0819D
:105210002846FFF7B1FEC11700EBD15044123946C2
:10522000284602F0F5FB23B201223946284600F059
:105230005FFE6D1CEDB2082DEAD3012223B2394680
:105240000820E0E72DE9F0410446B0F85A024FF09B
:105250000008A0F5085046460A2835D294F8B8123E
:10526000C7B241F0010184F8B812A4F86E0204EB51
:105270008701B4F95E02C1F87002B4F95E52B4F865
:105280006C024FF0010860B1401EC0B22A46394698
:1052900002F08CF894F86C022A46401EC0B23946DF
:1052A00010E02A463946304602F080F82A46394650
:1052B000304600F031FE761CF6B2082EF1D32A46B5
:1052C0003946304600F028FE4046BDE8F081B0F88F
:1052D0005A32002141F20312934207D1B0F85E32F4
:1052E0000121934202D10122A0F8AC220846704766
:1052F000B0F85A32002141F20212934207D1B0F8BD
:105300005E320121934202D10122A0F8AA2208466E
:105310007047B0F85A32002141F20112934207D18E
:10532000B0F85E320121934202D10122A0F8A422FA
:105330000846704710B5B0F85A220021A2F5045370
:10534000033B11D1B0F85E320121A3F5E0640A46B7
:10535000E53C04D0A3F58064B23C03D004E0A0F89F
:10536000A02201E0A0F8A622084610BDB0F85A22FB
:105370000021A2F50453043B09D1B0F85E220121BB
:10538000A2F54073F23B02D10122A0F8AE220846FA
:105390007047000010B5B0F85A2200240A49A2F55F
:1053A0000453023B0ED1B0F85E220124A2F525433E
:1053B0005A3B07D10122A0F86022A1F860221046D2
:1053C00001F0EEFF204610BDD404002070B5B0F807
:1053D0005A1200250A46A1F580511F297BD80125C4
:1053E0000B463E492C46202B62D2DFE803F01061C9
:1053F000616161616161616114181C2529616161EC
:10540000612D363C4044486161614C55595DB0F9AD
:105410005E220A6059E0B0F95E224A6055E0B0F9B8
:105420005E228A6051E0B0F95E2200EE102AB8EEEA
:10543000C00A81ED030A48E0B0F95E220A6144E047
:10544000B0F95E224A6140E0B0F95E2200EE102A17
:10545000B8EEC00A81ED0A0A37E0B0F95E228A642C
:10546000A0F8B04231E0B0F95E224A642DE0B0F914
:105470005E220A6429E0B0F95E22CA6225E0B0F932
:105480005E220A6321E0B0F95E22CA641449A0F8E2
:10549000B242A1F8824518E0B0F95E220A6514E034
:1054A000B0F95E224A6510E0B0F95E228A650CE030
:1054B000A2F580530F3B032B07D801EB8201A1F526
:1054C000A041B0F95E32C1F8DC3F90F8B81241F06B
:1054D000020180F8B812284670BD00004804002080
:1054E000D404002010B504460020B4F85A12A1F5E7
:1054F000A852103A0AD1B4F95E02FEF7EBFA94F81A
:10550000B80240F0020084F8B802012010BD10B5C6
:10551000B0F85A120024A1F5CC42663A07D1B0F98E
:105520005E02A0F525415A3901D1FCF71BFC20464B
:1055300010BD10B5B0F85A2200210E2A05D1012164
:10554000A0F8B41202F01CF90121084610BD0000B9
:10555000B0F85A220021A12A04D1034A90F85E0231
:105560000121107008467047CC19002070B5044620
:10557000B0F8B202002501280CD1B4F8C802012508
:1055800050B101280FD0022814D0002603281AD0C9
:10559000A4F8C862284670BD204601F0E5FB00284B
:1055A000F8D001200CE0204601F0D0FA0028F1D01C
:1055B000022005E0204601F099FB0028EAD00320F4
:1055C000A4F8C802E6E7204601F018FB0028E1D065
:1055D000A4F8C862A4F8B2620025DBE770B50546FE
:1055E000B0F8B0020024012807D10124284601F0B8
:1055F000A5FC10B10020A5F8B002204670BD000047
:10560000F0B50446002094F8B9C2A1B005260123E4
:10561000F4490546024601AFBCF1080F7ED008DC14
:10562000BCF1080F1FD2DFE80CF0566688A1B9F86C
:10563000F6F5BCF12A0F72D00CDCBCF1090F6FD06B
:10564000BCF10A0F6DD0BCF10B0F6BD0BCF1290F70
:1056500009D1B6E0BCF1800F0AD0BCF1810F19D09E
:10566000BCF1820F30D0B4F8B60201287DD0B5E18C
:10567000B4F8B40208B18120B5E0D4F898026421EE
:10568000B0FBF1F201FB12000028F0D1204601F03E
:105690007FFCA3E1D44ED4F89802B6F90410B0FB15
:1056A000F1F201FB12000028E1D1B6F90210204608
:1056B00001F0E6FB0128DAD1B6F90200411C718045
:1056C0001928D4DB82208EE0B4F8B6020128CED1AE
:1056D00084F8B92282E1D4E9A601814202D90A1AEA
:1056E000282A04D28142C2D2401A2828BFD3204699
:1056F00001F024FC1DE0D4E9A6138B4202D95E1A06
:10570000282E04D28B42B2D2C91A2829AFD327F847
:105710001020401C00B22028F9DB04E0BFE065E067
:1057200021E135E145E1009283B23A464FF4405120
:10573000B1E094F8B902401C55E0D4E9A6138B42BD
:1057400002D95E1A282E04D28B4290D2C91A282977
:105750008DD327F81020401C00B21028F9DB0092EE
:1057600083B23A464FF4445195E034E1D4E9A613AC
:105770008B4202D95E1A282E04D28B4289D2C91AD2
:10578000282986D327F81020401C00B20C28F9DB0A
:10579000009283B23A4641F201217CE0D4E9A6109E
:1057A000884202D9421A282A04D288421DD2081AF5
:1057B00028281AD3204601F0D7FA002815D029202E
:1057C00011E0D4E9A601814202D90A1A282A04D29A
:1057D00081420AD2401A282807D3204601F0B6F9A0
:1057E000002802D02A2084F8B902F7E0D4E9A60103
:1057F000814202D90A1A282A04D2814209D2401AC7
:10580000282806D3204601F036FA002801D084F873
:10581000B962E3E02CE019E0FFE7D4E9A6138B427C
:1058200002D95E1A282E04D28B427DD2C91A2829A9
:105830007AD3411C09B227F8101008461029F8DB6A
:105840008BB200923A4643F6011124E0D4E9A60156
:10585000814202D90A1A282A04D2814264D2401A0B
:10586000282861D3B4F9BC12204601F009FB60E797
:10587000D4E9A660B04202D9871B282F04D2B042D7
:1058800052D2301A28284FD308880092ADF804006D
:1058900001AA4FF48051204602F05AF849E7D4E9B2
:1058A000A603834202D91E1A282E04D283423BD279
:1058B000C01A282838D38888ADF804000889ADF8C4
:1058C000060091ED030ABDEEC00A10EE100AADF815
:1058D000080031F8100FADF80A008888ADF80C0008
:1058E0000889ADF80E008889ADF81000088AADF877
:1058F0001200888AADF8140091ED060ABDEEC00AC8
:1059000010EE100AADF81600088FADF81800888E5A
:10591000ADF81A00088EADF81C00888BADF81E009B
:10592000088CADF8200000E054E0888CADF822002F
:1059300040F2B340ADF82400ADF82600888FADF8F2
:105940002800B1F84000ADF82A00B1F84400ADF8E5
:105950002C00B1F848000092ADF82E0016233A460C
:1059600041F20A0197E7D4E9A601814202D90E1A51
:10597000282E04D2814231D2401A28282ED3B4F8DE
:105980006C020092ADF804003A464FF4045182E7ED
:10599000D4E9A601814202D90A1A282A04D28142F6
:1059A0001CD2401A282819D31321204601F086FB67
:1059B000BFE6D4E9A601814202D90A1A282A04D2F4
:1059C00081420BD2401A282808D3204601F08EF9D4
:1059D0000028EDD102E0A4F8A432012521B0284628
:1059E000F0BD000048040020D01A002070B5054624
:1059F000B0F8CA02002401280BD1074E01243078E8
:105A000038B9284601F02CFB18B100203070A5F8F9
:105A1000CA02204670BD0000D01A002070B50446AE
:105A2000B0F8A6020025012809D10125B4F9C01259
:105A3000204601F025FA10B10020A4F8A60228465D
:105A400070BD70B50446B0F8AC020025012809D13C
:105A50000125B4F9C412204601F012FA10B1002059
:105A6000A4F8AC02284670BD70B50446B0F8AA028E
:105A70000025012809D10125B4F9C612204601F0FC
:105A8000FFF910B10020A4F8AA02284670BD70B535
:105A90000446B0F8A8020025012809D10125B4F96F
:105AA000C612204601F0ECF910B10020A4F8A802BB
:105AB000284670BD70B50446B0F8A4020025012840
:105AC00009D10125B4F9BC12204601F0D9F910B171
:105AD0000020A4F8A402284670BD70B50446B0F8B2
:105AE000A0020025012809D10125B4F9BE122046E3
:105AF00001F0C6F910B10020A4F8A002284670BD3C
:105B000070B50446B0F8A2020025012809D101258C
:105B1000B4F9BA12204601F0B3F910B10020A4F88C
:105B2000A202284670BD70B50446B0F8AE0200254A
:105B3000012809D10125B4F9C212204601F0A0F9CB
:105B400010B10020A4F8AE02284670BD70B505461D
:105B500090F84C000024122808D001242846FFF7B2
:105B60004FFD012802D1122085F84C00204670BD5F
:105B700070B505460A4800240068A0F50051CD39EB
:105B80000CD101242846FBF7EBF82846FAF7D2FEA1
:105B90002846FBF743F8284601F000FA204670BD7E
:105BA0001804002001460020A1F10902022A06D2B1
:105BB00001EB4100024901EB400010F8310C704745
:105BC000C06E00202DE9F04100F042F81E4C002785
:105BD000012620781D4D00284FF00A0003D0FFF762
:105BE000E1FF60B10CE0FFF7DDFF012808D126706E
:105BF000A5F86062A5F8306501F0D2FB00E02770DF
:105C0000607800284FF0090006D0FFF7CBFF00288E
:105C100000D16770BDE8F081FFF7C4FF0128F9D11A
:105C20006670A07810F0010100F10100A07006D0AC
:105C30000029EFD0A5F8A462A5F87465EAE7A5F8F5
:105C4000A262A5F87265E5E79A000020D40400205E
:105C500070B5104D002400BF04EB440615F8160083
:105C6000FEF720FF05EB46010871CA78824209D190
:105C70008A78521CD2B28A70322A05D332228A70B4
:105C8000487101E000228A70641CE4B2C870022CE2
:105C9000E2D370BDC06E002030B500200A4B014633
:105CA0005FF0010500F1090200EB4004401C03F81D
:105CB000142003EB4402C0B29170D1701171517184
:105CC00055700228EED330BDC06E00202DE9F041A2
:105CD00000241B4F264600F037F81A484069012877
:105CE0002BD13D1D385D295D814201D0285501260B
:105CF000641CE4B2042CF5D3012E1ED1002400262E
:105D00002F5DF8074FF0000002D0FEF7E9FE01E03A
:105D1000FEF7F4FE7F0801210320FDF751FA761CFF
:105D2000F6B2082EEDD3641CE4B2042CE7D3BDE830
:105D3000F04101210220FDF743BABDE8F0810000E7
:105D40009D0000204804002010B5FEF791FE4FF49E
:105D50007A71B0FBF1F201FB1200002804D1BDE81A
:105D600010400D20FEF7B0BE10BD10B50020FEF7AC
:105D7000B7FE0120FEF7B4FE0220FEF7BFFE0320AF
:105D8000FEF7BCFE0420FEF7B9FE0120FEF7A8FED8
:105D900000210420FDF714FA01210220FDF710FA7A
:105DA000BDE810400120FEF7A9BE0000FBF718FF78
:105DB000FDF7CEFEFDF7D6FAFDF760FAFDF7AEFB74
:105DC000FDF706FCFDF7CCFBFDF788FBFDF71CFC9F
:105DD000FDF7E2FB4FF48074224619491948FCF79D
:105DE00065FF18480068C16841F01001C160224693
:105DF00015491648FCF75AFF14480068C16841F07D
:105E00001001C160224612491248FCF74FFF1148A9
:105E10000068C16841F01001C160FFF73DFFFFF766
:105E2000A4FFFFF7FBF800F0F5FFFDF733FE00F0ED
:105E3000DDFA00F07BFBFDF777FA00F01AF8FEE7D9
:105E400029050020F0250020F90700203426002035
:105E5000B00200207826002001460020842900D0CE
:105E6000C81C704710B500B9012001F00FFF0020D9
:105E700010BD10B501F030FF002010BD7FB50D46FC
:105E800004464169B0F9080081B1A16971B1FFF719
:105E9000E3FFD4E905128DE80700D4E900102B4692
:105EA000226902F096F8039004B070BDFFF7D4FFAA
:105EB00003A9CDE90001208A2B4682B2D4E9001063
:105EC00002F05AF8012801D00020EDE70398EBE733
:105ED000082809D80A2907D2044B00EB800003EBFD
:105EE000001000EB41000285704700008078002020
:105EF00030B508280DD80A290BD200EB80050548DB
:105F0000012400EB051020F8114000EB41008282D3
:105F1000038530BD80780020082809D80A2907D2D7
:105F2000044B00EB800003EB001000EB4100828784
:105F300070470000807800202DE9F041184C0F4692
:105F40000546E6682068001D01F0D8FD38B92068D4
:105F500090F82C1001208840216981432161681C40
:105F600007D137B12168BDE8F0410E48091D01F0A5
:105F700009BE20683544B5424560216805D2A06B52
:105F8000BDE8F041091D01F0E5BD606B091D01F0A0
:105F9000E1FDA06A854200D2A562BDE8F081000063
:105FA0001C000020242B00202DE9F041054601F0C3
:105FB000F5FD2E4CA068401CA06020682C4F10B14D
:105FC000606940B32DE02560A068012829D1002632
:105FD00006EB860007EB800001F0AEFD761C072E75
:105FE000F6D323488C3001F0A7FD2148A03001F002
:105FF000A3FD1F48B43001F09FFD1D48C83001F0DB
:106000009BFD1B48DC3001F097FD19488C30606324
:106010001430A06305E02068E96AC06A884200D8AD
:106020002560606A401C6062E96A0120226988403C
:106030001043206101EB810007EB8000291D01F076
:10604000A1FD01F0CBFD606900280CD02068E96A51
:10605000C06A884207D207494FF080500860BFF3FA
:106060004F8FBFF36F8FBDE8F08100001C00002050
:10607000482A002004ED00E010B5044690F85100D5
:1060800058B101280CD002280FD0502080F311887D
:10609000BFF34F8FBFF36F8FFEE7206B01F0B2FDB0
:1060A0002046BDE8104001F0ADBD10BD10484FF4D2
:1060B0007051420706D0C01D0D4920F00700411A5B
:1060C000C1F570510B4A00230144C2E900030839AD
:1060D000183A21F0070111604B600B600B1AC0E900
:1060E000001393604FF00040536050617047000010
:1060F000382B002070000020144E154CA6F1C80764
:106100004FF08058DFF84C9012E000BF01F046FDE0
:10611000F068C568281D01F0F1FCA068401EA06071
:106120006068401E606001F059FD2846FFF7A4FF3B
:1061300060680028EAD138680128F9D9C9F80080D8
:10614000BFF34F8FBFF36F8FF2E70000102B0020DB
:106150001C00002004ED00E02DE9F0479A46DDE93F
:10616000098481466FF00303206B03EB8202104425
:10617000089E20F00707780707D0502080F3118889
:10618000BFF34F8FBFF36F8FFEE7002561B1002093
:1061900023180A5C83F834200A5C12B1401C1028D2
:1061A000F6D384F8435001E084F83450072E00D32E
:1061B0000626E662C4E91165201D01F0C8FC04F161
:1061C000180001F0C4FC2461C6F107006462A061FC
:1061D000E56484F8505052464946384600F0C0F80D
:1061E0002060B8F1000F01D0C8F80040BDE8F0878A
:1061F00030B5114900E011460A688242FBD34B6872
:106200005C18844203D140681844486008464368DB
:106210001C18944209D1084C183C2468A24209D0A9
:1062200052681A4442600A6812680260814200D0D3
:10623000086030BD0460F9E7700000200648416B3B
:10624000096829B1416BC968C968496881627047AA
:106250004FF0FF31FAE700001C00002008484068BA
:10626000401C4FF0500080F3118804D0BFF34F8FD3
:10627000BFF36F8FFEE7BFF34F8FBFF36F8FFEE764
:10628000780000202DE9F0410546002701F05AFD75
:10629000324E306808B9FFF709FF706905424ED1E8
:1062A000C5B3083568070ED005F00700C0F1080037
:1062B0000544680707D0502080F31188BFF34F8F43
:1062C000BFF36F8FFEE72DB37068854237D8234840
:1062D000183001460C6801E020460C466168A9426E
:1062E00002D221680029F7D131688C4227D0076893
:1062F0002168016060680837411B10290FD96019B7
:10630000420708D0502080F31188BFF34F8FBFF3AE
:106310006F8FFEE713E041606560FFF769FF61681A
:106320007068401A7060B268904200D2B0607069C4
:1063300001430020C4E90001F068401CF06001F056
:10634000D9FE780707D0502080F31188BFF34F8F14
:10635000BFF36F8FFEE73846BDE8F081580000209C
:1063600010B5031F4FF080741C601B1F21F001014A
:106370001960191F044B0B6014390A60091F6FF074
:10638000020244380A6010BD5D62000830B5002288
:1063900010290FD8084B0BE033F8124000EB4205F0
:1063A000240A00F8124013F81240521C6C70D2B24A
:1063B0008A42F1D330BD00008075002030B5002244
:1063C0000C290FD8084B0BE033F8124000EB4205C4
:1063D000240A00F8124013F81240521C6C70D2B21A
:1063E0008A42F1D330BD0000407600202DE9F0470D
:1063F000ADF5B16D40F2845529466846FAF7A6F826
:106400004FF0000844462A4669464046FDF76AFFB9
:10641000DDF88055002876D14FF4B0616846FEF76C
:106420001FF8A8427ED1EA4608F0FF00FEF7F0FA16
:10643000814604F10A00002687B209F1340512E012
:106440005AF8241002C55AF82400C11700EBD150A5
:10645000314640F34F22761CF6B208F0FF00FFF7FA
:1064600037FD641CA4B2BC42EAD307F10A00002441
:1064700086B209F15C050EE05AF8271002C53AF819
:106480002700214602B2641CE4B208F0FF00FFF7C7
:1064900043FD7F1CBFB2B742EED306F10B0080B2C2
:1064A00009F18401534607E003EB8602761C92ED66
:1064B000000AB6B2A1EC010A8642F5D300F10B0145
:1064C00089B209F1B00207E003EB8004401C94EDAF
:1064D000000A80B2A2EC010A8842F5D3481C80B2BF
:1064E00009F1DC0208E000BF03EB8104491C94EDD4
:1064F000000A89B2A2EC010A8142F5D3411C8CB298
:1065000009F1E00105E00DE053F82020401C04C132
:1065100080B2A042F8D308F101001FFA80F8B8F168
:10652000080F81D30DF5B16DBDE8F08770B59AB055
:1065300064216846FAF70AF80024642269464FF499
:10654000C060FDF7CFFE189D002874D16021684619
:10655000FDF786FFA8426ED1384A00986946106060
:106560003748019A0260029A4260039A82609DED68
:10657000040A80ED030A059A0261069A4261072225
:106580005FF00B0351F8225000EB8406641C521C90
:1065900092B2E4B2B5619A42F4D301EB8203521C89
:1065A00093ED000A92B280ED0A0A51F82230521C93
:1065B00092B2C36251F82230521C92B2036351F876
:1065C0002230521C92B2436351F82230521C92B2D4
:1065D000836351F82230521C92B2C36351F82230C7
:1065E000521C92B2036451F82230521C92B243649E
:1065F00051F82230521C92B2836451F82230521C5E
:1066000092B2C36451F82230521C92B2036551F821
:106610002230521C92B2436551F822108165026902
:106620000848022A02D13E22A0F8BC22062902D143
:106630003021A0F8BC121AB070BD00001404002074
:1066400048040020D404002030B50022102917D8B7
:106650000C4B13E053F82240240E00F8224053F86C
:106660002240250C00EB8204657033F822502D0A7D
:10667000A57013F82250521CE570D2B28A42E9D3B9
:1066800030BD0000C0740020084A002102EB8103E5
:106690009B69834205D102EB41010020A1F85C0017
:1066A0007047491CC9B20429F0D370474804002040
:1066B000C278072A03D30022C27001228270C278F6
:1066C000B1F1807F00EB820201D3A1F10071516032
:1066D000C178491CC1707047F8B5B0F86C1200253C
:1066E000082901D90020F8BD384C79B1491E217123
:1066F000E278374E00215AB1012A20D0022A35D043
:10670000032A4AD0E17001252846F8BD0821EEE7AA
:10671000D0E9A623934202D99F1A142F04D29342A0
:10672000F2D2D21A142AEFD322790A2302EB820280
:1067300006EB021200914FF40C5114323FE0D0E905
:10674000A623934202D99F1A142F04D29342DBD27C
:10675000D21A142AD8D322790A2302EB820206EB3A
:10676000021200914FF41051283228E0D0E9A623FC
:10677000934202D99F1A142F04D29342C4D2D21A40
:10678000142AC1D322790A2302EB820206EB0212F9
:1067900000914FF408513C3211E0D0E9A623934216
:1067A00002D99E1A142E04D29342ADD2D21A142AC0
:1067B000AAD3009100F51B7201234FF4045101F09C
:1067C000C7F8E078401CE0709EE70000AC040020B1
:1067D0008078002030B40022404D0123404C114607
:1067E00080F84D20A8421ED104F58875C56040355B
:1067F000056140354561403585612035C5612035ED
:10680000056220354562403585622035C562183500
:106810000563344D45632D1D85632D1DC5632D1DF9
:1068200005642D1D1CE0304DC560403505614035C7
:106830004561403585612035C0E9075440354562E2
:10684000403585622035C56218350563254DAD1E7E
:1068500045632D1D85632D1DC5632D1D05642D1DEF
:106860004564A0F8B23280F85410056D00F256234A
:106870006B61056D9B1CAB61056D00F15503EB6110
:10688000056D2B62A0F8561280F858124FF6FF7370
:10689000A0F85A32A0F85C12A0F85E12A0F86A12B2
:1068A0005823A0F86C32A0F86E12A0F866120F49B7
:1068B00000EB820551F82230521CD2B2C5F870327A
:1068C0000A2AF5D30021FF2224F81120491CC9B25D
:1068D0001029F9D3006D816A30BC0847A407002055
:1068E000C0750020BC040020C0740020D4870008BC
:1068F000F8B5B0F86C120025082901D90020F8BDC0
:10690000214C59B1491E2172E179204E002339B141
:1069100001291CD0E37101252846F8BD0821F2E7C2
:10692000D0E9A6128A4202D9571A142F04D28A42F9
:10693000F2D2891A1429EFD3217A009301EB810155
:1069400006EB01120A234FF40C51143215E0D0E982
:10695000A6128A4202D9571A142F04D28A42DBD2D5
:10696000891A1429D8D3217A009301EB810106EB0F
:1069700001120A234FF41051283200F0E9FFE079A8
:10698000401CE071C8E70000AC04002080780020C3
:10699000F8B50446406C1D4E0025B0F90010A6F174
:1069A00040022B4629B1012918D003800125284631
:1069B000F8BDD4E9A601814202D90E1A142E04D2E0
:1069C0008142F4D2401A1428F1D3009320234FF4CB
:1069D0004051204600F0BCFF012014E0D4E9A6019C
:1069E000814202D90A1A142A04D28142DFD2401A03
:1069F0001428DCD30093102332464FF44451204630
:106A000000F0A6FF0220616C0880D0E780750020AE
:106A1000F8B5B0F86C220025082A01D90020F8BD8D
:106A2000204C00214AB1A27162791F4E3AB1012A6D
:106A30001CD0617101252846F8BDA171F4E7D0E9A9
:106A4000A623934202D99F1A142F04D29342F2D262
:106A5000D21A142AEFD3A2790A2302EB820206EBA0
:106A6000021200914FF40C51143215E0D0E9A62324
:106A7000934202D99F1A142F04D29342DBD2D21A26
:106A8000142AD8D3A279009102EB820206EB0212FB
:106A90000A234FF41051283200F05AFF6079401C4D
:106AA0006071C8E7AC0400208078002070B505460E
:106AB000B0F868020024012807D101242846FFF716
:106AC0000BFE10B10020A5F86802204670BD000042
:106AD0002DE9F0411B4E0F46054600242046FEF7E7
:106AE0005BFA306D70B13168A1F5DA426C3A09D1C8
:106AF000DFED150A60EE200A00EE100AB8EEC01AAB
:106B000080EE810AF06CB8B1F2EE040A20EE200AA1
:106B100007EB8401BDEEC00A10EE100A45F8240010
:106B2000001427F8240035F82400641CE4B24880DF
:106B3000082CD3D3BDE8F081F6EE000A30EE200A2F
:106B4000E6E700004804002000007A442DE9F843FD
:106B5000054600270121FDF7A3FB00EB0010A96CFF
:106B6000102202EB80028C5E2A6C142606EB800653
:106B7000B2F900308E5993FBF4F204FB12324FF05D
:106B8000180C36F9126093FBF4F20CEB800C04FB4A
:106B9000123251F80CC002EB42020CEB8202DFF819
:106BA00058C0DCF84CC0BCF1000F0BD093FBF4F2E2
:106BB00004FB12321C2303EB800002EB4202085854
:106BC00000EB82024FF000080623B1B22846CDF850
:106BD000008000F057FE012803D1296C0888401C72
:106BE0000880286CB0F90010A14202DBA0F80080F8
:106BF00001273846BDE8F88348040020F8B504466C
:106C000000260421FDF74CFB00EB0010A16C38229C
:106C100002EB80028D5E226C3C2707EB8007B2F905
:106C20000020CF5992FBF5F305FB132337F813C06F
:106C300092FBF5F305FB1322402303EB800002EBEC
:106C400042020858002700EB420202231FFA8CF18F
:106C50002046009700F016FE012803D1216C088819
:106C6000401C0880206CB0F90010A94201DB0780AD
:106C700001263046F8BDF8B5044600260321FDF78D
:106C80000FFB00EB0010A16C2C2202EB80028D5E4A
:106C9000226C302707EB8007B2F90020CF5992FB16
:106CA000F5F305FB132337F813C092FBF5F305FB4F
:106CB0001322342303EB800000270858022300EB43
:106CC00082021FFA8CF12046009700F0DBFD0128BC
:106CD00003D1216C0888401C0880206CB0F900109A
:106CE000A94201DB078001263046F8BDF8B504460D
:106CF00000260221FDF7D4FA00EB0010A16C20223F
:106D000002EB80028D5E226C242707EB8007B2F92C
:106D10000020CF5992FBF5F305FB132337F813C07E
:106D200092FBF5F305FB1322282303EB800002EB13
:106D300042020858002700EB820206231FFA8CF15A
:106D40002046009700F09EFD012803D1216C0888A1
:106D5000401C0880206CB0F90010A94201DB0780BC
:106D600001263046F8BD00002DE9F843002705460E
:106D70003946FDF795FA00EB0010A96C2A6C042641
:106D800031F92040B2F9003006EB800693FBF4F2B3
:106D900004FB12328E594FF0080C0CEB800C36F9C4
:106DA000126093FBF4F204FB123251F80CC002EBB8
:106DB00042020CEB8202DFF858C0DCF84CC0BCF198
:106DC000000F0BD093FBF4F204FB12320C2303EB05
:106DD000800002EB4202085800EB82024FF00008EC
:106DE0000623B1B22846CDF8008000F04BFD012803
:106DF00003D1296C0888401C0880286CB0F9001069
:106E0000A14202DBA0F8008001273846BDE8F883E4
:106E10004804002010B50448FFF7DCFCBDE8104032
:106E20000248FFF7D7BC0000D4040020A4070020CC
:106E30002DE9F043002491460E460746032A1CD252
:106E40004FEAC900A0F1080808EB0400C5B22146CA
:106E50004846FAF71BF9BDEEC00A06EB8501641C33
:106E600010EE100AE4B247F82500001426F82500B9
:106E700037F825004880082CE6D3BDE8F0830000F1
:106E80001CB50E4A002352680192ADF80610D0E9F5
:106E9000A6128A4202D9541A142C04D28A420AD267
:106EA000891A142907D300210091022301AA842101
:106EB00000F04EFD012318461CBD0000FC870008B1
:106EC00070B50546B0F862020024012807D10124FC
:106ED0002846FFF70DFD10B10020A5F862022046FC
:106EE00070BD70B50546B0F860020024012803D0DB
:106EF000FDF79CFD01280DD10124FEF7E3F800F019
:106F00003FFC2846FFF744FD20B10020A5F86002B1
:106F100000F040FA204670BD70B50546B0F8640236
:106F20000024012807D101242846FFF771FD10B184
:106F30000020A5F86402204670BD00001CB512496F
:106F4000124A002309680191BDF8041092F8482004
:106F5000C9B241EA0221ADF80410D0E9A6128A4272
:106F600002D9541A142C04D28A420AD2891A14293A
:106F700007D300210091022301AA822100F0E8FC3E
:106F8000012318461CBD0000FC87000848040020AF
:106F9000002301220E2100F031BC00002DE9F04158
:106FA00005462D480026C06A10B32C4C0522204609
:106FB000A37A406A092B00F5617149D2DFE803F03A
:106FC000051214313E191B222400244A0D32511E91
:106FD000481E00F081F9012802D1A07A401C0FE080
:106FE000012632E0E17A1DE0D5F8980288422BD2E2
:106FF0002BE0217B16E0D5F89802884225D30720A4
:10700000A07222E0617B0DE0D5F8981200F5966041
:1070100081421AD30920A0721321284600F04EF8AD
:1070200013E01121284600F049F801280DD1A07A7B
:10703000401CA072D5F89802606206E0D5F898125C
:1070400000F57A70814200D3A2723046BDE8F0812B
:107050000020A072C4E7000048040020AC04002017
:1070600000B5154AA1B00021136901AAA3B1012BF3
:1070700012D0022B17D000BF22F81110491C09B200
:107080000829F9DB00228BB2009201AA43F6011114
:1070900000F0F8FB21B000BD22F81110491C09B224
:1070A0001029F9DBEEE701F1080322F81130491C41
:1070B00009B20829F7DBE5E7480400207CB51D4A42
:1070C0000023926801921C4A146C651E632D06D839
:1070D000BDF80650EDB245EA0424ADF80640132988
:1070E00008D1BDF8064092F84420E4B244EA0222F6
:1070F000ADF806201322B1FBF2F402FB14110122B9
:1071000002EB0121ADF80410D0E9A6128A4202D99F
:10711000541A142C04D28A420AD2891A142907D389
:1071200000210091022301AAA02100F011FC0123FB
:1071300018467CBDFC870008480400202DE9F05F5C
:1071400044688046002594F858022F462E460128B0
:1071500075D194F85500A9465A286ED194F8560076
:10716000A5286AD1B4F85612062953D394F85700CB
:10717000C91E81424ED194F8581080294AD08129E5
:1071800004D0822946D0832944D116E094F85A606D
:10719000C01EB0423ED194F859A00BE0E01990F81F
:1071A0005B200AEB0700C1B2404600F062F80543DD
:1071B0007F1CBFB2B742F1D32CE094F85B70001F84
:1071C00000EBD070B7EB600F24D194F859004FF664
:1071D000FF7101EA002094F85A2000F47F40104427
:1071E0001FFA80FA8B4613E004EB460010F85C1F90
:1071F0000BEA0121407801F47F41084482B20AEB96
:10720000060081B2404600F03FF80543761CB6B256
:10721000BE42E9D3D4F8980241F2883188420CD9B1
:10722000E80702D000F0F8F801E0A80705D500F063
:1072300081F9D8F8041081F8B89284F85892BDE822
:10724000F09F00002DE9F041002405460427466820
:107250000AE000BF686907EBC4014158304688471F
:10726000012804D0641CE4B2287CA042F2D8BDE816
:10727000F081034600205B68002904D183F8542084
:10728000012183F84D1070472DE9F047446800272D
:107290004FF6FF78A4F85A1206463D46A4F85E223F
:1072A000414513D04FF004090AE000BFF16809EB33
:1072B000C50009582046884701280AD06D1CEDB248
:1072C000307AA842F2D800BFA4F85A823846BDE806
:1072D000F08794F8B872F7E7F0B51B4B054600202D
:1072E0009C78002C2ED0641E9C705C7804EB4406C5
:1072F000164CA65D2E705F78002607EB4707E65513
:1073000027447F780F705F7807EB470727447E702C
:10731000BF7817705F7807EB470C64447F1CA6703A
:107320000624B7FBF4F604FB16745C702B785B1E26
:107330000F2B07D80978491E0F2903D81178122975
:1073400000D10120F0BD0000AC040020507B0020E3
:1073500030B50B4A9378002B11D11378094C03EB0D
:107360004305605528195B1C41701221817006206D
:10737000B3FBF0F100FB113010700120907030BDB4
:10738000AC040020507B0020014981F86203704763
:10739000AC000020014981F861037047AC00002077
:1073A000014981F860037047AC00002008280BD227
:1073B0000A2909D200EB8003C3EB8010034B03EBD7
:1073C000800000EB8100C26570470000606700200C
:1073D000104810B54168D1F89822521CC1F8982283
:1073E000C069D0F89812491CC0F898120948FFF7F4
:1073F000A5FE084818300446FFF7A0FE0548FFF731
:1074000021FF2046FFF71EFFBDE81040A520FFF733
:10741000BBBF0000740A00202DE9F041434E002755
:107420003D464FF4B078F8B2FDF7F2FA05F10A01E3
:1074300089B200F13402434606E09D4202D210CAEE
:1074400046F825406D1CADB28D42F6D301F10A021B
:1074500092B200F15C0406E0994202D220CC46F8D8
:107460002150491C89B29142F6D302F10B0189B235
:1074700000F1840409E09A4205D2B4EC010A06EB5B
:10748000820585ED000A521C92B28A42F3D301F1C3
:107490000B0292B200F1B00409E0994205D2B4ECBB
:1074A000010A06EB810585ED000A491C89B291426B
:1074B000F3D3511C8CB200F1DC0109E09A4205D2F1
:1074C000B1EC010A06EB820585ED000A521C92B26E
:1074D000A242F3D3611C8DB2E03006E09C4202D29E
:1074E00002C846F82410641CA4B2AC42F6D37F1C38
:1074F000BFB2082F97D3A1003046FCF7B1FF46F882
:107500002400641CA0B2B0F5B17F0DD24FF6FF711C
:1075100001EA800231460020FCF734FF002803D145
:1075200003490888401C0880BDE8F081D86E00201F
:107530004404002070B5904B8E4C0021586B8F4A4C
:10754000401C5863012020CA44F82150491C89B2CC
:107550008142F8D30246401C874904E020C944F820
:107560002250521C92B28242F8D30146401C1B1D8D
:1075700004E004CB44F82120491C89B28142F8D3AD
:1075800001467D4A401C083204E008CA44F8213014
:10759000491C89B28142F8D30146774A401C0C321B
:1075A00008E000BFB2EC010A04EB8103491C89B278
:1075B00083ED000A8142F5D301466F4A401C103228
:1075C00004E008CA44F82130491C89B28142F8D34A
:1075D0000146694A401C143204E008CA44F82130CC
:1075E000491C89B28142F8D30146634A001D183212
:1075F00004E008CA44F82130491C89B28142F8D31A
:1076000001465D4A401C283208E000BFB2EC010A86
:1076100004EB8103491C89B283ED000A8142F5D352
:107620000146554A401C2C3204E008CA44F8213077
:10763000491C89B28142F8D301464F4A401C30327E
:1076400004E008CA44F82130491C89B28142F8D3C9
:107650000146494A401C343204E008CA44F821304B
:10766000491C89B28142F8D30146434A401C383252
:1076700004E008CA44F82130491C89B28142F8D399
:1076800001463D4A401C3C3204E008CA44F821301F
:10769000491C89B28142F8D30146374A401C403226
:1076A00004E008CA44F82130491C89B28142F8D369
:1076B000314A411C443204E008CA44F82030401CDE
:1076C00080B28842F8D3481C2B4A80B2483204E08A
:1076D00008CA44F82130491C89B28142F8D3411CC0
:1076E000254A89B24C3204E008CA44F82030401CD4
:1076F00080B28842F8D3481C1F4A80B2503204E05E
:1077000008CA44F82130491C89B28142F8D3411C8F
:107710008DB21949543104E004C944F82020401CBA
:1077200080B2A842F8D3681C81B21348583004E0F4
:1077300004C844F825206D1CADB28D42F8D3204614
:10774000A900FCF78DFE44F825006D1CA8B219288D
:107750000FD84FF6FF7101EA800221464FF4C06056
:10776000FCF710FE002804D10349091F4888401C7B
:10777000488070BD5C740020480400201404002080
:107780002DE9F04F1B4C002004F180029FED1A0AF6
:1077900001464FF6FF75A2F1400602F14008FF23B3
:1077A00002F1600902F1800702F1A00A02F5987B5C
:1077B00002F5B87E44F8201002EB800C22F820106D
:1077C000ACF8021046F8205028F8101029F81030B4
:1077D0000AEB800C27F810308CED000A0BEB800CC4
:1077E0008CED000A2EF81010401CC0B21028E1D316
:1077F000BDE8F08FC07400200000000070B50446A2
:10780000D4E9A605854202D92E1A142E04D2854247
:107810002BD2401B142828D34FF6FF70814224D26C
:1078200088184FF6FE75401EA8421ED25A2084F8D2
:107830005501A52084F85601042084F857018320BF
:1078400084F85801080A84F8590184F85A1184F818
:107850005B21012B0AD00722206D04F25511436BE6
:107860009847D4F89802C4F89C0270BD042104F52E
:10787000AC70FCF7F5FD010A84F85C1184F85D0139
:107880000922E9E72DE9F04104461D46D4E9A63670
:107890004FF0000C069F60469E4204D9A6EB030EF3
:1078A000BEF1140F04D29E4240D29B1B142B3DD339
:1078B0004FF6FF73994239D24B194FF6FE765B1E95
:1078C000B34233D25A2384F85531A52384F8563174
:1078D000032303EB450384F85731822684F858616B
:1078E0000E0A84F8596184F85A110BE032F810102E
:1078F00004EB40064FEA112C86F85BC1401C86F869
:107900005C1180B2A842F1D3012F12D05FF00600C3
:1079100000EB450082B2206D04F25511436B98478D
:10792000D4F898024FF0010CC4F89C026046BDE800
:10793000F081194604F5AC70FCF792FD04EB4501AB
:10794000020A81F85B2181F85C010820E0E7000071
:107950002DE9F04104461D46D4E9A6360020069FD5
:107960009E4204D9A6EB030CBCF1140F04D29E4234
:107970003ED29B1B142B3BD34FF6FF73994237D259
:107980004B194FF6FE765B1EB34231D25A2384F870
:107990005531A52384F85631032303EB450384F8BE
:1079A0005731822684F858610E0A84F8596184F8A8
:1079B0005A110BE032F8021B04EB40064FEA112C7F
:1079C00086F85BC1401C86F85C1180B2A842F1D3F6
:1079D000012F0FD05FF0060000EB450082B2206D52
:1079E00004F25511436B9847D4F89802C4F89C02EE
:1079F000BDE8F081194604F5AC70FCF731FD04EBED
:107A00004501020A81F85B2181F85C010820E3E767
:107A100030B5082866D20A2964D200EB8002C2EB96
:107A20008010354A02EB800202EB8100536A436307
:107A300001235418002984F8283053D094F82740A3
:107A4000012C06D1D0E90C45A54200DD0023C2F887
:107A5000E030D0E916431C1B00EE104AD0E90C546C
:107A6000F8EEC00A651B00EE105A0929B8EEC01ADC
:107A700080EE810A00EE903A01EE104AF8EEE00A3C
:107A8000B8EEC11A80ED210A40EE410AC0ED2C0A81
:107A90001CD2046EE31A00EE103AD0E90D53F8EE52
:107AA000C00A5D1B00EE105AB8EEC01A80EE810AC3
:107AB00000EE904A01EE103AF8EEE00AB8EEC11A74
:107AC00080ED220A40EE410AC0ED2D0A01290AD0BC
:107AD000092907D192ED2A0A82ED2B0A92ED350A87
:107AE00082ED360A30BD92ED220A82ED210A92ED36
:107AF0002D0A82ED2C0A30BD60670020D0E90132EA
:107B000001699A60D0E901235A604A68824201D132
:107B100082684A60002202610868401E08600868A6
:107B200070470000034B036003F15400086080209D
:107B300010607047C81E002000F108014FF0FF32AE
:107B4000C0E90112C160016100210160704700219C
:107B50000161704730B50B685A1C02D000F1080271
:107B600002E0026904E02246546825689D42FAD981
:107B700053684B6099608A60516008610168491CD4
:107B8000016030BD42684A6093688B6093685960B9
:107B9000916008610168491C01607047502080F3C2
:107BA0001188BFF34F8FBFF36F8F0A494868401C9D
:107BB000486001280CD10848006810F0FF0F07D07A
:107BC000502080F31188BFF34F8FBFF36F8FFEE714
:107BD000704700007800002004ED00E00849486884
:107BE00028B1401E486001D180F3118870475020B1
:107BF00080F31188BFF34F8FBFF36F8FFEE7000054
:107C00007800002070B500282AD0164DA0F1080495
:107C100060686969084207D1502080F31188BFF37A
:107C20004F8FBFF36F8FFEE722683AB1502080F389
:107C30001188BFF34F8FBFF36F8FFEE788436060FB
:107C400000F080F860686968084468602046FEF7C4
:107C5000CFFA2869401C2861BDE8704000F04ABA9C
:107C600070BD0000580000204FF0E02000210161AD
:107C7000816105494FF47A720968B1FBF2F1491E3E
:107C800041610721016170471800002010B5020012
:107C900014D00F48006B38B1502080F31188BFF327
:107CA0004F8FBFF36F8FFEE700F04CF800211046B6
:107CB000FEF742F900F01EFA002807D105494FF0FF
:107CC00080500860BFF34F8FBFF36F8F10BD00006F
:107CD0001C00002004ED00E010B586B000240394E1
:107CE00005AA04A903A80494FFF71CFFDDE903011A
:107CF0000094CDE9011000230EA11048059A00F070
:107D000068F90F490028C86211D0502080F311880B
:107D1000BFF34F8FBFF36F8F4FF0FF3088620120AA
:107D20004861CC6006B0BDE8104000F0ABB806B0CA
:107D300010BD000049444C4500000000F9600008F7
:107D40001C0000200248016B491C016370470000C1
:107D50001C0000201448016B11B10121C161704762
:107D60000021C1610169B1FA81F1C1F11F0101EB8B
:107D700081020E4951F822306BB101EB820101F111
:107D800008034A6852684A609A4201D152684A60C0
:107D9000D16801607047502080F31188BFF34F8F86
:107DA000BFF36F8FFEE700001C000020482A002070
:107DB00070B50022102916D800250B4B11E000BF2A
:107DC00023F8125010F8124000EB4206240204F48B
:107DD0007F4423F812407678344423F81240521C32
:107DE000D2B28A42ECD370BD8075002070B50022FB
:107DF0000C2916D800250B4B11E000BF23F81250B8
:107E000010F8124000EB4206240204F47F4423F8E9
:107E100012407678344423F81240521CD2B28A427F
:107E2000ECD370BD4076002070B50022102921D916
:107E300070BD124B002400EB820543F8224010F87D
:107E40002240240204F47F4443F822406E783444F4
:107E50000B4E06EA042443F82240AE783444240250
:107E600024F0FF0443F82240ED782C4443F82240EC
:107E7000521CD2B28A42DCD370BD0000C074002014
:107E800000FFFF001CB537480168374A914207D10F
:107E9000502080F31188BFF34F8FBFF36F8FFEE741
:107EA00000683149491E884207D1502080F311886B
:107EB000BFF34F8FBFF36F8FFEE72C490878019017
:107EC000FF20087008788DF800009DF800009DF8EC
:107ED000002000F0F000904207D0502080F311887D
:107EE000BFF34F8FBFF36F8FFEE79DF80000204C6C
:107EF00000F0500020700720A06005E09DF80020F1
:107F000052008DF80020401E9DF800201206F5D486
:107F1000A060032807D0502080F31188BFF34F8F53
:107F2000BFF36F8FFEE74FF44070A06001980870B8
:107F30000C482030016841F470010160016841F093
:107F400070410160FFF790FE00206060F8F7B4F91F
:107F50000848016841F040410160F8F799F90020B4
:107F60001CBD000000ED00E071C20F4100E400E024
:107F70007800002034EF00E02DE9FF5F8346DDE963
:107F80000E87994616468A469000FEF77BF9050053
:107F90001CD05420FEF776F9040014D0002025638D
:107FA00084F85100CDE90240CDE900874B463246C6
:107FB00051465846FEF7D0F82046FDF7F5FF012060
:107FC00004B0BDE8F09F2846FFF71CFE4FF0FF30DD
:107FD000F6E7F0B585B0DDE90B640A9DA6B1DCB12A
:107FE000542700972663022684F85160002604AFC8
:107FF000CDE90246CDE90057FEF7AEF82046FDF781
:10800000D3FF049805B0F0BD502080F31188BFF372
:108010004F8FBFF36F8FFEE7502080F31188BFF3BF
:108020004F8FBFF36F8FFEE72DE9F0412F4C0026F5
:10803000206B28B1A069401CA0613046BDE8F081EA
:10804000E5686D1CE56013D1606B006838B15020A5
:1080500080F31188BFF34F8FBFF36F8FFEE7606B24
:10806000A16B6163A063206A401C2062FEF7E6F802
:10807000A06ADFF87C80854209D3606B0068A0B1FC
:10808000606BC068C7687868854211D2A0622068BA
:10809000C06A00EB800158F82100012800D90126B0
:1080A000E0690028C9D00126C7E74FF0FF30EDE7AF
:1080B000381DFFF723FDB86A18B107F11800FFF764
:1080C0001DFDF96A0120226988401043206101EBFF
:1080D000810108EB8100391DFFF754FDF86A216822
:1080E000C96A8842C9D30126C7E700001C000020E6
:1080F000482A00202DE9F0472C4D00242746286B04
:1081000038B1FFF74BFD286B401E2863286B40B148
:1081100046E0502080F31188BFF34F8FBFF36F8F7D
:10812000FEE7A968224E0120D1B3A6F1B40980462A
:108130003068E8B1F068C46804F11800FFF7DEFCAD
:10814000201DFFF7DBFCE06A2A6908FA00F1114301
:10815000296100EB800109EB8100211DFFF712FD71
:10816000E06A2968C96A8842E2D3C5F81C80DFE763
:108170000CB1FEF763F8AC6944B14646FFF754FF13
:1081800000B1EE61641EF9D10020A861E86938B140
:108190000849012738070860BFF34F8FBFF36F8F7F
:1081A000FFF71CFD3846BDE8F08700001C000020EA
:1081B000FC2A002004ED00E021F00042A2F1605210
:1081C000B2F5801F01F0004328BFD2F17F6C0BD9BC
:1081D0005FEA001C43EAC20242EB507018BF7047CE
:1081E00028BF20F001007047B2F5801FBCBF1846C1
:1081F00070474FEA410C1CF5001F02D2084600F000
:10820000B8B970B500F026F900000089FFF7F6BF95
:108210004FF00040A0F580007047491058BFC1F1F1
:1082200040415B1058BFC3F140438B42EFF30080E5
:10823000704710F0004248BF4042B0FA80F310FA95
:1082400003F10AD0C3F11D0303F580634FEA4150E7
:1082500002EB035202EBD12170474FF00000704750
:10826000B0FA80F310FA03F10AD0C3F11D0303F54D
:1082700080634FEA41504FEA035202EBD12170472D
:108280004FF000007047000051EA030C17D41CF5B2
:10829000801F58BFBCF5801F00F10680994218BFAF
:1082A000704708BF9042704707D711F5801F58BF2D
:1082B00013F5801F19D499427047894270471CF505
:1082C000801F08D5BCF5801FF7D58B4218BF7047BB
:1082D00008BF824270474FF4001C1CEB410F38BFAF
:1082E0001CEB430F01D28B42704770B500F0B2F81F
:1082F000922449004FF000514FF08053FFF78DBF9B
:10830000DFF848C170B51CEA111E1EBF1CEA131528
:108310009EEA0C0F95EA0C0F00F06F8081EA0304CF
:1083200023EA4C134EEAD47E21EA4C1141F4801129
:1083300043F48013AE44A1FB024CA0FB0365AEF1F5
:108340007F7E361955EB0C05A1FB034C4CF1000365
:10835000A0FB021C16EB0C06654153F10003094219
:1083600018BF46F0010613F4007F0BD14FEA03312A
:108370004FEA0530340341EA155140EA16506FF0D8
:1083800003020AE04FEAC3214FEAC520F40241EAA2
:10839000555140EA56506FF0020202EB2E4201EBBB
:1083A000025585EACE710AD05FEA440C18BF24F06A
:1083B000004450F1000041F1000120EAD47040F285
:1083C000FE7C624500D270BDA84214BF4FF08044CD
:1083D0004FF04044002E08BF0024BEF1806FA8BFBC
:1083E000A1F1C041BDE8704080F282804FF00000F2
:1083F00001F1C04101F0004170479EEA0C0F0CEA08
:10840000131518BF95EA0C0F06D04FF0000081EA53
:10841000030E0EF0004170BD00F01CF88900013E13
:1084200000F007B800F009B84FEA430C5FEA5C5C63
:1084300008D081EA030100F05BB84FEA410C5FEA23
:108440005C5CF6D14FF00000014970470000FF0767
:108450000000F87F0EF1020E2EF0030E5EF8046BA2
:10846000364205D4012A43EB030515F5001F12D847
:10847000012841EB010C1CF5001F0CD80ED14FEA6E
:10848000D17C15F5001F0CEB4C0C0CF1020C08BF55
:108490004CEBD37C04E04FF0080C01E04FEAD37CB6
:1084A0000CEB4C0526FA05F606F00706B6F1040CAF
:1084B00006D20EEB860CBDE870404CF0010C604714
:1084C000DFE80CF0090B02024FF000414FF0000012
:1084D000A1F5002170BD19461046012851EB010499
:1084E00018BFD4F5001484BF002001F0004170BD16
:1084F0000808A0F500114FEA3101704753EA010C5A
:1085000017D41CF5801F58BFBCF5801F00F10680F2
:108510008B4218BF704708BF8242704707D713F5D8
:10852000801F58BF11F5801F19D48B4270479B42A2
:1085300070471CF5801F08D5BCF5801FF7D5994200
:1085400018BF704708BF904270474FF4001C1CEBE7
:10855000430F38BF1CEB410F01D2994270470FB453
:108560000CBC03BCFFF7C1BE4FF04070E1EE100A37
:108570007047FF2141EAD050C00570473C88000891
:10858000113B000800000000000000008000000017
:10859000000000000000000048880008193B0008A7
:1085A000FDFF0000000000000004000000000000CB
:1085B0000000000000061016000610160000000063
:1085C0000000000001020304060708090000000083
:1085D0000102030400C1814001C0804101C080410B
:1085E00000C1814001C0804100C1814000C1814083
:1085F00001C0804101C0804100C1814000C1814073
:1086000001C0804100C1814001C0804101C0804162
:1086100000C1814001C0804100C1814000C1814052
:1086200001C0804100C1814001C0804101C0804142
:1086300000C1814000C1814001C0804101C0804132
:1086400000C1814001C0804100C1814000C1814022
:1086500001C0804101C0804100C1814000C1814012
:1086600001C0804100C1814001C0804101C0804102
:1086700000C1814000C1814001C0804101C08041F2
:1086800000C1814001C0804100C1814000C18140E2
:1086900001C0804100C1814001C0804101C08041D2
:1086A00000C1814001C0804100C1814000C18140C2
:1086B00001C0804101C0804100C1814000C18140B2
:1086C00001C0804100C1814001C0804101C08041A2
:1086D00000C1814000C0C101C30302C2C60607C772
:1086E00005C5C404CC0C0DCD0FCFCE0E0ACACB0BE2
:1086F000C90908C8D81819D91BDBDA1A1EDEDF1F12
:10870000DD1D1CDC14D4D515D71716D6D21213D301
:1087100011D1D010F03031F133F3F23236F6F737B1
:10872000F53534F43CFCFD3DFF3F3EFEFA3A3BFBA1
:1087300039F9F83828E8E929EB2B2AEAEE2E2FEF51
:108740002DEDEC2CE42425E527E7E62622E2E323C1
:10875000E12120E0A06061A163A3A26266A6A767F1
:10876000A56564A46CACAD6DAF6F6EAEAA6A6BAB61
:1087700069A9A86878B8B979BB7B7ABABE7E7FBF91
:108780007DBDBC7CB47475B577B7B67672B2B37381
:10879000B17170B050909151935352929656579731
:1087A000559594549C5C5D9D5F9F9E5E5A9A9B5B21
:1087B00099595898884849894B8B8A4A4E8E8F4FD1
:1087C0008D4D4C8C44848545874746868242438341
:1087D0004181804000000000320000006400000081
:1087E000C8000000F4010000E8030000D00700000A
:1087F000B80B0000A00F000088130000236460EA9B
:10880000015A35000131006400100020000800808A
:10881000004004000800100020004000002001007B
:108820000400008020000004010002000400080091
:1088300010008000010002000800100064656661FD
:10884000756C745461736B006170705461736B313B
:108850004D7300007488000800000020C81E00004E
:10886000C401000888920008C81E0020806500002E
:108870002802000892000112010462100D00045E3B
:1088800024F4000112AA01012A300006FF0C0B009B
:1088900020000101FF0101FF010162011ECD6A03F9
:1088A0001006ACF7FF1FE8045006107AFF1FAC0853
:1088B000300820F4F01F5000F80443907510ADD438
:1088C00003338813076E405004FE02F603A3A04052
:1088D000301E646B04921E045E327F044F1A04F44F
:1088E00003067908042FBC1870040C04FF01004C27
:1088F000780401FF015D1603EBFFFFCE0E4A58110D
:1089000007100B80360031003500380034080A505B
:1089100031D02A14D00804FF02008CD001FF0109D5
:1089200067D00A1501D01006D40400200F081006E5
:10893000D019002011782C05481A0020800A2C0537
:10894000A407002034061006CC15002005A212DC76
:10895000080005230010024004920804120C105273
:10896000041C02150C0461385200047F05056C0AD2
:10897000021602D41D210B1006194B00081F041209
:10898000210412250C121D04121B04033C01064095
:10899000023D024014061C210020A0444C07A27B8B
:1089A0000020627B2C0B6E64DC0B00FF00901190AA
:1089B000219031904190519061907190819091906F
:1089C000A190B190C190D190E190F190019111915D
:1089D0002191319141915191619171918191919147
:1089E000A191B191C191D191E191F1910192119235
:1089F000219231924192519261927192819291921F
:108A0000A192B192C192D192E192F192019311930C
:108A100021933193419351936193719381939193F6
:108A2000A193B193C193D193E193F19301B011B0AC
:108A300001941194219431944194519461947194CE
:108A400081949194A194B194C194D194E194F194BE
:108A500001951195219531954195519561957195A6
:108A600081959195A195B195C195D195E195F19596
:108A7000019611962196319641965196619671967E
:108A800081969196A196B196C196D196E196F1966E
:108A90000197119721973197419751976197719756
:108AA00081979197A197B197C197D100FF0097E166
:108AB00097F19701B111B10198119821983198411E
:108AC0009851986198719881989198A198B198C19E
:108AD00098D198E198F1980199119921993199418A
:108AE0009951996199719981999199A199B199C176
:108AF00099D199E199F199019A119A219A319A4162
:108B00009A519A619A719A819A919AA19AB19AC14D
:108B10009AD19AE19AF19A019B119B219B319B4139
:108B20009B519B619B719B819B919BA19BB19BC125
:108B30009BD19BE19BF19B01B211B2019C119C2145
:108B40009C319C419C519C619C719C819C919CA1FD
:108B50009CB19CC19CD19CE19CF19C01A011A021E5
:108B6000A031A041A051A061A071A081A091A0A1BD
:108B7000A0B1A0C1A0D1A0E1A0F1A001A111A101CB
:108B80009E119E219E319E419E519E619E719E81AD
:108B90009E919EA19EB19EC19ED19EE19EF19E019D
:108BA0009F119F219F319F419F519F612C1E9F715B
:108BB0009F819F919FA19FB19FC19FD19FE19FF1F5
:108BC0009F01B311B33000B700746427036007013D
:108BD00000300077010C838101188381011883D252
:108BE000021883D2023083220448832204481004EE
:108BF0002E00C51822283C6006012E0085010C833A
:108C00007F0118837F011883D0021883D00230833C
:108C1000210448832104181C040F00282B0412226D
:108C20007810040000960C431F040C4007540128E0
:108C30000210F80C90040F008C24928C24728C2467
:108C4000830D0248838A024883480348830D024803
:108C5000838A024883480348321490321C6C329B4A
:108C600090410C324A903118330114906124928C57
:108C700024728C248312024883940248833E034862
:108C80008312024883940248833E03481C04A000D8
:108C90008B4A0B10041200026C6005A0004B010C03
:108CA00083F1011883F101188342033083420330BA
:108CB0008393044883930430100410007E04141E30
:108CC0003E0161017E0061013E01B2027E00B202FE
:108CD0003E0103047E0003043E011300E7B83A207E
:108CE0001860051300B9010C92BB1892BB1883637E
:108CF000011883630118830B0248830B024892C555
:108D00001892C518836D0360836D0360831504603A
:108D10008315044892BD1892BD1810041300D27830
:108D20003A167860051300C3010C92BB1892BB1869
:108D30008363011883630118830B0248830B024885
:108D400092C51892C518836D0360836D0360831507
:108D500004608315044892BD1892BD1818042D00B4
:108D60003D48361AE812AF0C52FF0C180459013D69
:108D70006C3A1A5490042D007E24927E24927E2414
:108D800092BF2492BF2472BF48832B026C83AD0232
:108D90006C8348036C832B026C83AD026C834803A5
:108DA0006C832B026C83AD026C8348036C0116D874
:108DB0001004540144903A14FC0116D89004540154
:108DC00085240114D870045401C6480118D8816C58
:108DD0000118D8816C0118D8816C18063E00730008
:108DE00094282D800360053E0064010C92E61892E1
:108DF000E618838E0118838E011883360248833665
:108E0000024892F11892F1188399036083990360E4
:108E1000834104608341044892E91892E9181004E0
:108E20000B005F0410045001B30812B30810125B6A
:108E3000015F005B01500103025F0003025001BDAE
:108E40000812BD08101265035F00650350010D0490
:108E50005F000D045001B50812B508450041FA70D5
:108E60000419052C0CC118721E0C1E06C20A1EE83D
:108E700014142C0AFC0D00205C0E00200C30101085
:108E8000050C0020BC0C20054C0F002020122810DF
:108E900052DC0C12481C4F3C10680A1268281E8CC9
:108EA000100D2D6010C36C0C44928C44212052ACE8
:108EB00044210C92CC4412EC6C43981434D2F0440C
:108EC00083100D44215443300D4421601250B04FA3
:108ED0004C14F00A12702812A4442D7815227484C0
:108EE000115C1C061C110020122A11229434110C52
:108EF00043B4122012B82C438C130C92D84412F8AD
:108F00006C3EB0DC0D1C050000D94533111DEA058F
:108F10004FA1453B1143BD491022F5181DE0062223
:108F200085101006030000E36E081D641112E110A5
:108F3000ED98090D168809ED8009ED70092D60097D
:108F40001C045600600C083E3CC4056005560049F0
:108F5000010C83DC011883DC01188362031883622F
:108F6000033083E8043083E804307C045600773C07
:108F700008116C7D3C0883DC0118116C7D6C088342
:108F8000620318116C713083E80430116C7D6C0839
:108F90002C041306617E123D0C0812630C52FF0C68
:108FA00012EA0C6DEC0490041306A72492A72492F5
:108FB000A72492E82492E82492E848832F016C8346
:108FC0002F016C832F016C0114906C05E50667007E
:108FD000A4040116909004E506AD240114909004B9
:108FE000E506EE480114906C05E5063501A4041E63
:108FF0008CE6084D8C071D28035F0006A4071D5A48
:109000000882021883120218839803308398031889
:10901000831E0548831E05308F3707E0031E1E524E
:10902000091C061E000401A436091006A40104014F
:109030002A4C2C0D2A030401B0041400B0040401CE
:1090400000041EE0380E1006641B0020AC042E093C
:10905000B818110C12F4104F601C000412201052AA
:10906000CC0C1240184F201D000412600C4F141D30
:10907000000410060416002050044FB016AC031272
:1090800014101F10174C0D4E172004122C204F30B7
:10909000182C04123C28439C1844124C0C4F901876
:1090A000D40383381D882D440483581D882D54040F
:1090B0001278104FBC1D880483981D8812B8144381
:1090C000041E68C3101E88C3201E88123820525CFC
:1090D0002C83481E8812580C12BC046D9D124F330D
:1090E00055F4034FE554F4034FCD53F4034FCF52DF
:1090F000F40322F1081D5D0F2213181D45051355B9
:109100005108200507000015081DE5042235181533
:109110004D226D0820050A0000950820050B00006F
:1091200045381DED04228B2820050D000051681ED6
:109130000E640B4E556C044F4D5B7C044F6D556CAB
:109140000443015B784FB55A6C0443DB5A78431DE6
:109150005A7843275B78438F5A7843435A78436958
:109160005A7843DD557843AD6A7843196F7843C127
:109170006E783DC4041D451013ED59081D180F4F9E
:10918000715BF4045E5064100F84D007F80E2D104C
:10919000076DFC049EB31405839202188392021893
:1091A000837904189E79FC049EB3FC049EB3FC04EE
:1091B00083920218839202189E79E404BE79E40433
:1091C0009E7030049E70C0049E70C0049EC930041E
:1091D0009EC9C0049EC9C0049E2330049E23C004BF
:1091E0009E23C00401146C9C04E506769C040114C3
:1091F0006C9C04E506D19C0401146C7C04E5062BF0
:109200009C049EF09C049EF09C049ED09C049ED0E6
:109210009C042D4804810C0D148404127D541E7D81
:1092200084041E58E00410065802040142341E4211
:109230007C040D8248101E98480E4774640860052F
:1092400098000C010C831C0218831C021883A203D3
:109250003083A20318A1F0FD8C10EC189D119D2104
:109260009D319D419D519D619D719D819D919DA1CE
:109270009DB19D70100D1260100146A08328054815
:0892800003142805B8000000EA
:040000050800018965
:00000001FF
