:020000040800F2
:100000001086002031030008993C0008B72F000833
:1000100009380008A9100008D343000800000000B8
:100020000000000000000000000000007102000855
:10003000B111000800000000CD020008653D000875
:100040004B0300084B0300084B0300084B03000858
:100050004B0300084B0300084B0300084B03000848
:100060004B0300084B0300084B0300084B03000838
:10007000AD1000084B030008B91000084B0300083E
:10008000C5100008D11000084B0300084B030008FE
:100090004B0300084B0300084B0300084B03000808
:1000A0004B0300084B0300084B0300084B030008F8
:1000B0004B0300084B0300084B0300084B030008E8
:1000C0004B0300084B0300084B0300084B030008D8
:1000D0004B0300086143000879430008914300087E
:1000E0004B0300084B0300084B0300084B030008B8
:1000F0004B0300084B0300084B0300084B030008A8
:100100004B0300084B0300084B0300084B03000897
:100110004B0300084B030008393E00084B0300085E
:100120004B030008DD100008E91000084B0300082D
:100130004B0300084B0300084B0300084B03000867
:100140004B0300084B0300084B0300084B03000857
:100150004B030008F510000801110008A94300082E
:100160004B0300084B0300084B0300084B03000837
:100170004B0300084B0300084B030008000000007D
:100180004B0300084B03000800F002F800F060F891
:100190000AA090E8000C82448344AAF10107DA45E2
:1001A00001D100F055F8AFF2090EBAE80F0013F0D4
:1001B000010F18BFFB1A43F00103184754870000D2
:1001C0007487000010F8013B0A4413F0030408BFD1
:1001D00010F8014B1D1108BF10F8015B641E05D01B
:1001E00010F8016B641E01F8016BF9D1002D15D0D8
:1001F00010F8014B03F00C030C2BA1EB04040ABF15
:1002000010F8013BA4EB8314A4EB032405F10103D4
:1002100014F8016B5B1E01F8016BF9D5914238BFF0
:1002200010F8013BD1D3704700230024002500269D
:10023000103A28BF78C1FBD8520728BF30C148BF49
:100240000B6070471FB508F0F1F91FBD10B510BD68
:1002500000F0A6F91146FFF7F5FF05F08FFE00F05C
:10026000C4F903B4FFF7F2FF03BC00F0CBF90000C0
:100270002C4B19680868B0E8F04F80F30988BFF389
:100280006F8F4FF0000080F311887047000000006E
:1002900008480068006880F308884FF0000080F389
:1002A000148862B661B6BFF34F8FBFF36F8F00DF64
:1002B00000BF00BF08ED00E0DFF80C00016841F46A
:1002C00070010160704700BF88ED00E0EFF3098026
:1002D000BFF36F8F134B1A681EF0100F08BF20ED8D
:1002E000108A20E9F04F106009B44FF0500080F3FD
:1002F0001188BFF34F8FBFF36F8F07F085FE4FF06C
:10030000000080F3118809BC19680868B0E8F04F54
:100310001EF0100F08BFB0EC108A80F30988BFF3FD
:100320006F8F70471C000020EFF3058070470000BE
:100330000948804709480047FEE7FEE7FEE7FEE779
:10034000FEE7FEE7FEE7FEE7FEE7FEE704480549B5
:10035000054A064B70470000293E00088901000845
:10036000107E0020108600201082002010820020C5
:1003700053EA020C00F069802DE9F04B4FF00006C3
:10038000002B1FBFB3FA83F503FA05F424FA05F630
:100390005E4012BF1643B2FA82F502FA05F4C5F1C7
:1003A00020051EBF22FA05FC44EA0C04203556EA5B
:1003B000044C4FEA144418BF641C4FF000084FF07F
:1003C0000009904271EB030C39D3002919BFB1FA2F
:1003D00081F701FA07F6B0FA80F700FA07F6C7F1DD
:1003E00020071EBF20FA07FC46EA0C062037B6FBA2
:1003F000F4FCA7EB0507103F07F01F0BCBF120061D
:100400000CFA0BFB2CFA06F644BFB3460026202F4D
:10041000A4BF5E464FF0000B5BEA060C08BF4FF02E
:10042000010B19EB0B09ABFB027C48EB0608C01B68
:1004300006FB02CC0BFB03CC71EB0C01C1E70B46B6
:10044000024641464846BDE8F08B13B54FF0000028
:100450004FF00001AFF30080BDE81C407047032A55
:1004600040F2308010F0030C00F0158011F8013BD1
:10047000BCF1020F624498BF11F801CB00F8013BB8
:1004800038BF11F8013BA2F1040298BF00F801CB7C
:1004900038BF00F8013B11F0030300F02580083A53
:1004A000C0F0088051F8043B083A51F804CBA0E8AA
:1004B0000810F5E7121D5CBF51F8043B40F8043BFF
:1004C000AFF30080D20724BF11F8013B11F801CB34
:1004D00048BF11F8012B24BF00F8013B00F801CB05
:1004E00048BF00F8012B704710B5203AC0F00B80D0
:1004F000B1E81850203AA0E81850B1E81850A0E828
:100500001850BFF4F5AF5FEA027C24BFB1E8185081
:10051000A0E8185044BF18C918C0BDE810405FEAF1
:10052000827C24BF51F8043B40F8043B08BF70476D
:10053000D20728BF31F8023B48BF11F8012B28BF72
:1005400020F8023B48BF00F8012B70474FF0000233
:1005500000B5134694469646203922BFA0E80C50B9
:10056000A0E80C50B1F12001BFF4F7AF090728BF94
:10057000A0E80C5048BF0CC05DF804EB890028BF10
:1005800040F8042B08BF704748BF20F8022B11F039
:10059000804F18BF00F8012B7047704770477047B5
:1005A000754600F02BF8AE4605006946534620F02C
:1005B0000700854618B020B5FFF7C8FEBDE820400B
:1005C0004FF000064FF000074FF000084FF0000B0F
:1005D00021F00701AC46ACE8C009ACE8C009ACE8C2
:1005E000C009ACE8C0098D46704710B50446AFF3AA
:1005F00000802046BDE81040FFF733BE004870473A
:10060000B07D002001491820ABBEFEE726000200A5
:100610007047F0B50025541E1CE00023561B761EC3
:1006200015E000EB830E50F82370DEF804C0674538
:100630000CDD40F823C0CEF80470CF1811F803E0A9
:1006400097F801C001F803C087F801E05B1C9E42E7
:10065000E7DC6D1CA542E0DBF0BD70B5FF2605466A
:10066000002481780BE0A86800EB0410827B012A4B
:1006700003D1C27B0AB1427B4AB1641CE4B2A142FD
:10068000F1D8A878A04200D92646304670BD00F0C7
:10069000EBFDF6E72DE9F041364C102100206170AA
:1006A000354D0421A17095F85810E170E96D09B934
:1006B0000221E170314961608031A1604031E16027
:1006C00040312161A988E1822989218395ED030ABE
:1006D000BCEEC00A10EE101A618395ED0A0ABCEE5A
:1006E000C00A10EE101AA183E96C012921D1A98852
:1006F000F2EE040A01EB81024FF6FF7101EA4202B9
:10070000E2822A8902EB820201EA4201218395ED0D
:10071000030A20EE200ABCEEC00A10EE101A618314
:1007200095ED0A0A20EE200ABCEEC00A10EE101A5F
:10073000A1830022616801EBC001401C0A7161784D
:10074000C0B28142F6D800264FF001080DE0A06843
:1007500000EB0617384600F087FD05EB860087F8AA
:100760000E80007E761CF873F6B2A078B042EED808
:10077000BDE8F081087D002048040020F87B0020BF
:10078000F0B504460020207514E0616801EBC0015B
:100790000A796AB90968A28B914209DD237DE26872
:1007A00042F82310227D21698854217D491C21753E
:1007B000401CC0B261788142E7D8207DFF2106E06D
:1007C000E26842F8201022691154401CC0B26278DD
:1007D0008242F5D82046FFF740FF227D0746022AD5
:1007E0005AD3FF2F58D0D4E90301FFF712FF002698
:1007F0004FE0E368A08B012553F82620824241DBBD
:10080000701C0EE053F820C0B4F81AE0ACEB020CF8
:10081000F44509DC6D1C94F803C0EDB2AC4503D976
:10082000401CC0B28142EDD8022D2BD32046FFF7E9
:1008300014FF0746FF2825D0A0787219B7FBF0F106
:1008400000FB1170A1686FF0030301EB0010E16879
:1008500003EB820231F826100180E168895A418059
:100860000571C17B417300210AE022694318525C83
:100870005A716368491C03EBC202437B1371C9B20E
:10088000A942F2D37019401EC0B2FF2F04D0401C01
:10089000C6B2217DB142ACD8F0BD2DE9F04106468B
:1008A00000251CE0706800EBC50898F80400A0B9AA
:1008B00000270FE0B068F17800EB07142079884238
:1008C00006D242462146304600F075FC01280BD086
:1008D0007F1CFFB2B078B842ECD86D1CEDB27078D6
:1008E000A842DFD8BDE8F081002160184079FF28D8
:1008F0000AD0491CC9B20829F7D32079401C2071BD
:10090000617B88F80410E8E760184571F5E72DE988
:10091000F04100250646A84633E0706800EBC507A5
:100920003A7962B30020B17807E0B36803EB0014B2
:10093000637B9A4203D0401CC0B28142F5D8814209
:1009400002D887F804801AE03A462146304600F083
:1009500032FCA0B987F80480217981B1002009E038
:1009600022185279AA4203D12044FF21417103E0A9
:10097000401CC0B28142F3D82079401E20716D1C0A
:10098000EDB27078A842C8D8BDE8F08103F0C4B9D0
:100990002DE9F843044600790026FE2528B10128F8
:1009A00010D0FE2822D1BDE8F883204600F024F8BC
:1009B0000128657002D025716671F4E7012020716D
:1009C0006571F0E70B4F00964FF6FF78B96D204642
:1009D00008EA41034FF44451A26907F0ADF8B96D3C
:1009E00008EA4102D4E9060100F0B6F86570267104
:1009F000E6E70000480400202DE9F041524C0021B8
:100A00002246524BD4F810C005468769926D0E46B7
:100A100003F53470BCF1000F08D04FF6FF78BCF13D
:100A2000010F31D0BCF1020F58D167E0AB4216D1B3
:100A3000D01702EB507020F00700101AC1B2284600
:100A4000FFF7A4FF07E000BF17F81610304602F0CA
:100A5000C5FC761CF6B2A06DB042F5DC10E0A842F1
:100A60000ED13A49002007E08A69AB6932F81020BC
:100A700023F81020401C80B2A26DB0EB420FF3DBD4
:100A8000B4F8580082B224E0AB4210D15006010EF7
:100A90002846FFF77BFF06E017F81610304602F0F5
:100AA0009DFC761CF6B2A06DB042F5DC48E0A84291
:100AB00046D12649002007E08A69AB6932F8102048
:100AC00023F81020401C80B2A26DB0EB420FF3DB84
:100AD00036E0D5E9060100F095F901461C48D5F845
:100AE000983242680568B3FBF2F4AC4203D0B3FB22
:100AF000F2F1016001210846BDE8F081AB420ED160
:100B00000026144F07E0304417F81010F0B202F03E
:100B100065FC761CB6B2A06DB042F4DC10E0A842D1
:100B20000ED10A49002007E08A69AB6932F810202B
:100B300023F81020401C80B2A26DB0EB420FF3DB13
:100B4000A16D08EA4102C4E748040020CC0400205B
:100B5000D01A0020A875002010B5002306E000BFC1
:100B600030F8134021F813405B1C9BB29342F7D33B
:100B700010BD000010B5002306E000BF50F8234070
:100B800041F823405B1C9BB29342F7D310BD000099
:100B90002DE9F84F00220092D0E90954A246002422
:100BA000C66A8369C268204613E000BF33F810703C
:100BB0006FB952F8207000EE107A05EB8407B8EE9A
:100BC000C00A87ED000A2AF81400641CE4B2401C35
:100BD000C0B28842EAD3012C04D9224651462846A5
:100BE00000F014FADFF810B1002047F6FF7CFF2771
:100BF0006346B946002145E005EB81029BED0A0AF8
:100C0000D2ED000AF4EEC00AF1EE10FA06DAB1EE07
:100C1000401AF4EEC10AF1EE10FA31D84A1CD2B2F1
:100C2000B1EE401A10E000BF05EB8208D8ED001AC3
:100C3000F4EEC01AF1EE10FA08DAF4EEC11AF1EE91
:100C400010FA03D9521CD2B2A242EDD3A14217D25C
:100C5000A24215D205EB820898ED000A70EE600AF8
:100C600000EE103AB8EEC00AF4EEC00AF1EE10FA47
:100C700006D2BDEEE00A91460F4610EE103A1BB2C6
:100C8000491CC9B2A142B7D363452ED0FF2F2CD047
:100C9000B9F1FF0F29D004280FD23AF8192000EB40
:100CA0004001521C26F811203AF8172006EB4101AA
:100CB000521C4A80401C8B80C0B29FED100A05EB8D
:100CC0008901042881ED000A05EB870181ED000A06
:100CD0008DD30DE000EB4002401C26F8121006EB0D
:100CE0004202C0B25180918000E000210428F1D37B
:100CF0000098BDE8F88F00004804002000000000C4
:100D0000F8B504464079FE25002620B1012810D010
:100D1000FE281DD1F8BD204600F01EF8012803D0A2
:100D2000667025716571F8BD65702571012060716F
:100D3000F8BD00960C2341F201212046E26A06F03C
:100D4000FBFE0128F4D1D4E90B010C22FFF704FFCC
:100D5000657025716671F8BD10B504462748274AAD
:100D600027490369926D01F5347023B1012B15D029
:100D7000022B3CD12BE0A14201D191B214E0A04260
:100D800035D11F490020E36ACA6A32F8102023F8DF
:100D90001020401C80B20C28F5D328E0A14207D1D6
:100DA0004FF6FF7000EA42012046FFF7F1FE1EE019
:100DB000A0421CD112490020E36ACA6A32F810200E
:100DC00023F81020401C80B20C28F5D30FE0A1427C
:100DD0000DD0A0420BD10A490020E36ACA6A32F85A
:100DE000102023F81020401C80B20C28F5D3D4E941
:100DF0000B01BDE810400C2200F004B848040020AC
:100E0000CC04002070B504460020034609E000BF72
:100E100034F9135031F91360B54200D001205B1C46
:100E20009BB29342F4D370BD70B5044600200346D4
:100E300009E000BF54F8235051F82360B54200D0B8
:100E400001205B1C9BB29342F4D370BD2DE9F843A3
:100E5000044640780026FE2520B1012817D0FE2840
:100E600033D129E0204600F035F8012809D0608808
:100E7000401C80B26080FA2807D3668065702671B6
:100E800002E00120607025716571BDE8F883104FA4
:100E900000964FF6FF78B96D204608EA81034FF4BB
:100EA0004051626906F048FEB96D08EA4102D4E992
:100EB0000301FFF75FFE07E0608841F28831401CC4
:100EC00080B260808842E0D366806670DBE7000015
:100ED000480400202DE9F0414A4D4B4A04460023C6
:100EE0002F6902F53470022137B14FF6FF76012FDA
:100EF00029D0022F53D155E0A24204D16169E068A4
:100F000005F0C8FE1BE0A04219D13F4A002013E0C3
:100F1000D368E66853F8203046F820305369666994
:100F200033F8203026F8203001EB800356696769DA
:100F3000401CF65AFE5280B2AB6D8342E8DCB5F835
:100F4000580082B226E0A24204D16169E06805F04F
:100F5000A1FE2EE0A04251D12B4A002015E0D3681B
:100F6000E76853F8203047F820305369676933F851
:100F7000203027F8203001EB80035769D4F814C0E3
:100F8000401CFF5A2CF8037080B2AB6DB0EB430FDE
:100F9000E5DB33E0D4E90301FFF746FF03461846DB
:100FA000BDE8F081A2420AD101226169E06806F041
:100FB00023F802226169E06806F01EF81EE0A042F4
:100FC0001CD1114A002015E0D368E76853F820309F
:100FD00047F820305369676933F8203027F820300C
:100FE00001EB80035769D4F814C0401CFF5A2CF859
:100FF000037080B2AB6DB0EB430FE5DBA86D06EA82
:101000004002C7E748040020CC040020F0B50024CB
:1010100026E000260123171B1CE000BF00EB830520
:10102000D5ED000A15ED010AF4EEC00AF1EE10FA52
:101030000ED245ED010A85ED000A01EB430631F8B9
:1010400013C036F8025C26F802CC21F813500126B2
:101050005B1CDBB29F42E1DC002E03D0641CE4B2D7
:101060009442D6D3F0BD0000F0B5002319E000256E
:101070000122CE1A0FE000BF00EB820750F822C019
:1010800057F8044CA44504DA47F804CC40F8224051
:101090000125521CD2B29642EEDC002D03D05B1C1F
:1010A000DBB28B42E3D3F0BDFEE70000014800F065
:1010B00063B9000084280020014800F05DB90000F9
:1010C000E4280020014800F057B90000C4270020A0
:1010D000014800F051B9000024280020014800F028
:1010E0004BB9000044290020014800F045B9000038
:1010F00004270020014800F03FB90000A429002087
:10110000014800F039B90000642700200168182365
:10111000CAB2103AB2FBF3F2054B6FF30901032A8E
:101120009B5CC36500D9091D8165084670470000B6
:101130007086000810B5014600208B698A6A4FF05E
:10114000C07453B1B3F5005F15D072B1012A0CD051
:10115000022A0AD0032A09D104E01AB1012A06D0D2
:10116000022A03D1C96AC90100D5012010BDC96A8C
:10117000A142FAD010BD002AF7D0012AF2D0022AEB
:10118000F3D0032AF3D010BD30B50468256825F4E8
:1011900080252560046863608368402B036803D062
:1011A00099600068C26030BD9A600068C16030BD5F
:1011B000704772B6FEE770B505460C88AE8B00200E
:1011C000B4420AD94B88B34207D91268B24204DD4F
:1011D000A24203DB9A4201DC012070BD9A4205DD88
:1011E000131B6C8BA342F8DC4A80F5E7A242F4DAC9
:1011F0006C8B9B1AA342F0DC0A80EDE79FED160A88
:10120000164A082921D200281FD003281DD202EB3C
:10121000401000EB810090EDBB0A1148016D71B1E7
:101220000268A2F5DA436C3B09D1DFED0E0A60EEED
:10123000200A00EE101AB8EEC01A80EE810AC06CC7
:1012400020B1F2EE040A20EE200A7047F6EE000A02
:1012500030EE200A7047000000000000AC000020C3
:101260004804002000007A4400210180418001717F
:101270004173FF224318491CC9B25A710829F9D396
:10128000704730B50546002417E0A868EA7800EBFF
:101290000410017991420CD802290AD3417B41B153
:1012A0000188AA8B914204D34388934201D3994287
:1012B00001D9FFF7D9FF641CE4B2A878A042E4D8B2
:1012C00030BD2DE9F0410446876D00F0D1FA0646A5
:1012D00094F835000025022806D08020606584F847
:1012E00034500120BDE8F0812068016821F016012A
:1012F00001602068416921F080014161206C08B9DA
:10130000A06C20B12068016821F00801016020680C
:10131000016821F0010101600CE000F0A9FA801BD6
:10132000052807D920206065032084F8350084F85B
:101330003450D7E720680068C007EED194F85C10FD
:101340003F208840B860012084F8350084F834508C
:101350000020C7E790F83510022903D080214165AD
:1013600001207047052180F835100068016821F0E0
:1013700001010160002070472DE9F84304464FF059
:101380000009CDF8009063484FF41651A56D006830
:10139000B0FBF1F72E6894F85C10082000FA01F118
:1013A00031420FD021680A6852070BD50A6822F033
:1013B00004020A6094F85C108840A860606D40F0F8
:1013C0000100606594F85C104FF0010808FA01F024
:1013D000304208D021684969090604D5A860606DCB
:1013E00040F00200606594F85C10042088403042B0
:1013F00008D021680968890704D5A860606D40F0AD
:101400000400606594F85C1010208840304218D0C9
:1014100021680968090714D5A86020680168490394
:1014200004D50068000308D5A16C07E00168C90570
:1014300003D4016821F008010160216C09B1204644
:10144000884794F85C1020208840304231D02168D1
:101450000968C9062DD5A86094F8350005282068CC
:10146000016806D0490347D5006800031DD4616CAC
:101470001CE021F0160101602068416921F0800123
:101480004161206C08B9A06C20B12068016821F08E
:101490000801016094F85C103F208840A86084F83F
:1014A000358084F83490216D1FE0E16B09B120464E
:1014B0008847606D00282BD0606DC00714D00520D0
:1014C00084F835002068016821F00101016000986E
:1014D000401C0090B84203D820680068C007F6D1CD
:1014E00084F8358084F83490E16C002910D001B084
:1014F0002046BDE8F04308470168C905D5D4016816
:1015000021F01001016084F8358084F83490CCE734
:10151000BDE8F883180000202DE9F041044600F0F2
:10152000A7F906465CB1022084F83500002584F84E
:1015300034502068016821F0010101600DE00120B4
:10154000BDE8F08100F094F9801B052805D9202022
:101550006065032084F83500F2E720680068C00762
:10156000F0D12268116820480140D4E901031843F2
:10157000D4E903363343184363691843A369184316
:10158000E3691843236A18430843616A042903D1B5
:10159000D4E90B1319430843106020684069666A58
:1015A00020F0070130460E43012704280CD1A06A21
:1015B0000643E06A40B12046FFF7BCFD20B1402061
:1015C000606584F83570BAE7206846612046FFF709
:1015D0009DFD94F85C203F2191408160656584F811
:1015E00035700020ACE700003F8010F02DE9F0419D
:1015F0000446866D90F83400002501280DD00120A6
:1016000084F8340094F835700020012F07D084F856
:10161000340002252846BDE8F0810220FBE70227BE
:1016200084F8357060652046FFF7AEFD94F85C10D5
:101630003F208840B0602068016841F016010160D9
:10164000206C20B12068016841F008010160206829
:10165000016841F001010160DCE700002DE9F84F6D
:10166000DFF8BCA10022012503264FF00F090AF183
:10167000040BAAF1040E00BF0B6805FA02F4234024
:10168000A34270D10F7907F00307012F01D0022F79
:1016900016D187684FEA420806FA08FC27EA0C07C9
:1016A000D1F80CC00CFA08FC4CEA070CC0F808C0D2
:1016B0004768A7430C79C4F3001494403C4344604A
:1016C0000C79E443A4070AD0C4684FEA420C06FA36
:1016D0000CF7BC438F6807FA0CF72743C7600C79F7
:1016E00004F00304022C12D1D40800EB840CDCF8C3
:1016F00020405707FF0E09FA07F824EA0804D1F83A
:10170000108008FA07F848EA0408CCF8208004683A
:101710004FEA420C06FA0CF7BC430F7907F00307B7
:1017200007FA0CF7274307604C6814F4403F70D069
:101730003C4C276847F480472760246822F0030761
:1017400004F480440094384C07EB040CDCF808489F
:1017500097074FEA177809FA08F7BC43334FB842A6
:1017600002D1002724E054E0314FB84201D10127D3
:101770001EE0304FB84201D1022719E02E4FB84287
:1017800001D1032714E02D4FB84201D104270FE007
:101790002B4FB84201D105270AE02A4FB84201D1A8
:1017A000062705E0284FB84201D1072700E00827A7
:1017B00007FA08F72743CCF80878DAF800405746CC
:1017C000D1F804C09C435FEACC2C00D51C433C609C
:1017D000DBF800405F46D1F804C09C435FEA8C2CE4
:1017E00000D51C433C60DEF800407746D1F804C0C9
:1017F0009C435FEA8C3C00D51C433C60084F083F8B
:101800003C68D1F804C09C435FEACC3C00D51C4343
:101810003C60521C102AFFF42FAFBDE8F88F000087
:10182000083C0140443802400030014000000240C2
:101830000004024000080240000C02400010024078
:101840000014024000180240001C024000690840D9
:1018500000D001207047426921EA02030A4043EAAE
:101860000241816170470AB1816170470904FBE759
:1018700001488068704700000C00002070B504002B
:1018800025D094F83D00002520B984F83C5020462E
:1018900000F04CFA242084F83D002068016821F013
:1018A000010101602068016841F400410160206885
:1018B000016821F40041016000F004FC4D4A6168B8
:1018C000914201D84C4900E04C49884201D20120A4
:1018D00070BD4B492368B0FBF1F15E6826F03F060E
:1018E0000E435E606368934206D94FF49673594382
:1018F0004FF47A73B1FBF3F12368491C1E6A26F09A
:101900003F06314319626168914210D84900401E78
:10191000B0FBF1F2521CC2F30B02042A01D20420E4
:1019200022E0B0FBF1F0401CC0F30B001CE0A26809
:10193000F2B301EBC10303EB0116431EB3FBF6F355
:101940005B1C43F480431B0549D092B301EBC102F9
:1019500002EB0111401EB0FBF1F0401CC0F30B0084
:1019600040F4804040F400402168CA694CF6FF739F
:101970009A431043C861D4E9071001432068026804
:1019800022F0C00211430160D4E903010143206841
:10199000826848F2FF339A4311438160D4E905011C
:1019A00008432168CA6822F0FF021043C86001E0C2
:1019B0000EE016E02068016841F001010160256435
:1019C000202084F83D00256384F83E50002070BD3F
:1019D00001EB4106431EB3FBF6F35B1CB3E70120AA
:1019E000C2E701EB4101401EB0FBF1F0401CC0F327
:1019F0000B00B7E7A086010080841E0000093D00AF
:101A000040420F002DE9FF4F83B09A46DDE9119760
:101A100093460446DDF84080FFF72AFF054694F818
:101A20003D00202870D119230122714920460095DC
:101A300001F0D2FB0028F5D194F83C00012863D0D6
:101A4000012084F83C0020680168C90703D10168BF
:101A500041F0010101602068016821F4006101602A
:101A6000222084F83D00402084F83E0000262664B1
:101A7000C4F82480A4F82A90608D20855D48E06237
:101A8000CDE9007553465A462046049901F0ACFA58
:101A900000287CD1208DD0B1012821D002282068D7
:101AA00024D0416980690090208D032869D80128DD
:101AB0002BD0514902283B464FF00002009559D0E7
:101AC0008846204601F088FB002860D13CE0206871
:101AD000416981690091016841F40071016077E01A
:101AE0002068016821F480610160F0E7016821F459
:101AF000806101602068016841F400610160206834
:101B000041698069009063E06FE02A4639462046CB
:101B100001F0E1FB98BB20680069616A08704EE043
:101B20002068016841F40071016020680069616A01
:101B30000870606A401C6062218D491E2185618D9C
:101B4000491E6185216838E02068016821F48061C0
:101B5000016020680069616A0870606A401C606208
:101B6000208D401E2085608D401E60853B460022F2
:101B700041460095204601F02FFB00B9D0E706E072
:101B8000FFE72A463946204601F0A5FB18B101209F
:101B900007B0BDE8F08F20680069616A0870606A6C
:101BA000401C6062218D491E2185618D491E618521
:101BB00021684A69D24352070AD409690170606AF0
:101BC000401C6062208D401E2085608D401E608517
:101BD000208D00287FF468AF202084F83D0084F831
:101BE0003E6084F83C600020D2E70220D0E700008D
:101BF000020010000000FFFF040001002DE9FF4F6C
:101C000083B09A46DDE9119793460446DDF840809B
:101C1000FFF72EFE054694F83D0020287FD11923BA
:101C2000012240492046009501F0D6FA002876D1DD
:101C300094F83C00012872D0012084F83C00206810
:101C40000168C90703D1016841F001010160206802
:101C5000016821F400610160212084F83D004020EA
:101C600084F83E0000262664C4F82480A4F82A9054
:101C7000608D20852C48E062CDE9007553465A46B8
:101C80002046049901F02EFA70B930E02A46394610
:101C9000204601F053FB58B1206C042804D1206881
:101CA000016841F400710160012007B0BDE8F08FC8
:101CB000606A216800780861606A401C6062218D5A
:101CC000491E89B22185628D521E62852268536940
:101CD000DB435B070BD469B100781061606A401C7C
:101CE0006062208D401E2085608D401E6085208DA5
:101CF0000028CBD12A463946204601F047FA002871
:101D0000CAD154F83D0B016841F4007101602020F4
:101D100004F81E09E67766770020C6E7FFE7022091
:101D2000C3E70000020010000000FFFF10B586B0FE
:101D3000044614216846FEF709FC144920688842CD
:101D400021D113480021026842F0020202600068BB
:101D500000F0020005904FF4407000901220CDE991
:101D60000101032003900420049069460948FFF70D
:101D700075FC07481030016841F4001101600068EB
:101D800000F40010059006B010BD000000540040A3
:101D90003038024000040240024881680278114451
:101DA000816070470C0000200B4810B5016841F4B9
:101DB00000710160016841F480610160016841F4D3
:101DC00080710160032000F09FF80F2000F006F8FA
:101DD00000F050F8002010BD003C024030B5054630
:101DE0001F4887B00024016841F0100101600068BD
:101DF00006A900F01000009001A800F043F9049833
:101E0000A8B100F05FF940001649174AB0FBF1F1A4
:101E10001648491E026040F2E732C0E90324C0E9D7
:101E20000114846100F0A0FB040003D015E000F071
:101E300049F9E9E70D4800F0D9FB04000DD136203F
:101E400000F034F8102D07D200222946362000F089
:101E50003BF80748056000E0012407B0204630BD8C
:101E60004038024040420F0000100040042A002089
:101E7000100000200C4882B0016841F480410160EC
:101E8000006800F4804000900748001F016841F09E
:101E9000805101600068002200F0805000900F2106
:101EA000901E02B000F010B844380240002809DB50
:101EB00000F01F02012191404009800000F1E02064
:101EC000C0F8001170470000F0B40E4B1B680C46C0
:101ED000C3F30223C3F10705042D00D90425191DFE
:101EE000072901D2002300E0DB1E012606FA05F1D6
:101EF000491E214099409E40761E16403143F0BC59
:101F000002F0ECBA0CED00E0064900F007020868A8
:101F10004FF6FF03184040EA0220034A10430860CE
:101F2000704700000CED00E00000FA05BFF34F8F92
:101F300005480168054A01F4E06111430160BFF3FF
:101F40004F8F00BFFDE700000CED00E00400FA0534
:101F50002DE9F0470E46050065D0DFF81481D8F86A
:101F60000000F7B200F00700B04207D288F8007016
:101F7000D8F8000000F00700B04254D128683D4C6A
:101F8000810712D5400703D5206840F4E050206057
:101F90002878000703D5206840F46040206020685E
:101FA000A96820F0F000084320602878C0072DD0F1
:101FB000304968680839012812D0022813D0032854
:101FC00011D00968890700292DDA216821F0030161
:101FD00001432160FFF74CFC814641F2883A0EE054
:101FE00009688903EFE709688901ECE7FFF740FC1E
:101FF000A0EB0901514502D90320BDE8F087206814
:10200000696800F00C00B0EB810FEFD1D8F8001038
:10201000404601F00701B14207D90770006800F09F
:102020000700B04201D00120E7E72878400705D536
:102030002068E96820F4E050084320602878000711
:1020400006D52068296920F4604040EAC10020607C
:1020500000F058F82168084AC1F30311515CC840E8
:102060000649086006480068FFF7B8FE0020C4E78C
:10207000003C024008380240788600081800002022
:10208000100000200F2202600C4A136803F00303C3
:102090004360136803F0F0038360136803F4E053B4
:1020A000C36012684FF4E05303EAD20202610448AD
:1020B000006800F007000860704700000838024020
:1020C000003C02400448054900680968044AC1F31D
:1020D0008221515CC8407047180000200838024037
:1020E000888600080448054900680968044AC1F365
:1020F0004231515CC8407047180000200838024047
:1021000088860008154810B5006810F00C021448C5
:1021100013D01449042A0FD0082A0ED10F4C241FC3
:102120002268236802F03F025B0207D52068C0F3F3
:102130008810A0FB010106E0084610BD2168C1F32C
:102140008811A1FB00010023FEF712F92168C1F3F9
:102150000141491C4900B0FBF1F010BD08380240B4
:102160000024F40040787D012DE9F84F04006ED082
:102170002078DFF84C93C007A9F104054AD009F193
:1021800004000168C1F38101012908D00068C0F38F
:10219000810002280AD1D9F80000400206D528683B
:1021A000800337D560680028E1D033E06068B0F57F
:1021B000803F10D0B0F5A02F286810D020F48030D8
:1021C0002860286820F4802028606068A8B1FFF7A4
:1021D0004FFB06460DE0286840F48030F4E740F4F9
:1021E00080202860F7E700BFFFF742FB801B6428D0
:1021F00073D828688003F7D50CE0FFF739FB064653
:1022000005E000BFFFF734FB801B6428F0D8286886
:102210008003F7D42078DFF8AC8280074FF0000A03
:102220003ED5A748001D016811F00C0F08D00068CA
:10223000C0F3810002280BD1D9F80000400207D476
:102240002868800716D5E068012800D112E033E144
:10225000E068B8B10120C8F80000FFF709FB0646A6
:1022600005E000BFFFF704FB801B0228C0D82868E8
:102270008007F7D52868216920F0F80040EAC100FE
:1022800028600DE0C8F800A0FFF7F2FA064604E067
:10229000FFF7EEFA801B02281FD828688007F7D4C2
:1022A0002078000722D5864F87486169703771B161
:1022B00001210160FFF7DCFA064604E0FFF7D8FAD7
:1022C000801B022809D838688007F7D50EE0C0F8CF
:1022D00000A0FFF7CDFA064605E082E0FFF7C8FA56
:1022E000801B02287DD838688007F7D42078400703
:1022F00068D5DFF8CCB100270BF13C0BDBF8000010
:10230000C0000BD4DBF8001041F08051CBF8001076
:10231000DBF80000012700F0805000906B4E306821
:10232000C00510D4306840F480703060FFF7A0FA28
:10233000009005E0FFF79CFA0099401A022850D857
:102340003068C005F6D55E4EA0686C3601280FD007
:102350000528306810D020F001003060306820F08F
:1023600004003060A068B8B1FFF782FA00900FE077
:10237000306840F00100F4E740F004003060F7E717
:10238000FFF776FA0099411A41F28830814266D807
:1023900030688007F4D50EE0FFF76AFA009007E096
:1023A000FFF766FA0099411A41F28830814256D807
:1023B00030688007F4D42FB1DBF8001021F0805191
:1023C000CBF80010A069C8B33D49091D0968C1F3E5
:1023D000810102294AD00228504607D0C8F860007F
:1023E00000E03CE0FFF744FA04463BE04746C8F80B
:1023F0006000FFF73DFA064605E000BFFFF738FA38
:10240000801B02282BD828688001F7D4D4E9070163
:102410000843A16A2E4A490802EB0141626A41EA77
:102420008211084394F82C1040EA0161C9F80010A9
:1024300001203866FFF71CFA044606E03EE000BFC4
:10244000FFF716FA001B022809D828688001F7D583
:1024500034E000BFFFF70CFA001B022802D903206A
:10246000BDE8F88F28688001F4D427E00128F7D070
:10247000D9F80000E26900F4800191421CD1226A7F
:1024800000F03F01914217D147F6C071626A0140E6
:10249000B1EB821F10D1A26A4FF0FF3300F440313C
:1024A00003EB5202B1EB024F06D194F82C1000F06E
:1024B0007060B0EB016F01D00120D1E70020CFE7C1
:1024C0000438024000004742800E4742007000403E
:1024D0000000FFFF7047704770B590F83C20012A5C
:1024E00032D0012480F83C40022280F83D2003686D
:1024F0005A689D6822F070060A6832435A60134B8E
:1025000002689A4214D0B2F1804F11D0104B9A4217
:102510000ED0104B9A420BD00F4B9A4208D00F4B63
:102520009A4205D00E4B9A4202D00E4B9A4204D1E9
:10253000496825F080031943916080F83D400021EF
:1025400080F83C10084670BD022070BD00000140BC
:102550000004004000080040000C0040000401405E
:10256000004001400018004010B5040003D094F86A
:102570003D0010B107E0012010BD002084F83C00B0
:10258000204600F01FF8022084F83D00211D20683D
:1025900001F05EFC012084F8460084F83E0084F8D7
:1025A0003F0084F8400084F8410084F8420084F839
:1025B000430084F8440084F8450084F83D0000207E
:1025C00010BD000008B500680649884208D10648D9
:1025D000016841F020010160006800F020000090D7
:1025E00008BD0000001400404038024090F83D1043
:1025F000012901D001207047022180F83D100168B7
:10260000CA6842F00102CA6000681149884214D0C9
:10261000B0F1804F11D00F4988420ED00E49884248
:102620000BD00E49884208D00D49884205D00D498B
:10263000884202D00C49884204D1816801F0070128
:10264000062903D0016841F00101016000207047B4
:10265000000001400004004000080040000C004061
:10266000000401400040014000180040704770B570
:102670000446006801694FF00005C943890715D475
:10268000C168C943890711D4E91E0161012020777F
:10269000206880698007204602D0FFF7E7FF04E04A
:1026A00000F098F8204600F096F825772068016938
:1026B000C943490717D4C168C943490713D46FF008
:1026C00004010161022020772068806910F4407FB6
:1026D000204602D0FFF7CAFF04E000F07BF8204656
:1026E00000F079F8257720680169C943090716D4F5
:1026F000C168C943090712D46FF0080101610420C1
:1027000020772068C0698007204602D0FFF7AEFF1F
:1027100004E000F05FF8204600F05DF825772068BF
:102720000169C943C90617D4C168C943C90613D48E
:102730006FF010010161082020772068C06910F453
:10274000407F204602D0FFF791FF04E000F042F8FE
:10275000204600F040F8257720680169C943C90781
:1027600008D1C168C943C90704D1891E0161204647
:1027700000F032F820680169C943090609D4C1682C
:10278000C943090605D46FF0800101612046FFF7B7
:10279000A1FE20680169C943490609D4C168C9433B
:1027A000490605D46FF040010161204600F01EF893
:1027B00020680169C94389060BD4C168C9438906E9
:1027C00007D46FF0200101612046BDE87040FFF79B
:1027D00082BE70BD7047704700680349884201D1CE
:1027E000FFF7DABA704700000010004070477047EA
:1027F00010B504460068406994F83D10C0F3C0105D
:10280000212911D180B12068143050E8001F21F037
:10281000800140E80012002AF5D1606B08B1FEF794
:1028200050FD204601F040FC2068406994F83E10BD
:10283000C0F38010222911D180B12068143050E8F3
:10284000001F21F0400140E80012002AF5D1A06BE2
:1028500008B1FEF736FD204601F0FFFB002010BD59
:1028600070470000F8B5016804460868CA684B69FB
:1028700010F00F0F4FF000055AD003F0010602F4DC
:102880009077374365D0C10705D0D10503D5216CBA
:1028900041F001012164410705D5D90703D0216C1E
:1028A00041F002012164810705D5D90703D0216CCD
:1028B00041F004012164010707D502F020013143F2
:1028C00003D0216C41F008012164216C00293BD028
:1028D000800604D5900602D5204601F0F3FB20685F
:1028E0004069216CC0F3801001F0080101432046CB
:1028F0002BD001F0B2FB20684069400621D520684A
:10290000143050E8001F21F0400140E80012002A76
:10291000F5D1A06BA8B16C490165A06BFEF71AFD5B
:10292000002811D0A06B016D01B0BDE8F040084750
:1029300083060ED593060CD52046BDE8F84001F07D
:10294000C1BB2046FFF78CFFF8BDFFF789FF256468
:10295000F8BD266B2023012E79D1C60677D5D60681
:1029600075D50868486800904869400640D5A16B55
:10297000086840680004000CEAD0A28D8242E7D9C2
:10298000E085C869B0F5807F2DD020680C3050E814
:10299000001F21F4807140E80012002AF5D1206860
:1029A000143050E8001F21F0010140E80012002A15
:1029B000F5D12068143050E8001F21F0400140E8B4
:1029C0000012002AF5D184F83E30256320680C30CF
:1029D00050E8001F21F0100140E80012002AF5D154
:1029E000A06BFEF76EFCA08DE18D401A81B229E04C
:1029F000A08DE18D401A81B2E08D0028A8D0002979
:102A0000A6D020680C3050E8002F22F4907240E8E5
:102A10000026002EF5D12068143050E8002F22F057
:102A2000010240E80026002EF5D184F83E302563EF
:102A300020680C3050E8002F22F0100240E80023FC
:102A4000002BF5D12046FFF7D2FEF8BDFFE70506C3
:102A50002BD5150629D594F83D002128F5D1A0687D
:102A6000B0F5805F01D12069B0B1206A411C2162BC
:102A7000216800784860E08C401E0004000CE0846F
:102A8000E3D12068C16821F08001C1602068C1687D
:102A900041F04001C160D8E7206A0088C0F3080017
:102AA0004860206A801C2062E5E74006CDD55006CC
:102AB000CBD5CA68204622F04002CA6084F83D3077
:102AC00000F056FAC1E70000193F000870B5040095
:102AD00004D094F83D00002510B106E0012070BD3F
:102AE00084F83C50204600F023F8242084F83D0070
:102AF0002068C16821F40051C160204601F042FB0A
:102B00002068016921F4904101612068416921F048
:102B10002A0141612068C16841F40051C160256407
:102B2000202084F83D0084F83E00002070BD0000A5
:102B30002DE9F04F87B0044614216846FDF706FDE5
:102B4000C048BF4B1438D4F800C0DFF8F8E20221C7
:102B500003228715002506154FF0070B4FF040099B
:102B60004FF0006A9C4554D1DEF800C04CF0100CC8
:102B7000CEF800C0DEF8003003F0100305930368C0
:102B800043F002030360006800F002000590C020DB
:102B90008DE82300CDE9032B6946AB48FEF75EFDC7
:102BA000DFF8AC82A9494046C8F80010C0E901A589
:102BB000C0E90356C8F81450C0E90657C8F82050B9
:102BC000C8F82450FEF7A8FC08B1FEF7F2FAA04FAF
:102BD000C4F838806037C8F83840C7F80890C7E9AB
:102BE00003567D61BD619948FD613D6278307D622B
:102BF000C7E9000A3846FEF78FFC08B1FEF7D9FA9C
:102C00006763002205212520BC63FFF75DF92520BD
:102C100059E08C4BDFF83C821B1FC44558D1D3F8D8
:102C200000C04CF4003CC3F800C01B6803F4003340
:102C30000593036843F008030360006800F0080090
:102C4000059060208DE82300CDE9032B694682487A
:102C5000FEF704FDDFF8F881804908F1C00840461E
:102C6000C8F80010C0E901A5C0E90356C8F814501F
:102C7000C0E90657C8F82050C8F82450FEF74CFCAD
:102C800008B1FEF796FA764FC4F83880C8F8384095
:102C9000C7F80890C7E903567D61BD616F48FD61C3
:102CA0003D6218307D62C7E9000A3846FEF734FC01
:102CB00008B1FEF77EFA6763002205212620BC6377
:102CC000FFF702F92620FFF7F1F807B0BDE8F08F13
:102CD000DFF89081C44557D1D3F800C04CF4802C64
:102CE000C3F800C01B6803F480230593036843F016
:102CF00004030360006800F0040005904FF4406096
:102D00008DE82300CDE9032B69465748FEF7A6FC62
:102D1000DFF84C81514908F1600860394046C8F835
:102D20000010C0E901A5C0E90356C8F81450C0E975
:102D30000657C8F82050C8F82450FEF7EDFB08B13C
:102D4000FEF737FA464FC4F83880C037C8F8384025
:102D5000C7F80890C7E903567D61BD613F48FD6132
:102D60003D6230387D62C7E9000A3846FEF7D4FB81
:102D700008B1FEF71EFA6763002205212720BC6315
:102D8000FFF7A2F827209EE7384B9C459DD1DEF83F
:102D900000C04CF0200CCEF800C0DEF8003003F08C
:102DA00020030593036843F004030360006800F008
:102DB00004000590C0208DE823000820CDE9032001
:102DC00069462948FEF74AFC2049DFF8A4801839F3
:102DD00040464FF0206AC8F80010C0E901A5C0E9DC
:102DE0000356C8F81450C0E90657C8F82050C8F870
:102DF0002450FEF791FB08B1FEF7DBF91C4FC4F835
:102E000038806037C8F83840C7F80890C7E90356DB
:102E10007D61BD610D48FD613D6260307D62C7E945
:102E2000000A3846FEF778FB08B1FEF7C2F967637F
:102E3000002205214720BC63FFF746F8472042E700
:102E40000010014044380240000402404064024047
:102E50000427002000440040000C0240886002402B
:102E600024280020004800400008024000140140CF
:102E70004429002090F83E30202B0ED159B152B198
:102E800090F83C30012B08D0012380F83C3000231F
:102E9000036301F0FDB9012070470220704790F8EC
:102EA0003E30202B0ED159B152B190F83C30012B5D
:102EB00008D0012380F83C300023036301F032BACC
:102EC00001207047022070470449884204D1012242
:102ED00034390248FFF7E3BF70470000F4250020B3
:102EE0007047000070B5044690F83D00202836D1A8
:102EF00091B38AB394F83C00012830D0012084F8C3
:102F00003C002162A284E28400252564212084F80B
:102F10003D00636B1348D863636B13481864636B9D
:102F20001248D864606B134605652668606B321DD5
:102F3000FEF75CFB21686FF04000086084F83C50AD
:102F40002068143050E8001F41F0800140E8001272
:102F5000002AF5D1002070BDFFE70120FBE7022029
:102F6000F9E700000F40000851400008293F000821
:102F7000416B09680A6822F001020A600A49006888
:102F80000968884205D10948017821F002010170E1
:102F900070470549883109688842F9D100224FF409
:102FA00080610348FEF75FBCF4250020BC210020AF
:102FB000000002407047FEE701684A69D2435205AB
:102FC0000FD46FF480624A61002140F8301F202244
:102FD00042738173026942F00402026101730120AD
:102FE00070470020704700002DE9F84F0446006844
:102FF00089460B9D01689846174641F4806101603F
:103000002068016841F48071016000954FF0011B58
:103010000022594620460A9B00F0DEF84FF4007A61
:1030200040B120680068C00501D5C4F840A0032065
:10303000BDE8F88F216809F0FE0008612B46284999
:1030400020460A9A00F0FCF8F0BB206841698069CC
:1030500000902A4620460A9900F070F940B1206C91
:1030600004283AD12068016841F40071016034E01D
:10307000FEB2B8F1010F09D02168380A08612A466A
:1030800020460A9900F05AF90028E8D12068066124
:103090002A4620460A9900F051F90028DFD120681D
:1030A000016841F480710160009500225946204674
:1030B0000A9B00F091F80028B3D1216809F0FF00C5
:1030C00040F00100086100E007E02B46044920467B
:1030D0000A9A00F0B5F80028AAD00120A8E700005D
:1030E000020001002DE9F843044600680D46DDE9C1
:1030F000089701689846164641F4807101604B4676
:1031000000224FF001112046009700F065F848B109
:1031100020680068C00502D54FF4007020640320C9
:10312000BDE8F883216805F0FE0008613B464A4689
:103130001549204600F084F888B920684169806903
:1031400000903A464946204600F0F8F848B1206C15
:10315000042804D12068016841F400710160012055
:10316000DEE7F5B2B8F1010F09D02168300A086135
:103170003A464946204600F0E1F80028E7D12068A9
:1031800005610020CCE700000200010070B5164682
:103190000D4604460DE02046FFF70EFF08B1012062
:1031A00070BD681C05D0FEF763FB801BA84207D8E2
:1031B00035B120684069C0434007ECD4002070BDA1
:1031C000002044F8300F20216173A073216941F081
:1031D000200121612073E2E72DE9F0471E46904669
:1031E0000D460446C1F30747DDF8209008E0701C47
:1031F00006D0FEF73DFBA0EB0900B0420FD876B138
:103200002068012F18D0806925EA00000004000C16
:1032100014D000214145EAD00020BDE8F08700200D
:1032200044F8300F20216173A073216941F020011F
:10323000216120730120F0E74069E5E70121E9E71A
:103240002DE9F0479A4691460E46044600254FF078
:103250002008C1F3074725E020684069C0434005C6
:1032600014D42068016841F40071016021686FF492
:1032700080604861256384F83D8084F83E50206C6E
:1032800040F00400206484F83C501FE0B9F1FF3F97
:1032900008D0FEF7EDFAA0EB0A0149450CD8B9F1C8
:1032A000000F09D02068012F13D0806926EA0000A2
:1032B0000004000C0BD0CFE744F8305F84F80D8099
:1032C000A573206940F02000206125730120BDE82E
:1032D000F0874069EAE72DE9F041002590460E4667
:1032E0000446202717E04069C043C0060CD454F8B8
:1032F000301B6FF01000486144F810596777A577CC
:10330000206A2062257717E0FEF7B2FAA0EB0800EA
:10331000B04208D83EB120684169C9434906E2D4A9
:103320000020BDE8F08144F8305F6773A573206921
:1033300040F02000206125730120F2E770B51646A9
:103340000D4604460DE02046FFF736FE08B1012089
:1033500070BD681C05D0FEF78BFA801BA84207D809
:1033600035B120684069C0430006ECD4002070BD30
:10337000002044F8300F20216173A073216941F0CF
:10338000200121612073E2E770B56424054601291C
:1033900011D001F0BBFC6320401EFDD1284601F096
:1033A000C3FC611E491EFDD1284601F0AFFC641E1E
:1033B000641EFDD170BD01F0B7FC6320401EFDD13D
:1033C000284601F0A3FC611E491EFDD1284601F0EC
:1033D000ABFC641E641EFDD170BD000070B50346D9
:1033E00000200246012906D002290AD0032906D06E
:1033F000042907D101E0012204E0082202E00422AE
:1034000000E00222082B15D2C3F1070101EBD176AF
:103410000B4DC6F34703042BEC5C0BD226F00100E6
:10342000081A10F0FF0F06D004F00F0141EA021055
:10343000E854012070BD04F0F0001043F8E70000EC
:103440009D000020294808B5016841F40011016081
:10345000016801F400110091016841F480010160EC
:103460000068002200F48000009005210C20FEF787
:103470002BFD0C20FEF71AFD002205210E20FEF781
:1034800023FD0E20FEF712FD002205211020FEF77D
:103490001BFD1020FEF70AFD002205211120FEF77A
:1034A00013FD1120FEF702FD002205213920FEF751
:1034B0000BFD3920FEF7FAFC002205213A20FEF729
:1034C00003FD3A20FEF7F2FC002205214520FEF71D
:1034D000FBFC4520FEF7EAFC002205214620FEF712
:1034E000F3FCBDE808404620FEF7E0BC303802405F
:1034F00010B58EB01C220B496846FCF7F5FF002181
:10350000684602F0A5FD084C06491C2220601C31CB
:1035100007A8FCF7E9FF002107A802F099FD606009
:103520000EB010BD38860008000000202DE9F04FD5
:1035300087B014216846FDF709F854480025016852
:1035400041F010010160016801F01001059101686E
:1035500041F004010160016801F004010591016876
:1035600041F080010160016801F08001059101686E
:1035700041F001010160016801F00101059101685C
:1035800041F008010160016801F00801059101683E
:1035900041F0020101600068DFF8F48000F00200F1
:1035A0004FF67C040590002221464046FEF75BF969
:1035B000DFF8E090002242F20D014846FEF753F991
:1035C000DFF8D4B04FF40046002231465846FEF7EB
:1035D0004AF9DFF8C8A07711002239465046FEF7B5
:1035E00042F9012220212E48FEF73DF900940124E2
:1035F00001940294694640460394FEF72FF842F284
:103600000800CDE9000469464846CDE90245FEF7C9
:1036100025F80520CDE90004029469464846039444
:10362000FEF71CF81820CDE90005694650460295C2
:10363000FEF714F8F81CCDE90005694602944046EF
:10364000FEF70CF8CDE9006469465846CDE902451D
:10365000FEF704F8CDE9007469465046CDE902450D
:10366000FDF7FCFF9F20CDE900056946029458460E
:10367000FDF7F4FF20208DE83100694608480394E7
:10368000FDF7ECFF07B0BDE8F08F000030380240D6
:103690000010024000080240000C024000000240FE
:1036A000000402400D4810B50B4901600C4941600F
:1036B00000214FF480428160C0E9031241618161C1
:1036C000C1610162FEF7DAF8002803D0BDE81040BE
:1036D000FDF76FBD10BD0000005400402021002008
:1036E000801A06001CB500240E4800940C49019471
:1036F00001605321C0E901144FF6FF718461C1607C
:10370000FEF732FF08B1FDF754FD00946946054805
:103710000194FEF7E1FE002801D0FDF74AFD1CBD33
:1037200000140040742100200C4810B50A490160C3
:103730004FF4E1314160002181600C22C160C0E999
:1037400004128161C161FFF7C1F9002803D0BDE80F
:103750001040FDF72EBD10BD00100140F4250020E3
:103760000C4810B50A4901604FF4E1314160002175
:1037700081600C22C160C0E904128161C161FFF760
:10378000A5F9002803D0BDE81040FDF712BD10BD1B
:1037900000440040382600200C4810B50A4901605A
:1037A0004FF4E1314160002181600C22C160C0E929
:1037B00004128161C161FFF789F9002803D0BDE8D7
:1037C0001040FDF7F6BC10BD004800407C260020EC
:1037D0000C4810B50A4901604FF4E1314160002105
:1037E00081600C22C160C0E904128161C161FFF7F0
:1037F0006DF9002803D0BDE81040FDF7DABC10BD1C
:1038000000140140C0260020FEE700000A48D0F85E
:103810000813491CC0F8081308490969012907D091
:10382000022903D00B2903D00C2903D100F039B9A8
:1038300000F02AB870470000AC00002048040020C7
:10384000D0F80813C822B1FBF2F302FB13110029D0
:1038500016D1B0F84E1341F02001A0F84E130949DB
:103860000969012902D00B2905D101E0022100E0FC
:103870000C2180F85F130021A0F8521380F84C133C
:10388000704700004804002010B5044600F09CF882
:10389000204600F0D6F801280BD1B4F8041304F246
:1038A0000120085CA52804D12046BDE8104000F0A6
:1038B0004FB810BD70B504460020B4F84E138A0608
:1038C00043D521F02000A4F84E03204800690128C8
:1038D00001D00B2801D184F8040194F85F0384F827
:1038E0000501062084F806017E2184F8071184F87A
:1038F000080104F209100C2102F04AFE94F860035A
:1039000084F82101002084F8600304F591701021EF
:1039100002F090FF04F5B170102102F021FE7F212A
:1039200004F5827084F85E13054600F0C7FE94F833
:103930005E13030A4A1C84F85E234B5594F85E1309
:103940004A1C84F85E234855012070BD48040020BD
:1039500030B5027900214479022A01D00C2A0CD119
:10396000184B012C1B6906D00B2C06D10B2B04D154
:103970000C2A03D003E0012BFAD030BD0222837958
:10398000862BFAD1C379222BF7D100EB421400BF6A
:1039900000EB810204EB8103157A83F8EC52557A2F
:1039A00083F8ED52957A83F8EE52491CD27A89B2A7
:1039B00083F8EF220829EBD300EB8101097A80F824
:1039C000611330BD4804002070B50446FFF738FF8E
:1039D00094F84C03012128B1002501280DD00228BC
:1039E0002AD11CE0B4F85203401C80B2A4F8520360
:1039F0000F2801D384F84C1370BD2046FFF75AFFFF
:103A00000128F9D1206894F85E2304F58271436B94
:103A10009847022084F84C03A4F8545370BDB4F8BE
:103A20005403421CA4F854233C2801D384F84C13BB
:103A300094F806030128F1D184F84C53A4F85253AA
:103A400070BD2DE9F0410446002690F80603354686
:103A5000012823D1002084F80603B4F80413C81EFB
:103A6000FD281BD204F2022004F20322085C8A5CC7
:103A7000891E02EB002087B204F5017000F01EFEE3
:103A8000B84206D00AE060196D1C90F8041201716A
:103A9000ADB2B4F80403A842F5D801263046BDE81B
:103AA000F08110B5044600F043F82046FFF7C9FF47
:103AB000012804D12046BDE8104000F001B810BD37
:103AC00010B5044600796179012801D00B282BD16B
:103AD000022901D1012805D0144A12698A4223D152
:103AE0000B2821D1A07906281ED1E0797E281BD190
:103AF000207A062818D104F109000C2104F0D0FA2C
:103B000094F8210084F8610304F12200102104F0EC
:103B1000E5FA04F16200102104F0A4FAB4F85803A5
:103B200040F02000A4F8580310BD00004804002015
:103B300070B5044690F8560318B10025012818D135
:103B40000BE0B4F85C03401C80B2A4F85C030A28C4
:103B500002D3012084F8560370BD204600F00CF813
:103B60000128F9D1206894F85E2304F58271436B33
:103B7000984784F8565370BD70B504460020B4F8D9
:103B8000581305468A065FD521F02000A4F8580393
:103B90003148006984F80401022856D00C2856D018
:103BA0006079862184F80611222184F8071104EB3C
:103BB0004016E8B201F006FB06EB85006D1CADB2C5
:103BC00080EDBB0A082DF4D35FF0000006EB800106
:103BD00004EB800291F8EC3282F8083191F8ED3272
:103BE00082F8093191F8EE3282F80A31401C91F8DE
:103BF000EF1280B282F80B110828E7D304EB8001A2
:103C000094F8602381F80821002284F8602394F856
:103C1000622381F80921062101EB8000C1B204F57D
:103C2000827084F85E13054600F048FD94F85E1338
:103C3000030A4A1C84F85E234B5594F85E134A1C11
:103C400084F85E234855012070BD012000E00B2060
:103C500084F805010220A4E7480400200D480C491F
:103C600000F5417201604A61911C0268916102682D
:103C700000F58271D161026800F5017111620021C5
:103C8000A0F8041380F806130068816A0847000052
:103C9000040B0020AC000020FEE710B544780023A0
:103CA000096994420BD3427006E0426851F8234000
:103CB00042F833405B1CDBB242789A42F5D810BD23
:103CC0000C4910B50B888C880989234419440A4B88
:103CD00089B240F2E5741960024661430020C1F3E5
:103CE0000B018A4204D142F2CD00C3E90120012038
:103CF00010BD0000F06E002010040020054A0523CE
:103D000003EB00109268104402680A604068486043
:103D100070470000087D002030B50C4C0A4605466F
:103D200001462046FFF7B9FF2046FDF7AAFA2046D4
:103D3000FCF7EDFD2046FCF7B0FD2046FCF720FD2A
:103D400029462046BDE8304000F034BB087D002005
:103D5000012002F071F9FBE7012002F06DF900F09B
:103D60008DFCF9E710B5502080F31188BFF34F8F19
:103D7000BFF36F8F04F0B2FA18B104494FF08050CE
:103D80000860002080F3118810BD000004ED00E001
:103D900030B593B030216846FCF7D8FB14210CA84D
:103DA000FCF7D4FB1E480025016841F080510160FA
:103DB000006800F0805011901A48016841F4804179
:103DC00001600068022400F48040119001200090FE
:103DD000000401908001CDE90640192008904FF4BD
:103DE000A870CDE9090404200B906846FEF7BCF9E1
:103DF00008B172B6FEE70CA90F2081E831004FF43C
:103E0000A0500F904FF48050109005210CA8FEF7A1
:103E10009FF8002801D072B6FEE713B030BD000055
:103E200040380240007000400248016841F47001CF
:103E30000160704788ED00E003480168491C01609B
:103E40000248FEF714BC000008000020042A0020ED
:103E5000F0B50268254C264D264E274F274B4FF0D4
:103E6000804CA04209D0604507D0A84205D0B0429E
:103E700003D0B84201D0984204D122F0700E4A68B3
:103E800042EA0E02A0421BD0604519D0A84217D0CA
:103E9000B04215D0B84213D0984211D0184DA84264
:103EA0000ED0184DA8420BD0174DA84208D0174D80
:103EB000A84205D0164DA84202D0164DA84203D103
:103EC00022F44075CA682A434D6922F080022A43D1
:103ED00002608A68C2620A688262A04201D0984287
:103EE00001D10969016301214161F0BD0000014078
:103EF0000004004000080040000C004000040140A5
:103F000000400140004401400048014000180040CA
:103F1000001C00400020004010B5806B0021C185CE
:103F2000C184FEF79DFC10BD70B5846B20684069AC
:103F300094F83D10C0F3C0100025212904D118B118
:103F4000E584204600F0B0F82068406994F83E10FF
:103F5000C0F38010222904D118B1E585204600F075
:103F60007CF8206C40F0100020642046FEF778FCBE
:103F700070BD10B50146806B09680968C9052FD46A
:103F80000021C18501680C3151E8002F22F48072B4
:103F900041E80023002BF5D10168143151E8002FCE
:103FA00022F0010241E80023002BF5D10168143111
:103FB00051E8002F22F0400241E80023002BF5D108
:103FC000202180F83E10016B012909D101680C31D4
:103FD00051E8002F22F0100241E80023002BF5D118
:103FE000016B012902D0FEF76FFF10BD818DFEF736
:103FF000FEFB10BD10B5806B016B012902D0FEF7EE
:104000006FFF10BD818D4908FEF7F1FB10BD10B5A3
:104010000146806B09680968C90516D40021C1846E
:104020000168143151E8002F22F0800241E800239A
:10403000002BF5D101680C3151E8002F42F040020D
:1040400041E80023002BF5D110BDFEF791FF10BD14
:1040500010B5806BFEF7AEFF10BD01680C3151E862
:10406000002F22F4907241E80023002BF5D1016863
:10407000143151E8002F22F0010241E80023002B07
:10408000F5D1016B012909D101680C3151E8002FEC
:1040900022F0100241E80023002BF5D1202180F806
:1040A0003E1000210163704701680C3151E8002F78
:1040B00022F0C00241E80023002BF5D1202180F836
:1040C0003D10704708B590F83E10222901D002201B
:1040D00008BD82684FF480539A4201D1016921B131
:1040E000816A9A421BD04AB10AE00268816A52682A
:1040F000C2F308020A80816A891C08E0026972B171
:104100000268526802F07F020A70816A491C81626B
:10411000C18D491E0904090CC18503D019E002684C
:104120005268F1E70168CA6822F02002CA6001689B
:10413000CA6822F48072CA6001684A6922F00102EA
:104140004A61202180F83E10016B012903D0FEF75F
:10415000BBFE002008BD0021016301680C3151E85D
:10416000002F22F0100241E80023002BF5D1016856
:104170000A68D20602D50A6849680091818DFEF767
:1041800036FBE6E770B5044600680169E26821F491
:104190004051114301612169A068E26908436169E6
:1041A000114308432168CA6849F20C639A430243E9
:1041B000CA6020684169A26921F4407111434161DC
:1041C00031492068884202D03049884202D1FDF747
:1041D00089FF01E0FDF776FFE269002319216425DC
:1041E0003226B2F5004F626828D0A0FB0101930F80
:1041F0009200FCF7BDF80146B0FBF5F06FF0180235
:10420000504301EB800006EB0010B0FBF5F000F02E
:10421000F002B1FBF5F002EB0012B1FBF5F06FF02C
:104220001803584301EB800006EB0010B0FBF5F0DB
:1042300000F00F0021681044886070BDA0FB0101F0
:1042400092185B41FCF794F80146B0FBF5F00201CF
:10425000B1FBF5F06FF01803584301EB800006EB5B
:10426000C000B0FBF5F000F0F80002EB4002B1FB3B
:10427000F5F0584301EB800006EBC000B0FBF5F011
:1042800000F00700D6E700000010014000140140D4
:1042900038B58162828500251346044605642220D4
:1042A00084F83E00A26B1C48D063A26B1B481064CC
:1042B000A26B1B48D064A06B0A4605652168A06B01
:1042C000091DFDF793F9206801684068009084F8A3
:1042D0003C50206948B120680C3050E8001F41F480
:1042E000807140E80012002AF5D12068143050E8AF
:1042F000001F41F0010140E80012002AF5D12068BA
:10430000143050E8001F41F0400140E80012002A3C
:10431000F5D1002038BD0000733F0008F53F0008CC
:10432000293F000881628285C28500210164222222
:1043300080F83E2080F83C10016921B10168CA680C
:1043400042F48072CA6001684A6942F001024A611F
:104350000068C16841F02001C16000207047000082
:1043600010B5044800F036F8BDE810400148FEF7EB
:1043700079BA0000F425002010B5044800F052F886
:10438000BDE810400148FEF76DBA00003826002055
:1043900010B5044800F06EF8BDE810400148FEF783
:1043A00061BA00007C2600200148FEF75BBA0000DD
:1043B000C02600200022896907E0436803EBC2039E
:1043C0001B7921F81230521CD2B243789342F4D8B0
:1043D0007047FEE738B5114C0168206881421CD156
:1043E0000968C943C90618D401684068009020468E
:1043F000FEF7FEF9A06B0068416809480122C1F58B
:10440000807180F85822A0F8561200F1550120461C
:10441000BDE838401202FEF72DBD38BDF42500205E
:10442000CC04002038B5114C0168206881421CD1B1
:104430000968C943C90618D401684068009020463D
:10444000FEF7D6F9A06B0068416809480122C1F562
:10445000807180F82825A0F8261500F22531204625
:10446000BDE838401202FEF705BD38BD38260020F1
:10447000CC04002038B5174C01682068814227D150
:104480000A68D243D20618D40168406800902046DA
:10449000FEF7AEF9A06B006841680F480122C1F534
:1044A000807180F80623A0F8041300F501712046FE
:1044B000BDE838401202FEF7DDBC0A68D24352065E
:1044C00003D50968C943090602D401684068009011
:1044D00038BD00007C260020AC0000200907090E32
:1044E000002804DB00F1E02080F80014704700F0A1
:1044F0000F0000F1E02080F8141D70470E4910B540
:1045000002468C6D00200D4B0969062C0BD0082C3F
:1045100008D10120002905D00320012902D19342AE
:1045200000D1012010BD0029FCD002200129F9D1C1
:104530009342F7D1002010BD48040020CC04002095
:104540002DE9FE4F00278B468118B846B946B1F5D4
:10455000804F3CD815460646DFF87CA022E000BF1D
:1045600006EB080086B206F03F00C0F14004AC4202
:1045700000D32C460A2000F097FBDAF80C20DAF87A
:1045800014100092CDE90141BAF80410102332460C
:10459000DAF80000FDF736FA070007D040F24111C3
:1045A000AAF81810A5B1002FDAD011E00BEB090022
:1045B00022460A49FBF753FF09EB0400A0461FFA05
:1045C00080F9A5EB080005042D0CC9D100E00127F6
:1045D0003846BDE8FE8F0000C40B0020787B002029
:1045E0002DE9FE4F00271446064620448B46B94667
:1045F000B846B0F5804F39D80E2000F095FBDFF8B3
:1046000074A026E006EB090086B206F03F00C0F178
:104610004005A54200D325460BEB08012A46164863
:10462000FBF71DFF0A2000F03FFBDAF80820DAF85C
:1046300014100092CDE90151BAF80410102332464B
:10464000DAF80000FDF7DAFA070006D07B21AAF8B5
:10465000181064B1002FD5D009E008EB0500A94679
:104660001FFA80F8A4EB090084B2F2E7012738466C
:10467000BDE8FE8FC40B0020B87B0020084810B5B1
:104680000168491C016001F085FB00F0FDFBFFF7AC
:10469000BDF802F0EBFFBDE8104001F0FFBB0000E9
:1046A000A800002010B5002400212046FEF796FE49
:1046B000641CE4B2082CF7D310BD000070B50C4D9B
:1046C000FF22134605F5807606E000BF10F8014B87
:1046D0005C402B5D5340325D491EF7D24FF6FF70B0
:1046E00000EA022000F47F40184480B270BD000050
:1046F0009086000870B500242DED028B25469FEDB5
:104700001E8A2646D8B1082816D8401EC0B200F02E
:10471000B1FA00BF00EB85016D1CEDB24E630A2DAE
:10472000F8D3002100EB8102491C82ED218AC9B235
:1047300082ED2C8A0B29F5D3BDEC028B70BD20468F
:1047400000F098FA0146002001EB8002401CC0B244
:1047500056630A28F8D3002001EB8002401C82ED4A
:10476000218AC0B282ED2C8A0B28F5D3641CE4B2F6
:10477000082CE4D3E0E700000000000030B5002181
:10478000134C0A460B4680B108280DD8401EC0B213
:1047900000EB800004EB001101EB4200521C83820D
:1047A000D2B203850A2AF7D330BD01EB8102002083
:1047B00004EB021202EB4005401CAB82C0B22B8519
:1047C0000A28F7D3491CC9B20929EED330BD00002D
:1047D000A878002010B50020074B0446052103F1FE
:1047E000200200BF23F8104022F81010401CC0B275
:1047F0001028F7D310BD0000A875002010B5B0F840
:104800005A2200240A49A2F50453023B0ED1B0F803
:104810005E220124A2F525435A3B07D10122A0F8CC
:104820006022A1F86022104602F008FF204610BD69
:10483000CC04002010B5B0F85A2200210E2A05D170
:104840000121A0F8B41203F0F5F80121084610BDCB
:1048500070B50446B0F8B202002501280CD1B4F8B6
:10486000C802012550B101280FD0022814D000261B
:1048700003281AD0A4F8C862284670BD204602F06A
:1048800057FB0028F8D001200CE0204602F042FA45
:104890000028F1D0022005E0204602F00BFB0028A2
:1048A000EAD00320A4F8C802E6E7204602F08AFA1C
:1048B0000028E1D0A4F8C862A4F8B2620025DBE7C2
:1048C000F0B5002690F8B9C2A1B0012304463146E4
:1048D000354601AABCF1800F17D00CDCC1484FF05F
:1048E0000707BCF1090F74D2DFE80CF092A2B9D02F
:1048F000737373F0EE00ACF1810CBCF1060FF2D2D1
:10490000DFE80CF0152535455568B4F8B40208B158
:1049100081205AE1D4F898026421B0FBF1F201FB46
:104920001200002802D1204602F01AFC57E1D4E917
:10493000A601814202D90A1A282A04D28142F5D25C
:10494000401A2828F2D3204602F0F2FA3EE0D4E9D9
:10495000A601814202D90A1A282A04D28142E5D24C
:10496000401A2828E2D3204602F0A4FA2EE0D4E927
:10497000A601814202D90A1A282A04D28142D5D23C
:10498000401A2828D2D3204602F059FA1EE0D4E972
:10499000A601814202D90A1A282A04D28142C5D22C
:1049A000401A2828C2D3204602F0B4F90EE0D4E918
:1049B000A601814202D90A1A282A04D28142B5D21C
:1049C000401A2828B2D3204602F0FCF900282ED144
:1049D00005E1FDE0D4E9A601814202D90B1A282B9A
:1049E00004D2814213D2401A282810D31023002069
:1049F000411C09B222F8101008469942F8DB43F630
:104A000001112046009503F0FDF884F8B952E6E064
:104A1000D4E9A601814202D90A1A282A04D2814285
:104A200051D2401A28284ED3204602F06FFBC9E02D
:104A3000D4E9A603834202D91F1A282F04D2834245
:104A400041D2C01A28283ED322F81150491C09B27D
:104A50002029F9DB8BB24FF440510095AFE0D4E947
:104A6000A603834202D91F1A282F04D283422AD2D6
:104A7000C01A282827D322F81150491C09B210293E
:104A8000F9DB8BB24FF44451009598E0D4E9A603CA
:104A9000834204D9A3EB000CBCF1280F04D283425B
:104AA00011D2C01A28280ED322F81150491C09B27D
:104AB0000C29F9DB8BB241F201212046009503F06D
:104AC000A1F884F8B9728AE014E0FFE7D4E9A612ED
:104AD0008A4202D9571A282F04D28A427FD2891AD1
:104AE00028297CD30088ADF8040001AA4FF4805136
:104AF000009564E0D4E9A6128A4202D9531A282B01
:104B000004D28A426BD2891A282968D38188ADF8E9
:104B100004100189ADF8061090ED030A172301AACD
:104B2000BDEEC00A10EE101AADF8081030F8101FD4
:104B3000ADF80A108188ADF80C100189ADF80E109F
:104B40008189ADF81010018AADF81210818AADF894
:104B5000141090ED060ABDEEC00A10EE101AADF862
:104B60001610018FADF81810818EADF81A10018E55
:104B7000ADF81C10818BADF81E10018CADF8201023
:104B8000818CADF8221040F2B641ADF82410ADF89A
:104B90002610818FADF82810B0F84010ADF82A101B
:104BA000B0F84410ADF82C10B0F84810ADF82E1045
:104BB000B0F84C00ADF8300041F20A0100952046F3
:104BC00003F020F894F8B902401C84F8B90206E01A
:104BD000B4F8B602012802D1A4F8A432012621B00B
:104BE0003046F0BD4804002070B50446B0F8A40279
:104BF000002501280FD109480125006910B10220C4
:104C0000A4F8BC02B4F9BC12204602F021FA10B19B
:104C10000020A4F8A402284670BD0000480400202B
:104C200070B5054690F84C000024122808D00124E5
:104C30002846FFF745FE012802D1122085F84C00D6
:104C4000204670BD70B50546094800240068A0F5EF
:104C50000051CD3909D101242846FCF7F7F8284640
:104C6000FBF796FE2846FCF74BF8204670BD000087
:104C7000180400200549082806D200EB8001C1EB8A
:104C80008010024901EB80010846704764670020EC
:104C9000014890F861037047AC00002001480068AB
:104CA000704700000800002000B501464FF47A72FA
:104CB00003E01046491E00F003F80029F9D100BDB9
:104CC00000EB8000C00000E0401E0028FCD17047CF
:104CD000064910B5064A31F8101052F82000FCF7CA
:104CE000B5FD002800D0012010BD0000DE880008BE
:104CF000D80A00200349044A31F8101052F8200065
:104D0000FCF7A9BDC08800089C0A00200449054A98
:104D100031F8101052F820000122FCF7A4BD000069
:104D2000C08800089C0A00200449054A31F8101088
:104D300052F820000022FCF796BD0000C088000851
:104D40009C0A00207047704770477047704700000A
:104D500070B5007814460D46012803D0022803D010
:104D600020B10DE0074809E0074807E00122910261
:104D70000648FCF778FD224629460548FEF7B2F8BA
:104D8000002070BDF42500203826002000000240DD
:104D90007C2600202DE9F04188B0DFF8BC8000209F
:104DA00001466D4645F82010401CC0B20828F9D3D2
:104DB000002601E0192E34D20024601DC0B2FFF796
:104DC000B3FF641CE4B2082CF7D30A20FFF778FF86
:104DD0000024601DC0B2FFF799FF641CE4B2082CE8
:104DE000F7D30A20FFF76CFF5FF00004671C55F84B
:104DF0002400400045F82400F8B2FFF769FF55F899
:104E00002410084445F82400FCB2082CEED30024FA
:104E1000601DC0B2FFF788FF641CE4B2082CF7D312
:104E200002E01420FFF74CFF761CF6B21B2EC1D314
:104E30005FF0000303EB8300C0EB831255F82310EF
:104E400008EB820001F016FD5B1CDBB2082BF1D3EE
:104E500008B0BDE8F08100006467002070B5002450
:104E6000084DFFF797FF00BF04EB8400C0EB8410F0
:104E700005EB800000F048F9641CE4B2082CF3D381
:104E800070BD00006467002010B54FF4FA6000F0B8
:104E90007DF8012818D100F01DF8012814D10B4C21
:104EA0006079002810D12079401CC0B220710928F7
:104EB0000AD300F0E3F902F0BDFD0549012060715D
:104EC000A1F8B602A1F8860510BD000084000020FC
:104ED000CC0400202DE9F0472B4D00240327A978AE
:104EE0000120A0462646052904D2DFE801F003058B
:104EF0000F1A4200A87043E0601DC0B2FFF706FF22
:104F0000641CE4B2082CF7D30220F3E7601DC0B2A2
:104F1000FFF70AFF641CE4B2082CF7D3AF70AE8130
:104F20002EE0A98940F28A22491C89B2A9819142C6
:104F300002D3AE81EE70DDE7DFF84C9009F10E0987
:104F400019F80400012805D1601CC0B2FFF7C0FEAB
:104F500001280CD0641CE4B2082CF1D3E878411C81
:104F6000E9700A280CD90420A870EE7008E0AF7030
:104F7000FBE7FFF773FFAF70AE81EE704FF00108F3
:104F80004046BDE8F0870000840000202DE9F05F76
:104F9000594F01462DED028B0026F8883546884290
:104FA00078D8401CF88038785449002401F1100B5F
:104FB0004FF0010808286DD2DFE800F0040F2398B5
:104FC000981B3270701DC0B2FFF7AEFE761CF6B2B1
:104FD000082EF7D387F8008089E0701DC0B2FFF774
:104FE00095FE761CF6B2082EF7D3052038703C816A
:104FF0007DE03889401C80B238810A2877D90220A8
:1050000072E08846701DC0B2FFF78EFE28F8164089
:10501000761CF6B2082EF5D3062038707C8166E047
:105020007A89B946521C7A818A46771CF8B2FFF712
:105030004FFE20B93AF81610491C2AF81610FEB295
:10504000082EF2D3B9F80A0040F28A214A46884273
:105050004DD35078002156465B46474636F811C07E
:105060008046BCF1320F01EB410C9C4402D30CF89A
:10507000007001E00CF80040491CC9B20829EDD3CA
:1050800008F10100C0B25070032804D3072089F84A
:1050900000002CE02AE089F8004028E0C246A04643
:1050A000154C9FED178BD9460E34002106EB4603B5
:1050B000084603EB0902135C401C1944C0B2C9B294
:1050C0000328F8D3084603F0DDF953EC182B03F05E
:1050D00077FA02D804F806A001E004F80680761CEE
:1050E000F6B2082EE1D30820387000E00125BDECAF
:1050F000028B2846BDE8F09F840000203C6700201A
:10510000CCCCCCCCCCCC004030B504460020A1782F
:1051100087B0012940D16D4604EB8001496845F80C
:105120002010401CC0B20728F6D307212846FBF701
:105130009BFF002020620220216A55F82020401C9D
:105140001144C0B221620528F6D30846032190FB22
:10515000F1F16162D4F8E020002000BF04EB80038D
:105160005B6BDAB1994203DA401CC0B20A28F5D36E
:1051700000EE901A04EB8000F8EEE00A90ED210AB0
:1051800020EE800AD0ED2C0A30EE800AD4ED390AE8
:10519000C4ED3A0A84ED390A07B030BD9942E7DD23
:1051A000E2E7000001460020054A082906D201EB8B
:1051B0008100C0EB811002EB8000406A7047000064
:1051C00064670020024901EB800090ED000A7047FF
:1051D000C46E0020F0B5244C00231A4603EB830074
:1051E000C0EB8310002104F8203004EB80008270B3
:1051F000C2700262C0F8242000EB8105491CC9B2CC
:105200006A600A29F8D3194D002100BF00EB81071D
:1052100055F82160FE654618491CC9B286F8282059
:105220000A29F3D300219FED120ADFED120A00BF15
:1052300000EB8105491C85ED210AC9B2C5ED2C0A98
:105240000B29F5D301219FED0C0A5B1C80ED370A79
:10525000C0F8E02080ED390A80ED3A0ADBB24170F7
:10526000082BBBD3F0BD00006467002090880008C5
:10527000124DA03AE1DA85C30000000010B51149D3
:105280005FF0000000EB8002C2EB801201EB8202B3
:10529000401C92ED390AC0B282ED370A0828F1D3DA
:1052A000FFF798FAFFF7FEF90020074A014600BF12
:1052B00002EB4003401CC0B2A3F860100428F7D3EF
:1052C00010BD0000646700204804002070B504464B
:1052D000B0F85A02002542F20111884214D1B4F804
:1052E0005E020125A0F5E061E5390DD10120A4F8A9
:1052F0006402A4F8660294F86C0204F51974FFF7CE
:105300003DFA207AFFF7F6F9284670BDB0F85A2228
:105310000021B2F5045F12D10022A0F86622B0F895
:105320006C32B0F95E220121934208D00123A0F82B
:105330006832082A03DCB0F85E22A0F86C22084626
:1053400070472DE9F04104460026B0F86602354664
:10535000012836D1B4F85A02B0F5145F31D342F2C5
:105360000A5188422DD2B4F95E120126A1F590525D
:10537000FE3A26D10121A4F8621294F8B812C7B2FD
:1053800041F0010184F8B812B4F86C02E0B10828C9
:1053900017D8401EC0B2FFF705FFC11700EBD15070
:1053A000451294F86C023946401EC0B202F08AFCE5
:1053B00094F86C022BB2401EC0B20122394600F0B4
:1053C00081FE3046BDE8F0812846FFF7EBFEC117AD
:1053D00000EBD15044123946284602F073FC23B248
:1053E00001223946284600F06DFE6D1CEDB2082DF5
:1053F000EAD3012223B239460820E0E72DE9F04143
:105400000446B0F85A024FF00008A0F5085046468E
:105410000A2835D294F8B812C7B241F0010184F8D5
:10542000B812A4F86E0204EB8701B4F95E02C1F869
:105430007002B4F95E52B4F86C024FF0010860B12A
:10544000401EC0B22A46394602F0FEF894F86C02BB
:105450002A46401EC0B2394610E02A463946304638
:1054600002F0F2F82A463946304600F03FFE761C3C
:10547000F6B2082EF1D32A463946304600F036FE01
:105480004046BDE8F081B0F85A32002141F20312E3
:10549000934207D1B0F85E320121934202D101223A
:1054A000A0F8AC2208467047B0F85A32002141F209
:1054B0000212934207D1B0F85E320121934202D129
:1054C0000122A0F8AA2208467047B0F85A320021FB
:1054D00041F20112934207D1B0F85E3201219342AA
:1054E00002D10122A0F8A4220846704710B5B0F8F6
:1054F0005A220021A2F50453033B11D1B0F85E32C9
:105500000121A3F5E0640A46E53C04D0A3F58064DC
:10551000B23C03D004E0A0F8A02201E0A0F8A6224B
:10552000084610BDB0F85A220021A2F50453043BEE
:1055300009D1B0F85E220121A2F54073F23B02D1FD
:105540000122A0F8AE2208467047000010B5B0F85E
:105550005A2200240A49A2F50453023B0ED1B0F8A6
:105560005E220124A2F525435A3B07D10122A0F86F
:105570006022A1F86022104602F060F8204610BDBB
:10558000CC04002070B5B0F85A220025A2F5805353
:10559000202B6ED8012542492C46212B6BD2DFE807
:1055A00003F0116A6A6A6A6A6A6A6A6A15191D26CC
:1055B0002A6A6A6A6A2E373D4145496A6A6A4D56C7
:1055C0005A5E6400B0F95E220A6061E0B0F95E22C2
:1055D0004A605DE0B0F95E228A6059E0B0F95E226F
:1055E00000EE102AB8EEC00A81ED030A50E0B0F9CF
:1055F0005E220A614CE0B0F95E224A6148E0B0F9EF
:105600005E2200EE102AB8EEC00A81ED0A0A3FE0E1
:10561000B0F95E228A64A0F8B04239E0B0F95E22A7
:105620004A6435E0B0F95E220A6431E0B0F95E22E6
:10563000CA622DE0B0F95E220A6329E0B0F95E2269
:10564000CA641849A0F8B242A1F8824520E0B0F936
:105650005E220A651CE0B0F95E224A6518E0B0F9E6
:105660005E22082A14DC8A6512E0B0F95E22CA655F
:105670000EE013E0FFE7A2F580530F3B032B07D8A2
:1056800001EB8201A1F5A041B0F95E32C1F8DC3F27
:1056900090F8B81241F0020180F8B812284670BDA7
:1056A00048040020CC04002010B504460020B4F8C3
:1056B0005A12A1F5A852103A0AD1B4F95E02FEF7C7
:1056C000FFFA94F8B80240F0020084F8B802012012
:1056D00010BD10B5B0F85A120024A1F5CC42663ABC
:1056E00007D1B0F95E02A0F525415A3901D1FCF786
:1056F0001DFC204610BD10B5B0F85A2200210E2A1C
:1057000005D10121A0F8B41202F094F90121084654
:1057100010BD0000B0F85A220021A12A04D1034A8A
:1057200090F85E020121107008467047C4190020ED
:1057300070B50446B0F8B202002501280CD1B4F8C7
:10574000C802012550B101280FD0022814D000262C
:1057500003281AD0A4F8C862284670BD204601F07C
:10576000E7FB0028F8D001200CE0204601F0D2FA37
:105770000028F1D0022005E0204601F09BFB002824
:10578000EAD00320A4F8C802E6E7204601F01AFB9D
:105790000028E1D0A4F8C862A4F8B2620025DBE7D3
:1057A00070B50546B0F8B0020024012807D10124E5
:1057B000284601F0ABFC10B10020A5F8B00220464D
:1057C00070BD0000F0B50446FA49002094F8B9E233
:1057D000A1B005260123D1F858C00546024601AF05
:1057E000BEF1080F7ED008DCBEF1080F1FD2DFE843
:1057F0000EF0566688A1B9F8F6F5BEF12A0F72D000
:105800000CDCBEF1090F6FD0BEF10A0F6DD0BEF1F6
:105810000B0F6BD0BEF1290F09D1B6E0BEF1800F9E
:105820000AD0BEF1810F19D0BEF1820F30D0B4F88A
:10583000B60201287DD0B9E1B4F8B40208B18120E4
:10584000B5E0D4F898026421B0FBF1F201FB12003C
:105850000028F0D1204601F083FCA7E1D64ED4F811
:105860009802B6F90410B0FBF1F201FB1200002817
:10587000E1D1B6F90210204601F0EAFB0128DAD1A5
:10588000B6F90200411C71801928D4DB82208EE019
:10589000B4F8B6020128CED184F8B92286E1D4E961
:1058A000A601814202D90A1A282A04D28142C2D210
:1058B000401A2828BFD3204601F028FC1DE0D4E977
:1058C000A6138B4202D95E1A282E04D28B42B2D282
:1058D000C91A2829AFD327F81020401C00B220286D
:1058E000F9DB04E0C1E065E025E139E149E100923E
:1058F00083B23A464FF44051B3E094F8B902401CE9
:1059000055E0D4E9A6138B4202D95E1A282E04D2A0
:105910008B4290D2C91A28298DD327F81020401C19
:1059200000B21028F9DB009283B23A464FF444519A
:1059300097E038E1D4E9A6138B4202D95E1A282EEB
:1059400004D28B4289D2C91A282986D327F810207D
:10595000401C00B20C28F9DB009283B23A4641F2B7
:1059600001217EE0D4E9A601814202D90A1A282A3F
:1059700004D281421DD2401A28281AD3204601F0B1
:10598000D7FA002815D0292011E0D4E9A6018142D8
:1059900002D90A1A282A04D281420AD2401A282897
:1059A00007D3204601F0B6F9002802D02A2084F857
:1059B000B902FBE0D4E9A601814202D90A1A282AD9
:1059C00004D2814209D2401A282806D3204601F089
:1059D00036FA002801D084F8B962E7E02EE01BE037
:1059E000FFE7D4E9A6138B4202D95E1A282E0AD209
:1059F0008B4202D2C91A282905D2D7E0411C09B22C
:105A000027F810100846B0EB4C0FF7DB009283B27A
:105A10003A4643F6011124E0D4E9A601814202D9B5
:105A20000A1A282A04D281427ED2401A28287BD31F
:105A3000B4F9BC12204601F00BFB5EE7D4E9A606E0
:105A4000864202D9371A282F04D286426CD2801B94
:105A5000282869D308880092ADF8040001AA4FF401
:105A60008051204602F0CEF847E7D4E9A6038342EE
:105A700002D91E1A282E04D2834255D2C01A2828D1
:105A800052D38888ADF804000889ADF8060091ED7E
:105A9000030ABDEEC00A10EE100AADF8080031F896
:105AA000100FADF80A008888ADF80C000889ADF831
:105AB0000E008889ADF81000088AADF81200888AB7
:105AC000ADF8140091ED060ABDEEC00A10EE100A02
:105AD000ADF81600088FADF81800888EADF81A00E2
:105AE000088EADF81C00888BADF81E00088CADF850
:105AF0002000888CADF8220040F2B640ADF82400BA
:105B0000ADF82600888FADF82800B1F84000ADF858
:105B10002A00B1F84400ADF82C00ADF82EC0B1F861
:105B20004C00ADF8300000E03CE0009217233A460C
:105B300041F20A0195E7D4E9A601814202D90E1A81
:105B4000282E04D2814231D2401A28282ED3B4F80C
:105B50006C020092ADF804003A464FF4045180E71D
:105B6000D4E9A601814202D90A1A282A04D2814224
:105B70001CD2401A282819D31321204601F0DCFB3F
:105B8000BBE6D4E9A601814202D90A1A282A04D226
:105B900081420BD2401A282808D3204601F08AF906
:105BA0000028EDD102E0A4F8A432012521B0284656
:105BB000F0BD000048040020C81A002070B505465A
:105BC000B0F8CA02002401280BD1074E0124307816
:105BD00038B9284601F082FB18B100203070A5F8D2
:105BE000CA02204670BD0000C81A002070B50446E5
:105BF000B0F8A6020025012809D10125B4F9C01288
:105C0000204601F025FA10B10020A4F8A60228468B
:105C100070BD70B50446B0F8AC020025012809D16A
:105C20000125B4F9C412204601F012FA10B1002087
:105C3000A4F8AC02284670BD70B50446B0F8AA02BC
:105C40000025012809D10125B4F9C612204601F02A
:105C5000FFF910B10020A4F8AA02284670BD70B563
:105C60000446B0F8A8020025012809D10125B4F99D
:105C7000C612204601F0ECF910B10020A4F8A802E9
:105C8000284670BD70B50446B0F8A402002501286E
:105C900009D10125B4F9BC12204601F0D9F910B19F
:105CA0000020A4F8A402284670BD70B50446B0F8E0
:105CB000A0020025012809D10125B4F9BE12204611
:105CC00001F0C6F910B10020A4F8A002284670BD6A
:105CD00070B50446B0F8A2020025012809D10125BB
:105CE000B4F9BA12204601F0B3F910B10020A4F8BB
:105CF000A202284670BD70B50446B0F8AE02002579
:105D0000012809D10125B4F9C212204601F0A0F9F9
:105D100010B10020A4F8AE02284670BD70B505464B
:105D200090F84C000024122808D001242846FFF7E0
:105D300049FD012802D1122085F84C00204670BD93
:105D400070B505460A4800240068A0F50051CD3919
:105D50000CD101242846FBF779F82846FAF718FEFB
:105D60002846FAF7CDFF284601F000FA204670BD1C
:105D70001804002001460020A1F10902022A06D2DF
:105D800001EB4100024901EB400010F8310C704773
:105D9000E46E00202DE9F04100F042F81E4C00278F
:105DA000012620781D4D00284FF00A0003D0FFF790
:105DB000E1FF60B10CE0FFF7DDFF012808D126709C
:105DC000A5F86062A5F8306501F038FC00E02770A6
:105DD000607800284FF0090006D0FFF7CBFF0028BD
:105DE00000D16770BDE8F081FFF7C4FF0128F9D149
:105DF0006670A07810F0010100F10100A07006D0DB
:105E00000029EFD0A5F8A462A5F87465EAE7A5F823
:105E1000A262A5F87265E5E79A000020CC04002094
:105E200070B5104D002400BF04EB440615F81600B1
:105E3000FEF74EFF05EB46010871CA78824209D190
:105E40008A78521CD2B28A70322A05D332228A70E2
:105E5000487101E000228A70641CE4B2C870022C10
:105E6000E2D370BDE46E002030B500200A4B01463D
:105E70005FF0010500F1090200EB4004401C03F84B
:105E8000142003EB4402C0B29170D17011715171B2
:105E900055700228EED330BDE46E00202DE9F041AC
:105EA00000241B4F264600F037F81A4840690128A5
:105EB0002BD13D1D385D295D814201D02855012639
:105EC000641CE4B2042CF5D3012E1ED1002400265C
:105ED0002F5DF8074FF0000002D0FEF717FF01E03A
:105EE000FEF722FF7F0801210320FDF74DFA761C03
:105EF000F6B2082EEDD3641CE4B2042CE7D3BDE85F
:105F0000F04101210220FDF73FBABDE8F081000019
:105F10009D0000204804002010B5FEF7BFFE4FF49E
:105F20007A71B0FBF1F201FB1200002804D1BDE848
:105F300010400D20FEF7DEBE10BD10B50020FEF7AC
:105F4000E5FE0120FEF7E2FE0220FEF7EDFE032053
:105F5000FEF7EAFE0420FEF7E7FE0120FEF7D6FE7C
:105F600000210420FDF710FA01210220FDF70CFAB0
:105F7000BDE810400120FEF7D7BE0000FBF714FF7C
:105F8000FDF706FFFDF7D2FAFDF75CFAFDF7AAFB75
:105F9000FDF702FCFDF7C8FBFDF784FBFDF718FCDD
:105FA000FDF7DEFB4FF4807422461A491A48FCF7CD
:105FB00061FF19480068C16841F01001C1602246C4
:105FC00016491748FCF756FF15480068C16841F0AC
:105FD0001001C160224613491348FCF74BFF1248D9
:105FE0000068C16841F01001C160FFF73DFFFFF795
:105FF000A4FFFFF7EFF800F0F1FFFDF72FFE00F030
:10600000DFFA00F07DFBFAF745FBFDF771FA00F0CF
:106010001AF8FEE721050020F4250020F1070020F2
:1060200038260020B00200207C26002001460020F7
:10603000842900D0C81C704710B500B9012001F0B8
:106040007FFF002010BD10B501F0A0FF002010BDA3
:106050007FB50D4604464169B0F9080081B1A169D8
:1060600071B1FFF7E3FFD4E905128DE80700D4E929
:1060700000102B46226902F006F9039004B070BDAF
:10608000FFF7D4FF03A9CDE90001208A2B4682B295
:10609000D4E9001002F0CAF8012801D00020EDE791
:1060A0000398EBE7082809D80A2907D2044B00EB2C
:1060B000800003EB001000EB4100028570470000F8
:1060C000A878002030B508280DD80A290BD200EB9B
:1060D00080050548012400EB051020F8114000EB75
:1060E00041008282038530BDA8780020082809D8A5
:1060F0000A2907D2044B00EB800003EB001000EBF1
:106100004100828770470000A87800202DE9F04107
:10611000184C0F460546E6682068001D01F048FE51
:1061200038B9206890F82C100120884021698143FB
:106130002161681C07D137B12168BDE8F0410E48E4
:10614000091D01F079BE20683544B54245602168DB
:1061500005D2A06BBDE8F041091D01F055BE606B92
:10616000091D01F051FEA06A854200D2A562BDE87A
:10617000F08100001C000020282B00202DE9F041B8
:10618000054601F065FE2E4CA068401CA06020680A
:106190002C4F10B1606940B32DE02560A068012844
:1061A00029D1002606EB860007EB800001F01EFED9
:1061B000761C072EF6D323488C3001F017FE2148B9
:1061C000A03001F013FE1F48B43001F00FFE1D484F
:1061D000C83001F00BFE1B48DC3001F007FE194807
:1061E0008C3060631430A06305E02068E96AC06AFF
:1061F000884200D82560606A401C6062E96A01201C
:10620000226988401043206101EB810007EB800088
:10621000291D01F011FE01F03BFE606900280CD041
:106220002068E96AC06A884207D207494FF0805067
:106230000860BFF34F8FBFF36F8FBDE8F0810000A0
:106240001C0000204C2A002004ED00E010B504469C
:1062500090F8510058B101280CD002280FD05020DE
:1062600080F31188BFF34F8FBFF36F8FFEE7206B72
:1062700001F022FE2046BDE8104001F01DBE10BD19
:1062800010484FF47051420706D0C01D0D4920F050
:106290000700411AC1F570510B4A00230144C2E9BD
:1062A00000030839183A21F0070111604B600B60B8
:1062B0000B1AC0E9001393604FF000405360506127
:1062C000704700003C2B002070000020144E154C3D
:1062D000A6F1C8074FF08058DFF84C9012E000BFDD
:1062E00001F0B6FDF068C568281D01F061FDA068E9
:1062F000401EA0606068401E606001F0C9FD284635
:10630000FFF7A4FF60680028EAD138680128F9D9AE
:10631000C9F80080BFF34F8FBFF36F8FF2E7000023
:10632000142B00201C00002004ED00E02DE9F047B4
:106330009A46DDE9098481466FF00303206B03EB85
:1063400082021044089E20F00707780707D05020EB
:1063500080F31188BFF34F8FBFF36F8FFEE70025E7
:1063600061B1002023180A5C83F834200A5C12B162
:10637000401C1028F6D384F8435001E084F83450D0
:10638000072E00D30626E662C4E91165201D01F040
:1063900038FD04F1180001F034FD2461C6F1070056
:1063A0006462A061E56484F850505246494638461C
:1063B00000F0C0F82060B8F1000F01D0C8F800402C
:1063C000BDE8F08730B5114900E011460A68824205
:1063D000FBD34B685C18844203D140681844486082
:1063E000084643681C18944209D1084C183C24689C
:1063F000A24209D052681A4442600A6812680260D8
:10640000814200D0086030BD0460F9E770000020D0
:106410000648416B096829B1416BC968C968496878
:10642000816270474FF0FF31FAE700001C00002046
:1064300008484068401C4FF0500080F3118804D099
:10644000BFF34F8FBFF36F8FFEE7BFF34F8FBFF3E5
:106450006F8FFEE7780000202DE9F0410546002708
:1064600001F0CAFD324E306808B9FFF709FF7069C4
:1064700005424ED1C5B3083568070ED005F00700B8
:10648000C0F108000544680707D0502080F3118848
:10649000BFF34F8FBFF36F8FFEE72DB37068854258
:1064A00037D82348183001460C6801E020460C46D6
:1064B0006168A94202D221680029F7D131688C4273
:1064C00027D007682168016060680837411B1029E0
:1064D0000FD96019420708D0502080F31188BFF30C
:1064E0004F8FBFF36F8FFEE713E041606560FFF7EA
:1064F00069FF61687068401A7060B268904200D2AB
:10650000B060706901430020C4E90001F068401CDC
:10651000F06001F049FF780707D0502080F3118820
:10652000BFF34F8FBFF36F8FFEE73846BDE8F081B2
:106530005800002010B5031F4FF080741C601B1F13
:1065400021F001011960191F044B0B6014390A6016
:10655000091F6FF0020244380A6010BD3164000860
:1065600030B5002210290FD8084B0BE033F8124049
:1065700000EB4205240A00F8124013F81240521CA6
:106580006C70D2B28A42F1D330BD0000A8750020F1
:1065900030B500220C290FD8084B0BE033F812401D
:1065A00000EB4205240A00F8124013F81240521C76
:1065B0006C70D2B28A42F1D330BD00006876002000
:1065C0002DE9F047ADF5B16D40F284552946684696
:1065D000F9F7BCFF4FF0000844462A46694640469A
:1065E000FDF7AEFFDDF88055002876D14FF4B0619D
:1065F0006846FEF763F8A8427ED1EA4608F0FF003D
:10660000FEF738FB814604F10A00002687B209F143
:10661000340512E05AF8241002C55AF82400C117B4
:1066200000EBD150314640F34F22761CF6B208F011
:10663000FF00FFF737FD641CA4B2BC42EAD307F1A8
:106640000A00002486B209F15C050EE05AF8271012
:1066500002C53AF82700214602B2641CE4B208F0F1
:10666000FF00FFF743FD7F1CBFB2B742EED306F138
:106670000B0080B209F18401534607E003EB860268
:10668000761C92ED000AB6B2A1EC010A8642F5D35F
:1066900000F10B0189B209F1B00207E003EB8004BD
:1066A000401C94ED000A80B2A2EC010A8842F5D3A6
:1066B000481C80B209F1DC0208E000BF03EB810452
:1066C000491C94ED000A89B2A2EC010A8142F5D37B
:1066D000411C8CB209F1E00105E00DE053F82020E7
:1066E000401C04C180B2A042F8D308F101001FFA97
:1066F00080F8B8F1080F81D30DF5B16DBDE8F087D2
:1067000070B59AB068216846F9F720FF0024682226
:1067100069464FF4C060FDF713FF199D00287DD135
:1067200064216846FDF7CAFFA8427AD13E4A009824
:10673000694610603D48019A0260029A4260039ADD
:1067400082609DED040A80ED030A059A0261069AB3
:10675000426107225FF00B0351F8225000EB8406E0
:10676000641C521C92B2E4B2B5619A42F4D301EBBC
:106770008203521C93ED000A92B280ED0A0A51F88E
:106780002230521C92B2C36251F82230521C92B293
:10679000036351F82230521C92B2436351F8223005
:1067A000521C92B2836351F82230521C92B2C363DE
:1067B00051F82230521C92B2036451F82230521C1C
:1067C00092B2436451F82230521C92B2836451F861
:1067D0002230521C92B2C36451F82230521C92B241
:1067E000036551F82230521C92B2436551F82230B1
:1067F000521C92B2836551F82210C165082B01DD4D
:106800000821816502690A49022A02D13E22A1F8C3
:10681000BC22806D062804D1302000E001E0A1F800
:10682000BC021AB070BD000014040020480400200F
:10683000CC04002030B50022102917D80C4B13E0EF
:1068400053F82240240E00F8224053F82240250C31
:1068500000EB8204657033F822502D0AA57013F8FE
:106860002250521CE570D2B28A42E9D330BD0000FA
:10687000E8740020C278072A03D30022C2700122E4
:106880008270C278B1F1807F00EB820201D3A1F166
:1068900000715160C178491CC1707047F8B5B0F8FB
:1068A0006C120025082901D90020F8BD384C79B1B7
:1068B000491E61702278374E00215AB1012A20D03A
:1068C000022A35D0032A4AD0217001252846F8BD76
:1068D0000821EEE7D0E9A623934202D99F1A142F8C
:1068E00004D29342F2D2D21A142AEFD362780A2346
:1068F00002EB820206EB021200914FF40C511432AB
:106900003FE0D0E9A623934202D99F1A142F04D264
:106910009342DBD2D21A142AD8D362780A2302EB2C
:10692000820206EB021200914FF41051283228E047
:10693000D0E9A623934202D99F1A142F04D293427E
:10694000C4D2D21A142AC1D362780A2302EB82027B
:1069500006EB021200914FF408513C3211E0D0E9ED
:10696000A623934202D99E1A142E04D29342ADD28A
:10697000D21A142AAAD3009100F51B7201234FF4F6
:10698000045101F03FF92078401C20709EE7000080
:10699000B0040020A878002030B40022404D01232C
:1069A000404C114680F84D20A8421ED104F5887550
:1069B000C56040350561403545614035856120350C
:1069C000C561203505622035456240358562203538
:1069D000C56218350563344D45632D1D85632D1D36
:1069E000C5632D1D05642D1D1CE0304DC56040356F
:1069F000056140354561403585612035C0E9075462
:106A000040354562403585622035C56218350563DD
:106A1000254DAD1E45632D1D85632D1DC5632D1DA3
:106A200005642D1D4564A0F8B23280F85410056D40
:106A300000F256236B61056D9B1CAB61056D00F187
:106A40005503EB61056D2B62A0F8561280F85812C1
:106A50004FF6FF73A0F85A32A0F85C12A0F85E124D
:106A6000A0F86A125823A0F86C32A0F86E12A0F8B1
:106A700066120F4900EB820551F82230521CD2B247
:106A8000C5F870320A2AF5D30021FF2224F811201C
:106A9000491CC9B21029F9D3006D816A30BC08477E
:106AA0009C070020E8750020BA040020E87400204C
:106AB00090880008F8B5B0F86C120025082901D9B3
:106AC0000020F8BD214C59B1491E61712179204E39
:106AD000002339B101291CD0237101252846F8BDB6
:106AE0000821F2E7D0E9A6128A4202D9571A142FD8
:106AF00004D28A42F2D2891A1429EFD36179009321
:106B000001EB810106EB01120A234FF40C51143200
:106B100015E0D0E9A6128A4202D9571A142F04D2DE
:106B20008A42DBD2891A1429D8D36179009301EB08
:106B3000810106EB01120A234FF41051283201F0B3
:106B400061F82079401C2071C8E70000B0040020E3
:106B5000A8780020F8B50446406C1D4E0025B0F919
:106B60000010A6F140022B4629B1012918D003805C
:106B700001252846F8BDD4E9A601814202D90E1AA2
:106B8000142E04D28142F4D2401A1428F1D3009377
:106B900020234FF44051204601F034F8012014E046
:106BA000D4E9A601814202D90A1A142A04D28142E8
:106BB000DFD2401A1428DCD30093102332464FF45E
:106BC0004451204601F01EF80220616C0880D0E795
:106BD000A8750020F8B5B0F86C220025082A01D964
:106BE0000020F8BD204C00214AB1E270A2781F4E6F
:106BF0003AB1012A1CD0A17001252846F8BDE170E8
:106C0000F4E7D0E9A623934202D99F1A142F04D2A5
:106C10009342F2D2D21A142AEFD3E2780A2302EB7B
:106C2000820206EB021200914FF40C51143215E06F
:106C3000D0E9A623934202D99F1A142F04D293427B
:106C4000DBD2D21A142AD8D3E278009102EB820266
:106C500006EB02120A234FF41051283200F0D2FF43
:106C6000A078401CA070C8E7B0040020A8780020DD
:106C700070B50546B0F868020024012807D1012448
:106C80002846FFF70BFE10B10020A5F86802204649
:106C900070BD00002DE9F0410F46064600241B4D53
:106CA0002AE02046FEF78EFA286D70B12968A1F51A
:106CB000DA426C3A09D1DFED160A60EE200A00EEE6
:106CC000100AB8EEC01A80EE810AE86CC8B1F2EE84
:106CD000040A20EE200A00BFBDEEC00A07EB8401C3
:106CE00010EE100A46F82400001427F8240036F8A5
:106CF0002400641C4880E4B2A86DA042D1DCBDE849
:106D0000F081F6EE000A30EE200AE5E748040020A4
:106D100000007A442DE9F843054600270121FDF7DC
:106D2000EDFB00EB0010A96C102202EB80028C5EE0
:106D30002A6C142606EB8006B2F900308E5993FBBC
:106D4000F4F204FB12324FF0180C36F9126093FB88
:106D5000F4F20CEB800C04FB123251F80CC002EB85
:106D600042020CEB8202DFF858C0DCF84CC0BCF1E8
:106D7000000F0BD093FBF4F204FB12321C2303EB45
:106D8000800002EB4202085800EB82024FF000083C
:106D90000623B1B22846CDF8008000F0CDFE0128D0
:106DA00003D1296C0888401C0880286CB0F90010B9
:106DB000A14202DBA0F8008001273846BDE8F88335
:106DC00048040020F8B5044600260421FDF796FB90
:106DD00000EB0010A16C382202EB80028D5E226C69
:106DE0003C2707EB8007B2F90020CF5992FBF5F35F
:106DF00005FB132337F813C092FBF5F305FB1322B1
:106E0000402303EB800002EB42020858002700EB0E
:106E1000420202231FFA8CF12046009700F08CFEFC
:106E2000012803D1216C0888401C0880206CB0F92F
:106E30000010A94201DB078001263046F8BDF8B5F5
:106E4000044600260321FDF759FB00EB0010A16C5E
:106E50002C2202EB80028D5E226C302707EB80072C
:106E6000B2F90020CF5992FBF5F305FB132337F855
:106E700013C092FBF5F305FB1322342303EB8000D0
:106E800000270858022300EB82021FFA8CF12046EB
:106E9000009700F051FE012803D1216C0888401CA6
:106EA0000880206CB0F90010A94201DB07800126A0
:106EB0003046F8BDF8B5044600260221FDF71EFB5A
:106EC00000EB0010A16C202202EB80028D5E226C90
:106ED000242707EB8007B2F90020CF5992FBF5F386
:106EE00005FB132337F813C092FBF5F305FB1322C0
:106EF000282303EB800002EB42020858002700EB36
:106F0000820206231FFA8CF12046009700F014FE3F
:106F1000012803D1216C0888401C0880206CB0F93E
:106F20000010A94201DB078001263046F8BD0000B1
:106F30002DE9F843002705463946FDF7DFFA00EB57
:106F40000010A96C2A6C042631F92040B2F90030F7
:106F500006EB800693FBF4F204FB12328E594FF0DD
:106F6000080C0CEB800C36F9126093FBF4F204FB76
:106F7000123251F80CC002EB42020CEB8202DFF835
:106F800058C0DCF84CC0BCF1000F0BD093FBF4F2FE
:106F900004FB12320C2303EB800002EB4202085880
:106FA00000EB82024FF000080623B1B22846CDF86C
:106FB000008000F0C1FD012803D1296C0888401C25
:106FC0000880286CB0F90010A14202DBA0F8008014
:106FD00001273846BDE8F8834804002010B504486E
:106FE000FFF7DAFCBDE810400248FFF7D5BC00000F
:106FF000CC0400209C0700202DE9F0470024154612
:1070000088468146032A1ED2DFF840A06F1E16E094
:1070100000FB0740C6B221462846FAF7EFF8BDEE5E
:10702000C00A10EE100A49F82600011428F82610AC
:1070300008EB860139F82600641C4880E4B2DAF8CF
:107040005800A042E4DCBDE8F087000048040020BE
:107050001CB50E4A002352680192ADF80610D0E923
:10706000A6128A4202D9541A142C04D28A420AD295
:10707000891A142907D300210091022301AA84212F
:1070800000F0C0FD012318461CBD0000B8880008B0
:1070900070B50546B0F862020024012807D101242A
:1070A0002846FFF707FD10B10020A5F86202204630
:1070B00070BD70B50546B0F860020024012803D009
:1070C000FDF7E6FD01280DD10124FEF7D7F800F009
:1070D000B1FC2846FFF73EFD20B10020A5F8600274
:1070E00000F0A6FA204670BD70B50546B0F86402FF
:1070F0000024012807D101242846FFF76BFD10B1B9
:107100000020A5F86402204670BD00001CB512499D
:10711000124A002309680191BDF8041092F8482032
:10712000C9B241EA0221ADF80410D0E9A6128A42A0
:1071300002D9541A142C04D28A420AD2891A142968
:1071400007D300210091022301AA822100F05AFDF9
:10715000012318461CBD0000B88800084804002020
:10716000002301220E2100F0A3BC00002DE9F04114
:10717000064629480025C06A28B3304600F052F878
:10718000264C2748002721784FF0010839B1012902
:107190000DD0022918D003292FD0277003E000F06A
:1071A000D9F9012801D0012532E067702CE061781F
:1071B000415C304600F0C0F8012829D1022020703F
:1071C000D6F89802606023E0817A6078891E814257
:1071D00002D14FF4966002E060B14FF46170A0609C
:1071E000D4E90112D6F898021144884210D3032042
:1071F00020700DE04FF47A70F1E76178491CC9B254
:107200006170807A884202D984F8008000E027709B
:107210002846BDE8F081000048040020C01E002080
:10722000287D00202DE9F04385B000242A4D03AECF
:107230004FEA040905EBC40703A920464237FCF7CF
:107240005DFD00210A460846335C17F800C063451F
:1072500009D005EB440C3B54ACF8629005EB040CF0
:1072600001238CF86A30335CFF2B05D003F1010C4D
:107270000DF801C0491C89B2401C1A44C0B292B238
:107280000828E1D3B2F5FF6F1AD02F1997F86A00DA
:10729000012815D1022913D305EB4400B0F8622070
:1072A000521C92B2A0F86220B2F5FA7F0CD3A0F87B
:1072B0006290C9B2684600F073F987F86A9003E0FB
:1072C00005EB4401A1F86290641CE4B2042CB1D334
:1072D00005B0BDE8F0830000347D002000B5154AFC
:1072E000A1B00021136901AAA3B1012B12D0022B76
:1072F00017D000BF22F81110491C09B20829F9DB88
:1073000000228BB2009201AA43F6011100F014FC96
:1073100021B000BD22F81110491C09B21029F9DB77
:10732000EEE701F1080322F81130491C09B20829DF
:10733000F7DBE5E7480400207CB51D4A002312680E
:1073400001921C4A146C651E632D06D8BDF80650C8
:10735000EDB245EA0424ADF80640132908D1BDF882
:10736000064092F84420E4B244EA0222ADF8062036
:107370001322B1FBF2F402FB1411012202EB0121F2
:10738000ADF80410D0E9A6128A4202D9541A142C7E
:1073900004D28A420AD2891A142907D30021009103
:1073A000022301AAA02100F02DFC012318467CBD78
:1073B000F4880008480400202DE9F05F4468804606
:1073C000002594F858022F462E46012875D194F8CE
:1073D0005500A9465A286ED194F85600A5286AD1BE
:1073E000B4F85612062953D394F85700C91E8142A7
:1073F0004ED194F8581080294AD0812904D082298E
:1074000046D0832944D116E094F85A60C01EB04299
:107410003ED194F859A00BE0E01990F85B200AEBFC
:107420000700C1B2404600F062F805437F1CBFB2BE
:10743000B742F1D32CE094F85B70001F00EBD070E2
:10744000B7EB600F24D194F859004FF6FF7101EAB1
:10745000002094F85A2000F47F4010441FFA80FA6C
:107460008B4613E004EB460010F85C1F0BEA012189
:10747000407801F47F41084482B20AEB060081B2F1
:10748000404600F03FF80543761CB6B2BE42E9D351
:10749000D4F8980241F2883188420CD9E80702D02A
:1074A00000F008F901E0A80705D500F091F9D8F837
:1074B000041081F8B89284F85892BDE8F09F00005B
:1074C0002DE9F04100240546042746680AE000BF84
:1074D000686907EBC401415830468847012804D049
:1074E000641CE4B2287CA042F2D8BDE8F0810346D7
:1074F00000205B68002904D183F85420012183F81F
:107500004D1070472DE9F047446800274FF6FF788B
:10751000A4F85A1206463D46A4F85E22414513D00F
:107520004FF004090AE000BFF16809EBC5000958F3
:107530002046884701280AD06D1CEDB2307AA84257
:10754000F2D800BFA4F85A823846BDE8F08794F814
:10755000B872F7E711490246002091F87830002B05
:107560001BD091F8770000EB400303EBC000084408
:10757000036813604368536003891381807A9072B3
:1075800011F8770F0622401CB0FBF2F302FB130048
:1075900008704878401E487001207047347D0020F4
:1075A0001F4A10B592F87830062B38D2072936D208
:1075B00092F8763003EB430404EBC30313440468EE
:1075C0001C6044685C6004891C81807A987292F81F
:1075D0007630122003EB430404EBC30313445854E6
:1075E00092F87630132003EB430404EBC3031344F7
:1075F0000B44891C587092F8760000EB400303EBB3
:10760000C0001044817212F8760F0621401CB0FBB6
:10761000F1F301FB130010709078401C907010BDC6
:10762000347D0020014981F862037047AC000020DE
:10763000014981F861037047AC000020014981F8DD
:1076400060037047AC00002008280BD20A2909D239
:1076500000EB8003C3EB8010034B03EB800000EBD7
:107660008100C2657047000064670020104810B5B3
:107670004168D1F89822521CC1F89822C069D0F80C
:107680009812491CC0F898120948FFF795FE08485F
:1076900018300446FFF790FE0548FFF711FF20461B
:1076A000FFF70EFFBDE81040A520FFF7BBBF0000AD
:1076B0006C0A00202DE9F041434E00273D464FF46F
:1076C000B078F8B2FDF7D6FA05F10A0189B200F1F7
:1076D0003402434606E09D4202D210CA46F82540D5
:1076E0006D1CADB28D42F6D301F10A0292B200F1E7
:1076F0005C0406E0994202D220CC46F82150491C95
:1077000089B29142F6D302F10B0189B200F18404EF
:1077100009E09A4205D2B4EC010A06EB820585ED38
:10772000000A521C92B28A42F3D301F10B0292B2C8
:1077300000F1B00409E0994205D2B4EC010A06EB6D
:10774000810585ED000A491C89B29142F3D3511C91
:107750008CB200F1DC0109E09A4205D2B1EC010AD9
:1077600006EB820585ED000A521C92B2A242F3D3C9
:10777000611C8DB2E03006E09C4202D202C846F89D
:107780002410641CA4B2AC42F6D37F1CBFB2082FF5
:1077900097D3A1003046FCF791FF46F82400641C03
:1077A000A0B2B0F5B17F0DD24FF6FF7101EA8002B1
:1077B00031460020FCF714FF002803D10349088854
:1077C000401C0880BDE8F081FC6E002044040020CD
:1077D00070B5964B944C0022586B954D401C01217E
:1077E000586301CD44F82200521C92B28A42F8D369
:1077F000481C8E4A04E020CA44F82150491C89B232
:107800008142F8D30146401C1B1D04E004CB44F820
:107810002120491C89B28142F8D30146834A401C89
:10782000083204E008CA44F82130491C89B2814278
:10783000F8D301467D4A401C0C3207E0B2EC010A45
:1078400004EB8103491C89B283ED000A8142F5D320
:107850000146764A401C103204E008CA44F8213040
:10786000491C89B28142F8D30146704A401C143247
:1078700004E008CA44F82130491C89B28142F8D397
:1078800001466A4A001D183204E008CA44F8213053
:10789000491C89B28142F8D30146644A401C28320F
:1078A00008E000BFB2EC010A04EB8103491C89B275
:1078B00083ED000A8142F5D301465C4A401C2C321C
:1078C00004E008CA44F82130491C89B28142F8D347
:1078D0000146564A401C303204E008CA44F82130C0
:1078E000491C89B28142F8D30146504A401C3432C7
:1078F00004E008CA44F82130491C89B28142F8D317
:1079000001464A4A401C383204E008CA44F8213093
:10791000491C89B28142F8D30146444A401C3C329A
:1079200004E008CA44F82130491C89B28142F8D3E6
:1079300001463E4A401C403204E008CA44F8213067
:10794000491C89B28142F8D30146384A401C44326E
:1079500004E008CA44F82130491C89B28142F8D3B6
:10796000411C324A89B2483204E008CA44F8203047
:10797000401C80B28842F8D3481C2C4A80B24C325A
:1079800004E008CA44F82130491C89B28142F8D386
:10799000411C264A89B2503204E008CA44F820301B
:1079A000401C80B28842F8D3481C204A80B254322E
:1079B00004E008CA44F82130491C89B28142F8D356
:1079C000411C8DB21949583104E004C944F8202003
:1079D000401C80B2A842F8D3681C81B213485C30C6
:1079E00004E004C844F825206D1CADB28D42F8D3E4
:1079F0002046A900FCF762FE44F825006D1CA8B2E1
:107A00001A280FD84FF6FF7101EA800221464FF481
:107A1000C060FCF7E5FD002804D10449091F48882F
:107A2000401C488070BD0000807400204804002085
:107A3000140400202DE9F04F1B4C002004F18002BB
:107A40009FED1A0A01464FF6FF75A2F1400602F1BA
:107A50004008FF2302F1600902F1800702F1A00A49
:107A600002F5987B02F5B87E44F8201002EB800CFA
:107A700022F82010ACF8021046F8205028F8101018
:107A800029F810300AEB800C27F810308CED000A32
:107A90000BEB800C8CED000A2EF81010401CC0B2CD
:107AA0001028E1D3BDE8F08FE8740020000000004A
:107AB00070B50446D4E9A605854202D92E1A142EC3
:107AC00004D285422BD2401B142828D34FF6FF70D6
:107AD000814224D288184FF6FE75401EA8421ED25D
:107AE0005A2084F85501A52084F85601042084F812
:107AF0005701832084F85801080A84F8590184F852
:107B00005A1184F85B21012B0AD00722206D04F260
:107B10005511436B9847D4F89802C4F89C0270BD85
:107B2000042104F5AC70FCF7C9FD010A84F85C116E
:107B300084F85D010922E9E72DE9F04104461D467C
:107B4000D4E9A6364FF0000C069F60469E4204D949
:107B5000A6EB030EBEF1140F04D29E4240D29B1B33
:107B6000142B3DD34FF6FF73994239D24B194FF680
:107B7000FE765B1EB34233D25A2384F85531A523D7
:107B800084F85631032303EB450384F857318226EA
:107B900084F858610E0A84F8596184F85A110BE090
:107BA00032F8101004EB40064FEA112C86F85BC146
:107BB000401C86F85C1180B2A842F1D3012F12D08C
:107BC0005FF0060000EB450082B2206D04F2551113
:107BD000436B9847D4F898024FF0010CC4F89C020C
:107BE0006046BDE8F081194604F5AC70FCF766FD0F
:107BF00004EB4501020A81F85B2181F85C01082051
:107C0000E0E700002DE9F04104461D46D4E9A63620
:107C10000020069F9E4204D9A6EB030CBCF1140F72
:107C200004D29E423ED29B1B142B3BD34FF6FF73D4
:107C3000994237D24B194FF6FE765B1EB34231D2D2
:107C40005A2384F85531A52384F85631032303EBD6
:107C5000450384F85731822684F858610E0A84F867
:107C6000596184F85A110BE032F8021B04EB40060C
:107C70004FEA112C86F85BC1401C86F85C1180B27B
:107C8000A842F1D3012F0FD05FF0060000EB4500B2
:107C900082B2206D04F25511436B9847D4F89802D4
:107CA000C4F89C02BDE8F081194604F5AC70FCF7FD
:107CB00005FD04EB4501020A81F85B2181F85C01B6
:107CC0000820E3E730B5082866D20A2964D200EB21
:107CD0008002C2EB8010354A02EB800202EB810089
:107CE000536A436301235418002984F8283053D081
:107CF00094F82740012C06D1D0E90C45A54200DDBF
:107D00000023C2F8E030D0E916431C1B00EE104AF5
:107D1000D0E90C54F8EEC00A651B00EE105A092990
:107D2000B8EEC01A80EE810A00EE903A01EE104AD9
:107D3000F8EEE00AB8EEC11A80ED210A40EE410AE1
:107D4000C0ED2C0A1CD2046EE31A00EE103AD0E902
:107D50000D53F8EEC00A5D1B00EE105AB8EEC01AC3
:107D600080EE810A00EE904A01EE103AF8EEE00A49
:107D7000B8EEC11A80ED220A40EE410AC0ED2D0A8C
:107D800001290AD0092907D192ED2A0A82ED2B0A8E
:107D900092ED350A82ED360A30BD92ED220A82ED6F
:107DA000210A92ED2D0A82ED2C0A30BD6467002075
:107DB000D0E9013201699A60D0E901235A604A682A
:107DC000824201D182684A60002202610868401E36
:107DD0000860086870470000034B036003F154001B
:107DE0000860802010607047CC1E002000F1080160
:107DF0004FF0FF32C0E90112C16001610021016052
:107E0000704700210161704730B50B685A1C02D0E1
:107E100000F1080202E0026904E022465468256885
:107E20009D42FAD953684B6099608A60516008613D
:107E30000168491C016030BD42684A6093688B60EC
:107E400093685960916008610168491C016070473E
:107E5000502080F31188BFF34F8FBFF36F8F0A4913
:107E60004868401C486001280CD10848006810F0A0
:107E7000FF0F07D0502080F31188BFF34F8FBFF35F
:107E80006F8FFEE7704700007800002004ED00E0EF
:107E90000849486828B1401E486001D180F3118824
:107EA0007047502080F31188BFF34F8FBFF36F8F5F
:107EB000FEE700007800002070B500282AD0164D9B
:107EC000A0F1080460686969084207D1502080F376
:107ED0001188BFF34F8FBFF36F8FFEE722683AB16F
:107EE000502080F31188BFF34F8FBFF36F8FFEE7F1
:107EF0008843606000F080F86068696808446860E2
:107F00002046FEF75FFA2869401C2861BDE87040F2
:107F100000F04ABA70BD0000580000204FF0E02089
:107F200000210161816105494FF47A720968B1FB52
:107F3000F2F1491E416107210161704718000020DC
:107F400010B5020014D00F48006B38B1502080F3F8
:107F50001188BFF34F8FBFF36F8FFEE700F04CF82F
:107F600000211046FEF7D2F800F01EFA002807D1D3
:107F700005494FF080500860BFF34F8FBFF36F8FFC
:107F800010BD00001C00002004ED00E010B586B01C
:107F90000024039405AA04A903A80494FFF71CFF76
:107FA000DDE903010094CDE9011000230EA1104882
:107FB000059A00F068F90F490028C86211D05020D6
:107FC00080F31188BFF34F8FBFF36F8F4FF0FF30F7
:107FD000886201204861CC6006B0BDE8104000F026
:107FE000ABB806B010BD000049444C45000000008D
:107FF000CD6200081C0000200248016B491C01638F
:10800000704700001C0000201448016B11B10121D1
:10801000C16170470021C1610169B1FA81F1C1F10B
:108020001F0101EB81020E4951F822306BB101EBC7
:10803000820101F108034A6852684A609A4201D1FC
:1080400052684A60D16801607047502080F31188FF
:10805000BFF34F8FBFF36F8FFEE700001C000020BF
:108060004C2A002070B50022102916D800250B4B91
:1080700011E000BF23F8125010F8124000EB420646
:10808000240204F47F4423F812407678344423F821
:108090001240521CD2B28A42ECD370BDA8750020A7
:1080A00070B500220C2916D800250B4B11E000BF3B
:1080B00023F8125010F8124000EB4206240204F498
:1080C0007F4423F812407678344423F81240521C3F
:1080D000D2B28A42ECD370BD6876002070B500221F
:1080E000102921D970BD124B002400EB820543F802
:1080F000224010F82240240204F47F4443F8224036
:108100006E7834440B4E06EA042443F82240AE78DD
:108110003444240224F0FF0443F82240ED782C4438
:1081200043F82240521CD2B28A42DCD370BD000018
:10813000E874002000FFFF001CB537480168374A8B
:10814000914207D1502080F31188BFF34F8FBFF3C6
:108150006F8FFEE700683149491E884207D15020E1
:1081600080F31188BFF34F8FBFF36F8FFEE72C4969
:1081700008780190FF20087008788DF800009DF8BD
:1081800000009DF8002000F0F000904207D0502041
:1081900080F31188BFF34F8FBFF36F8FFEE79DF819
:1081A0000000204C00F0500020700720A06005E087
:1081B0009DF8002052008DF80020401E9DF8002000
:1081C0001206F5D4A060032807D0502080F3118850
:1081D000BFF34F8FBFF36F8FFEE74FF44070A06087
:1081E000019808700C482030016841F4700101606A
:1081F000016841F070410160FFF790FE002060606F
:10820000F8F75AF80848016841F040410160F8F772
:108210003FF800201CBD000000ED00E071C20F41DE
:1082200000E400E07800002034EF00E02DE9FF5F7B
:108230008346DDE90E87994616468A469000FEF78A
:108240000BF905001CD05420FEF706F9040014D0E9
:108250000020256384F85100CDE90240CDE9008774
:108260004B46324651465846FEF760F82046FDF729
:1082700085FF012004B0BDE8F09F2846FFF71CFEF3
:108280004FF0FF30F6E7F0B585B0DDE90B640A9DED
:10829000A6B1DCB1542700972663022684F851600A
:1082A000002604AFCDE90246CDE90057FEF73EF8BF
:1082B0002046FDF763FF049805B0F0BD502080F321
:1082C0001188BFF34F8FBFF36F8FFEE7502080F30D
:1082D0001188BFF34F8FBFF36F8FFEE72DE9F04199
:1082E0002F4C0026206B28B1A069401CA0613046AD
:1082F000BDE8F081E5686D1CE56013D1606B006836
:1083000038B1502080F31188BFF34F8FBFF36F8FC8
:10831000FEE7606BA16B6163A063206A401C206272
:10832000FEF776F8A06ADFF87C80854209D3606B9F
:108330000068A0B1606BC068C7687868854211D2D8
:10834000A0622068C06A00EB800158F82100012873
:1083500000D90126E0690028C9D00126C7E74FF0FF
:10836000FF30EDE7381DFFF723FDB86A18B107F1BC
:108370001800FFF71DFDF96A0120226988401043AB
:10838000206101EB810108EB8100391DFFF754FDED
:10839000F86A2168C96A8842C9D30126C7E7000084
:1083A0001C0000204C2A00202DE9F0472C4D002411
:1083B0002746286B38B1FFF74BFD286B401E28631A
:1083C000286B40B146E0502080F31188BFF34F8FF7
:1083D000BFF36F8FFEE7A968224E0120D1B3A6F14B
:1083E000B40980463068E8B1F068C46804F1180048
:1083F000FFF7DEFC201DFFF7DBFCE06A2A6908FAC4
:1084000000F11143296100EB800109EB8100211D7E
:10841000FFF712FDE06A2968C96A8842E2D3C5F80D
:108420001C80DFE70CB1FDF7F3FFAC6944B14646B1
:10843000FFF754FF00B1EE61641EF9D10020A8617E
:10844000E86938B10849012738070860BFF34F8F42
:10845000BFF36F8FFFF71CFD3846BDE8F0870000C3
:108460001C000020002B002004ED00E0491058BF44
:10847000C1F140415B1058BFC3F140438B42EFF361
:1084800000807047B0FA80F310FA03F10AD0C3F10C
:108490001D0303F580634FEA41504FEA035202EB9C
:1084A000D12170474FF000007047000051EA030CE3
:1084B00017D41CF5801F58BFBCF5801F00F1068043
:1084C000994218BF704708BF9042704707D711F50F
:1084D000801F58BF13F5801F19D4994270478942F5
:1084E00070471CF5801F08D5BCF5801FF7D58B425F
:1084F00018BF704708BF824270474FF4001C1CEB46
:10850000410F38BF1CEB430F01D28B42704770B54F
:1085100000F008F8922449004FF000514FF08053CA
:10852000FFF7A4BF0EF1020E2EF0030E5EF8046BEF
:10853000364205D4012A43EB030515F5001F12D876
:10854000012841EB010C1CF5001F0CD80ED14FEA9D
:10855000D17C15F5001F0CEB4C0C0CF1020C08BF84
:108560004CEBD37C04E04FF0080C01E04FEAD37CE5
:108570000CEB4C0526FA05F606F00706B6F1040CDE
:1085800006D20EEB860CBDE870404CF0010C604743
:10859000DFE80CF0090B02024FF000414FF0000041
:1085A000A1F5002170BD19461046012851EB0104C8
:1085B00018BFD4F5001484BF002001F0004170BD45
:1085C00053EA010C17D41CF5801F58BFBCF5801F5F
:1085D00000F106808B4218BF704708BF8242704787
:1085E00007D713F5801F58BF11F5801F19D48B4290
:1085F00070479B4270471CF5801F08D5BCF5801F53
:10860000F7D5994218BF704708BF904270474FF4A2
:10861000001C1CEB430F38BF1CEB410F01D29942E9
:1086200070470FB40CBC03BCFFF771BF4FF0407034
:10863000E1EE100A70470000F8880008513D00087C
:1086400000000000000000008000000000000000AA
:108650000000000004890008593D0008FDFF0000EB
:108660000000000000040000000000000000000006
:1086700000061016000610160000000000000000A2
:1086800001020304060708090000000001020304B8
:1086900000C1814001C0804101C0804100C18140D2
:1086A00001C0804100C1814000C1814001C08041C2
:1086B00001C0804100C1814000C1814001C08041B2
:1086C00000C1814001C0804101C0804100C18140A2
:1086D00001C0804100C1814000C1814001C0804192
:1086E00000C1814001C0804101C0804100C1814082
:1086F00000C1814001C0804101C0804100C1814072
:1087000001C0804100C1814000C1814001C0804161
:1087100001C0804100C1814000C1814001C0804151
:1087200000C1814001C0804101C0804100C1814041
:1087300000C1814001C0804101C0804100C1814031
:1087400001C0804100C1814000C1814001C0804121
:1087500000C1814001C0804101C0804100C1814011
:1087600001C0804100C1814000C1814001C0804101
:1087700001C0804100C1814000C1814001C08041F1
:1087800000C1814001C0804101C0804100C18140E1
:1087900000C0C101C30302C2C60607C705C5C404A1
:1087A000CC0C0DCD0FCFCE0E0ACACB0BC90908C811
:1087B000D81819D91BDBDA1A1EDEDF1FDD1D1CDC01
:1087C00014D4D515D71716D6D21213D311D1D01071
:1087D000F03031F133F3F23236F6F737F53534F461
:1087E0003CFCFD3DFF3F3EFEFA3A3BFB39F9F838D1
:1087F00028E8E929EB2B2AEAEE2E2FEF2DEDEC2CC1
:10880000E42425E527E7E62622E2E323E12120E030
:10881000A06061A163A3A26266A6A767A56564A420
:108820006CACAD6DAF6F6EAEAA6A6BAB69A9A86890
:1088300078B8B979BB7B7ABABE7E7FBF7DBDBC7C80
:10884000B47475B577B7B67672B2B373B17170B0F0
:1088500050909151935352929656579755959454E0
:108860009C5C5D9D5F9F9E5E5A9A9B5B9959589850
:10887000884849894B8B8A4A4E8E8F4F8D4D4C8C40
:1088800044848545874746868242438341818040B0
:10889000000000003200000064000000C80000007A
:1088A000F4010000E8030000D0070000B80B00004E
:1088B000A00F000088130000236460EA015A35000D
:1088C0000010002000080080004004000800100094
:1088D000200040000020010004000080200000046F
:1088E00001000200040008001000800001000200E6
:1088F000080010000131006464656661756C745491
:1089000061736B006170705461736B314D73000063
:108910003089000800000020CC1E0000C4010008BF
:108920004C930008CC1E0020446700002802000879
:1089300092000112010462100D00045E24F4000193
:1089400012AA01012A300006FF040B0020000101D9
:10895000FF0101FF010162011ECD6A031006ACF7A1
:10896000FF1FE8045006107AFF1FAC08300820F4FF
:10897000F01F5000F80443907510ADD403338813F2
:10898000076E405004FE02F603A3A040301E646B45
:1089900004921E045E327F04431A0408027108FC2C
:1089A0002FB41868040C04FF010044700401FF0197
:1089B0005D0E03EBFFFFC60E4A580907100B803609
:1089C0000031003500380034080A5031D02A14D064
:1089D0000804FF020084D001FF010967D00A1501D5
:1089E000D01006CC0400200F082C06C81900201156
:1089F00029062C041A0020780A2C059C0700202C3C
:108A0000061006C415002005A212D4080005230094
:108A100010024004920804120C1052041C02150C9F
:108A20000461385200047F0505640A021602D41D51
:108A3000190B1006454D00084B04124D0412510C41
:108A4000124904124704033C010640023D0240144F
:108A50000620210020A03C4C07B87B0020787B2416
:108A60000B6E64D40B00FF00901190219031904167
:108A70009051906190719081909190A190B190C12E
:108A800090D190E190F1900191119121913191411A
:108A90009151916191719181919191A191B191C106
:108AA00091D191E191F191019211922192319241F2
:108AB0009251926192719281929192A192B192C1DE
:108AC00092D192E192F192019311932193319341CA
:108AD0009351936193719381939193A193B193C1B6
:108AE00093D193E193F19301B011B00194119421CA
:108AF000943194419451946194719481949194A18E
:108B000094B194C194D194E194F19401951195217B
:108B1000953195419551956195719581959195A165
:108B200095B195C195D195E195F195019611962153
:108B3000963196419651966196719681969196A13D
:108B400096B196C196D196E196F19601971197212B
:108B5000973197419751976197719781979197A115
:108B600097B197C197D100FF0097E197F19701B1B5
:108B700011B10198119821983198419851986198B4
:108B8000719881989198A198B198C198D198E198DD
:108B9000F1980199119921993199419951996199C6
:108BA000719981999199A199B199C199D199E199B5
:108BB000F199019A119A219A319A419A519A619A9E
:108BC000719A819A919AA19AB19AC19AD19AE19A8D
:108BD000F19A019B119B219B319B419B519B619B76
:108BE000719B819B919BA19BB19BC19BD19BE19B65
:108BF000F19B01B211B2019C119C219C319C419CC2
:108C0000519C619C719C819C919CA19CB19CC19C3C
:108C1000D19CE19CF19C01A011A021A031A041A018
:108C200051A061A071A081A091A0A1A0B1A0C1A0FC
:108C3000D1A0E1A0F1A001A111A1019E119E219E50
:108C4000319E419E519E619E719E819E919EA19EEC
:108C5000B19EC19ED19EE19EF19E019F119F219FD9
:108C6000319F419F519F612C1E9F719F819F919FBA
:108C7000A19FB19FC19FD19FE19FF19F01B311B30C
:108C80003000B700746427036007010030007701EB
:108C90000C838101188381011883D2021883D202C8
:108CA00030832204488322044810042E00C5182271
:108CB000283C6006012E0085010C837F0118837F0C
:108CC000011883D0021883D0023083210448832105
:108CD00004181C040F00282B041222781004000032
:108CE000960C431F040C40075401280210F80C9006
:108CF000040F008C24928C24728C24830D024883F0
:108D00008A024883480348830D0248838A024883C5
:108D1000480348321490321C6C329B90410C324A0A
:108D2000903118330114906124928C24728C248326
:108D300012024883940248833E0348831202488308
:108D4000940248833E03481C04A0008B420B10048D
:108D50001200026C6005A0004B010C83F101188326
:108D6000F101188342033083420330839304488324
:108D7000930430100410007E04141E3E0161017E35
:108D80000061013E01B2027E00B2023E0103047E98
:108D90000003043E011300E7B83A201860051300F1
:108DA000B9010C92BB1892BB18836301188363014D
:108DB00018830B0248830B024892C51892C518838A
:108DC0006D0360836D03608315046083150448920E
:108DD000BD1892BD1810041300D2783A16786005B9
:108DE0001300C3010C92BB1892BB18836301188354
:108DF000630118830B0248830B024892C51892C581
:108E000018836D0360836D0360831504608315040C
:108E10004892BD1892BD1818042D003D48361AE836
:108E200012AF0C52FF0C180459013D6C3A1A5490C1
:108E3000042D007E24927E24927E2492BF2492BF31
:108E40002472BF48832B026C83AD026C8348036C91
:108E5000832B026C83AD026C8348036C832B026C02
:108E600083AD026C8348036C0116D810045401448E
:108E7000903A14FC0116D89004540185240114D8AA
:108E800070045401C6480118D8816C0118D8816C4F
:108E90000118D8816C18063E00730094282D8003B9
:108EA00060053E0064010C92E61892E618838E017C
:108EB00018838E0118833602488336024892F118CF
:108EC00092F118839903608399036083410460835E
:108ED00041044892E91892E91810040B005F04104D
:108EE000045001B30812B30810125B015F005B016C
:108EF000500103025F0003025001BD0812BD0810BB
:108F00001265035F00650350010D045F000D0450FE
:108F100001B50812B508450041FA700419052C0C7A
:108F2000C118721E0C1E06C20A1EE00C142C0AF494
:108F30000D0020540E00200CA00910050C0020B4D8
:108F40000C2005440F00202011155320D40C124092
:108F50001C4F3410680A1260281E84100D2D581002
:108F6000C3640C44928444212052A444210C92C432
:108F70004412E46C43901434D2E84483080D442135
:108F80005443280D4421601248B04F4414F00A1293
:108F90006828129C442D7015226C84115C1C0614E8
:108FA000110020120C0B228C34110C43AC12201235
:108FB000B02C4384130C92D04412F06C3EA8DC0D0C
:108FC0001C05000035482B111DEA054FFD473311E4
:108FD00043214C1022511825BC124B0810060300E7
:108FE00000B370081D5C11124520ED98090D16881C
:108FF00009ED8009ED70092D60091C045600600C14
:10900000083E3CC4056005560049010C83DC01188C
:1090100083DC0118836203188362033083E8043021
:1090200083E804307C045600773C08116C7D3C08D2
:1090300083DC0118116C7D6C0883620318116C715C
:109040003083E80430116C7D6C082C0413066176C3
:10905000123D0C0812630C52FF0C12EA0C6DEC046A
:1090600090041306A72492A72492A72492E824929E
:10907000E82492E848832F016C832F016C832F0131
:109080006C0114906C05E5066700A404011690902D
:1090900004E506AD240114909004E506EE480114A1
:1090A000906C05E5063501A4041E8CE6084D8C077E
:1090B00019A05F0006A4071D5A0882021883120235
:1090C000188398033083980318831E0548831E0570
:1090D000308F3707E0031E1E52091C061E000401D4
:1090E000A436091006A40104012A4C2C0D2A0304FD
:1090F00001B0041400B004040100041ED8380E109E
:10910000065C1B0020A4041E09D20E1DB30613200A
:10911000EC104F581C000412181C52C40C123818C2
:109120004F181D000412580C4F0C1DD4031EFC6C6C
:109130000E1F481644034E16AC03120C084C0708C9
:109140001700209817200412241C4F28182C0412F2
:1091500034284394184412440C4F8818D4038330A5
:109160001D882D440483501D882D54041270104F07
:10917000B41D880483901D8812B02852FC88C3084F
:109180001E88C3181E881230204F541EB40483401A
:109190001E8812500C12B4046D9D124FF756040431
:1091A0004FA956F4034F8555F4034F8754F4032217
:1091B000A9081D5D0F22CB081D4505130D53081E80
:1091C00007EC15125208151122ED18154D222538FD
:1091D00020050A00004D081E0B540421281DED0433
:1091E00022430810060D00001557084C060E00001B
:1091F000D3566C044F1D5D6C044F31576C0443D142
:109200005C7843855C7843AB5C7843ED5B7843F7EF
:109210005C78435F5C7843135C7843395C7843A1A6
:10922000577843716C7843E97078439170783DC406
:10923000041D451022BD501D980F4F415DF404568A
:1092400050080F84D007F80E2D10076DFC049EB354
:1092500014058392021883920218837904189E7968
:10926000FC049EB3FC049EB3FC0483920218839218
:1092700002189E79E404BE79E4049E7030049E7066
:10928000C0049E70C0049EC930049EC9C0049EC91B
:10929000C0049E2330049E23C0049E23C0040114F6
:1092A0006C9C04E506769C0401146C9C04E506D1D4
:1092B0009C0401146C7C04E5062B9C049EEB9C042E
:1092C0009EEB9C049EC69C049EC69C042D48048173
:1092D0000C0D148404127D541E7D84041E58E00479
:1092E00010065802040142341E427C040D824810CC
:1092F0001E98480E47746408600598000C010C83A2
:109300001C0218831C021883A2033083A20318A135
:10931000F0FD8C10EC189D119D219D319D419D51BA
:109320009D619D719D819D919DA19DB19D70100D2F
:109330001260100146A08328054803142805B86D63
:0C934000781A0005008403000000000003
:040000050800018965
:00000001FF
