:020000040800F2
:100000008094002031030008653D0008833000081B
:10001000D5380008751100084B45000800000000A5
:100020000000000000000000000000007102000855
:100030007D12000800000000CD020008DD3E00082F
:100040004B0300084B0300084B0300084B03000858
:100050004B0300084B0300084B0300084B03000848
:100060004B0300084B0300084B0300084B03000838
:10007000791100084B030008851100084B030008A4
:10008000911100089D1100084B0300084B03000864
:100090004B0300084B0300084B0300084B03000808
:1000A0004B0300084B0300084B0300084B030008F8
:1000B0004B0300084B0300084B0300084B030008E8
:1000C0004B0300084B0300084B0300084B030008D8
:1000D0004B030008D9440008F14400080945000812
:1000E0004B0300084B0300084B0300084B030008B8
:1000F0004B0300084B0300084B0300084B030008A8
:100100004B0300084B0300084B0300084B03000897
:100110004B0300084B030008B13F00084B030008E5
:100120004B030008A9110008B51100084B03000893
:100130004B0300084B0300084B0300084B03000867
:100140004B0300084B0300084B0300084B03000857
:100150004B030008C1110008CD110008214500081B
:100160004B0300084B0300084B0300084B03000837
:100170004B0300084B0300084B030008000000007D
:100180004B0300084B03000800F002F800F060F891
:100190000AA090E8000C82448344AAF10107DA45E2
:1001A00001D100F055F8AFF2090EBAE80F0013F0D4
:1001B000010F18BFFB1A43F001031847488C0000D9
:1001C000688C000010F8013B0A4413F0030408BFD8
:1001D00010F8014B1D1108BF10F8015B641E05D01B
:1001E00010F8016B641E01F8016BF9D1002D15D0D8
:1001F00010F8014B03F00C030C2BA1EB04040ABF15
:1002000010F8013BA4EB8314A4EB032405F10103D4
:1002100014F8016B5B1E01F8016BF9D5914238BFF0
:1002200010F8013BD1D3704700230024002500269D
:10023000103A28BF78C1FBD8520728BF30C148BF49
:100240000B6070471FB508F067FC1FBD10B510BDEF
:1002500000F0A6F91146FFF7F5FF05F0C1FF00F029
:10026000C4F903B4FFF7F2FF03BC00F0CBF90000C0
:100270002C4B19680868B0E8F04F80F30988BFF389
:100280006F8F4FF0000080F311887047000000006E
:1002900008480068006880F308884FF0000080F389
:1002A000148862B661B6BFF34F8FBFF36F8F00DF64
:1002B00000BF00BF08ED00E0DFF80C00016841F46A
:1002C00070010160704700BF88ED00E0EFF3098026
:1002D000BFF36F8F134B1A681EF0100F08BF20ED8D
:1002E000108A20E9F04F106009B44FF0500080F3FD
:1002F0001188BFF34F8FBFF36F8F08F003F84FF0F3
:10030000000080F3118809BC19680868B0E8F04F54
:100310001EF0100F08BFB0EC108A80F30988BFF3FD
:100320006F8F70471C000020EFF3058070470000BE
:100330000948804709480047FEE7FEE7FEE7FEE779
:10034000FEE7FEE7FEE7FEE7FEE7FEE704480549B5
:10035000054A064B70470000A13F000889010008CC
:10036000808C0020809400208090002080900020CD
:1003700053EA020C00F069802DE9F04B4FF00006C3
:10038000002B1FBFB3FA83F503FA05F424FA05F630
:100390005E4012BF1643B2FA82F502FA05F4C5F1C7
:1003A00020051EBF22FA05FC44EA0C04203556EA5B
:1003B000044C4FEA144418BF641C4FF000084FF07F
:1003C0000009904271EB030C39D3002919BFB1FA2F
:1003D00081F701FA07F6B0FA80F700FA07F6C7F1DD
:1003E00020071EBF20FA07FC46EA0C062037B6FBA2
:1003F000F4FCA7EB0507103F07F01F0BCBF120061D
:100400000CFA0BFB2CFA06F644BFB3460026202F4D
:10041000A4BF5E464FF0000B5BEA060C08BF4FF02E
:10042000010B19EB0B09ABFB027C48EB0608C01B68
:1004300006FB02CC0BFB03CC71EB0C01C1E70B46B6
:10044000024641464846BDE8F08B13B54FF0000028
:100450004FF00001AFF30080BDE81C407047032A55
:1004600040F2308010F0030C00F0158011F8013BD1
:10047000BCF1020F624498BF11F801CB00F8013BB8
:1004800038BF11F8013BA2F1040298BF00F801CB7C
:1004900038BF00F8013B11F0030300F02580083A53
:1004A000C0F0088051F8043B083A51F804CBA0E8AA
:1004B0000810F5E7121D5CBF51F8043B40F8043BFF
:1004C000AFF30080D20724BF11F8013B11F801CB34
:1004D00048BF11F8012B24BF00F8013B00F801CB05
:1004E00048BF00F8012B704710B5203AC0F00B80D0
:1004F000B1E81850203AA0E81850B1E81850A0E828
:100500001850BFF4F5AF5FEA027C24BFB1E8185081
:10051000A0E8185044BF18C918C0BDE810405FEAF1
:10052000827C24BF51F8043B40F8043B08BF70476D
:10053000D20728BF31F8023B48BF11F8012B28BF72
:1005400020F8023B48BF00F8012B70474FF0000233
:1005500000B5134694469646203922BFA0E80C50B9
:10056000A0E80C50B1F12001BFF4F7AF090728BF94
:10057000A0E80C5048BF0CC05DF804EB890028BF10
:1005800040F8042B08BF704748BF20F8022B11F039
:10059000804F18BF00F8012B7047704770477047B5
:1005A000754600F02BF8AE4605006946534620F02C
:1005B0000700854618B020B5FFF7C8FEBDE820400B
:1005C0004FF000064FF000074FF000084FF0000B0F
:1005D00021F00701AC46ACE8C009ACE8C009ACE8C2
:1005E000C009ACE8C0098D46704710B50446AFF3AA
:1005F00000802046BDE81040FFF733BE004870473A
:100600001C8C002001491820ABBEFEE7260002002A
:100610007047F0B50025541E1CE00023561B761EC3
:1006200015E000EB830E50F82370DEF804C0674538
:100630000CDD40F823C0CEF80470CF1811F803E0A9
:1006400097F801C001F803C087F801E05B1C9E42E7
:10065000E7DC6D1CA542E0DBF0BD70B5FF2605466A
:10066000002481780BE0A86800EB0410827B012A4B
:1006700003D1C27B0AB1427B4AB1641CE4B2A142FD
:10068000F1D8A878A04200D92646304670BD00F0C7
:1006900051FEF6E72DE9F041364C10210020617043
:1006A000354D0421A17095F85810E170E96D09B934
:1006B0000221E170314961608031A1604031E16027
:1006C00040312161A988E1822989218395ED030ABE
:1006D000BCEEC00A10EE101A618395ED0A0ABCEE5A
:1006E000C00A10EE101AA183E96C012921D1A98852
:1006F000F2EE040A01EB81024FF6FF7101EA4202B9
:10070000E2822A8902EB820201EA4201218395ED0D
:10071000030A20EE200ABCEEC00A10EE101A618314
:1007200095ED0A0A20EE200ABCEEC00A10EE101A5F
:10073000A1830022616801EBC001401C0A7161784D
:10074000C0B28142F6D800264FF001080DE0A06843
:1007500000EB0617384600F0EDFD05EB860087F844
:100760000E80007E761CF873F6B2A078B042EED808
:10077000BDE8F081748B002048040020648A0020CA
:10078000F0B5044600200146207514E0626802EBD3
:10079000C00213796BB91268A38B9A4209DD257DDB
:1007A000E36843F82520237D2269D054227D521C22
:1007B0002275401CC0B262788242E7D8207DFF22B9
:1007C00006E0E36843F8201023691A54401CC0B2C5
:1007D00063788342F5D82046FFF73FFF227D074626
:1007E000022A5CD3FF2F5AD0D4E90301FFF711FF8F
:1007F000002651E0E368A08B012553F826208242B1
:1008000043DB701C0FE000BF53F820C0B4F81AE0BF
:10081000ACEB020CF44509DC6D1C94F803C0EDB29E
:10082000AC4503D9401CC0B28142EDD8022D2CD377
:100830002046FFF712FF0746FF2826D0A07872193E
:10084000B7FBF0F100FB1170A1686FF0030301EB3F
:100850000010E16803EB820231F826100180E168A4
:10086000895A41800571C17B417300210BE02269E7
:100870007318D25C4318491C5A716368C9B203EB00
:10088000C202437B1371A942F1D37019401EC0B25A
:10089000FF2F04D0401CC6B2217DB142AAD8F0BDC2
:1008A0002DE9F041064600251CE0706800EBC50804
:1008B00098F80400A0B900270FE0B068F17800EBC9
:1008C00007142079884206D242462146304600F07D
:1008D000D8FC01280BD07F1CFFB2B078B842ECD80E
:1008E0006D1CEDB27078A842DFD8BDE8F081002120
:1008F00060184079FF280AD0491CC9B20829F7D3EB
:100900002079401C2071617B88F80410E8E76018AA
:100910004571F5E72DE9F04100250646A84633E08C
:10092000706800EBC5073A7962B30020B17807E040
:10093000B36803EB0014637B9A4203D0401CC0B23F
:100940008142F5D8814202D887F804801AE03A46FD
:100950002146304600F095FCA0B987F80480217943
:1009600081B1002009E022185279AA4203D1204423
:10097000FF21417103E0401CC0B28142F3D82079CD
:10098000401E20716D1CEDB27078A842C8D8BDE839
:10099000F0810000044A92F86420012A01D003F09B
:1009A00021BA03F03BBA0000480400202DE9F843C7
:1009B000044600790026FE2530B1012812D0FE2819
:1009C0000AD06670257106E0204600F023F8012861
:1009D00004D1657020716571BDE8F883657025717B
:1009E0006671F9E70A4F00964FF6FF78B96D204619
:1009F00008EA41034FF44451A26907F01BFAB96DAC
:100A000008EA4102D4E9060100F0B0F8E6E7000088
:100A1000480400202DE9F041504C054623460020B3
:100A20004F4AD4F810C0AF699B6D064602F5347189
:100A3000BCF1000F08D04FF6FF78BCF1010F2FD0AA
:100A4000BCF1020F55D163E0AA4214D1092093FBF7
:100A5000F0F100FB1130C1B22846FFF79BFF06E022
:100A600017F81610304602F01FFD761CF6B2A06D86
:100A7000B042F5DC10E0A9420ED13949002007E070
:100A80008A69AB6932F8102023F81020401C80B22C
:100A9000A26DB0EB420FF3DBB4F8580082B224E051
:100AA000AA4210D15806010E2846FFF773FF06E050
:100AB00017F81610304602F0F7FC761CF6B2A06D5F
:100AC000B042F5DC46E0A94244D12549002007E0C8
:100AD0008A69AB6932F8102023F81020401C80B2DC
:100AE000A26DB0EB420FF3DB34E0D5E9060100F074
:100AF000F1F91C49D5F898224B680D68B2FBF3F464
:100B0000AC4203D0B2FBF3F008600120BDE8F081F5
:100B1000AA420ED10026144F07E0304417F81010F7
:100B2000F0B202F0C1FC761CB6B2A06DB042F4DCAB
:100B300010E0A9420ED10A49002007E08A69AB699A
:100B400032F8102023F81020401C80B2A26DB0EBC8
:100B5000420FF3DBA16D08EA4102C6E7480400201A
:100B6000D4040020881500201484002010B5002330
:100B700006E000BF30F8134021F813405B1C9BB225
:100B80009342F7D310BD000010B5002306E000BF6C
:100B900050F8234041F823405B1C9BB29342F7D3AB
:100BA00010BD00002DE9F84F00220092D0E9095451
:100BB000A2460024C66A8369C268204613E000BFCB
:100BC00033F810706FB952F8207000EE107A05EB10
:100BD0008407B8EEC00A87ED000A2AF81400641CE6
:100BE000E4B2401CC0B28842EAD3012C04D92246A8
:100BF0005146284600F070FADFF810B1002047F6A1
:100C0000FF7CFF276346B946002145E005EB8102E2
:100C10009BED0A0AD2ED000AF4EEC00AF1EE10FADA
:100C200006DAB1EE401AF4EEC10AF1EE10FA31D84C
:100C30004A1CD2B2B1EE401A10E000BF05EB8208A8
:100C4000D8ED001AF4EEC01AF1EE10FA08DAF4EE5C
:100C5000C11AF1EE10FA03D9521CD2B2A242EDD35E
:100C6000A14217D2A24215D205EB820898ED000AE4
:100C700070EE600A00EE103AB8EEC00AF4EEC00A58
:100C8000F1EE10FA06D2BDEEE00A91460F4610EEE4
:100C9000103A1BB2491CC9B2A142B7D363452ED04A
:100CA000FF2F2CD0B9F1FF0F29D004280FD23AF82A
:100CB000192000EB4001521C26F811203AF81720A9
:100CC00006EB4101521C4A80401C8B80C0B29FED54
:100CD000100A05EB8901042881ED000A05EB870164
:100CE00081ED000A8DD30DE000EB4002401C26F898
:100CF000121006EB4202C0B25180918000E0002148
:100D00000428F1D30098BDE8F88F000048040020C3
:100D100000000000F8B504464079FE25002620B109
:100D200001280BD0FE2818D1F8BD204600F01AF893
:100D3000012812D1657025716071F8BD00960C23F1
:100D400041F201212046E26A07F074F80128F4D14B
:100D5000D4E90B010C22FFF709FF6670257165715C
:100D6000F8BD000070B504462D4B2D482D4993F871
:100D7000642005699B6D01F5347025B1012D17D0F4
:100D8000022D46D135E0A14203D1012A99B21DD0EE
:100D900018E0A0423DD123490020E36ACA6A32F834
:100DA000102023F81020401C80B20C28F5D330E02E
:100DB000A1420FD11A494FF6FF70012A896D00EA4E
:100DC000410103D02046FFF7EDFE22E0204600F06F
:100DD0002BF81EE0A0421CD112490020E36ACA6A27
:100DE00032F8102023F81020401C80B20C28F5D3D4
:100DF0000FE0A1420DD0A0420BD10A490020E36AC6
:100E0000CA6A32F8102023F81020401C80B20C2847
:100E1000F5D3D4E90B01BDE870400C2200F05AB8BC
:100E200048040020D40400202DE9F04703460020A8
:100E3000DD68DC6A0246264E4FF001094FF0020AD7
:100E400003463FE055F83270B6F81CC0674505DA36
:100E500005EBC208D8F80480E04529DB05EBC20C9D
:100E6000DCF804C067450EDBA7EB0C07B6F81AC028
:100E7000BC451DDC02EB420C09EB420824F81C8047
:100E80000AEB42080DE0ACEB0707B6F81AC0BC4508
:100E90000EDC02EB420C0AEB420824F81C8009EB42
:100EA000420804EB4C0CACF80280ACF8047007E08C
:100EB00002EB420724F8173004EB47077B80BB8026
:100EC000521CD2B2B2EB510FBCD3BDE8F087000088
:100ED000748B002070B504460020034609E000BF73
:100EE00034F9135031F91360B54200D001205B1C76
:100EF0009BB29342F4D370BD70B504460020034604
:100F000009E000BF54F8235051F82360B54200D0E7
:100F100001205B1C9BB29342F4D370BD2DE9F843D2
:100F2000044640780026FE2520B1012817D0FE286F
:100F300032D129E0204600F033F8012809D060883A
:100F4000401C80B26080FA2807D3668065702671E5
:100F500002E00120607025716571BDE8F8830F4FD4
:100F600000964FF6FF78B96D204608EA81034FF4EA
:100F70004051626906F05EFFB96D08EA4102D4E9AA
:100F80000301FFF701FE06E06088401C80B260802C
:100F9000B0F57A7FE1D366806670DCE74804002014
:100FA0002DE9F0414A4D4B4A044600232F6902F5D2
:100FB0003470022137B14FF6FF76012F29D0022F6E
:100FC00053D155E0A24204D16169E06805F0B4FF55
:100FD0001BE0A04219D13F4A002013E0D368E66825
:100FE00053F8203046F820305369666933F82030D2
:100FF00026F8203001EB800356696769401CF65AD9
:10100000FE5280B2AB6D8342E8DCB5F8580082B284
:1010100026E0A24204D16169E06805F08DFF2EE070
:10102000A04251D12B4A002015E0D368E76853F85D
:10103000203047F820305369676933F8203027F8AB
:10104000203001EB80035769D4F814C0401CFF5ACC
:101050002CF8037080B2AB6DB0EB430FE5DB33E0EF
:10106000D4E90301FFF748FF03461846BDE8F081C5
:10107000A2420AD101226169E06806F00FF902225A
:101080006169E06806F00AF91EE0A0421CD1114A2D
:10109000002015E0D368E76853F8203047F8203087
:1010A0005369676933F8203027F8203001EB80035B
:1010B0005769D4F814C0401CFF5A2CF8037080B252
:1010C000AB6DB0EB430FE5DBA86D06EA4002C7E766
:1010D00048040020D4040020F0B5002426E00026B7
:1010E0000123171B1CE000BF00EB8305D5ED000AB0
:1010F00015ED010AF4EEC00AF1EE10FA0ED245ED3C
:10110000010A85ED000A01EB430631F813C036F8F9
:10111000025C26F802CC21F8135001265B1CDBB2DE
:101120009F42E1DC002E03D0641CE4B29442D6D38B
:10113000F0BD0000F0B5002319E000250122CE1A11
:101140000FE000BF00EB820750F822C057F8044CB4
:10115000A44504DA47F804CC40F822400125521C8B
:10116000D2B29642EEDC002D03D05B1CDBB28B4288
:10117000E3D3F0BDFEE70000014800F063B90000D2
:1011800008370020014800F05DB9000068370020F2
:10119000014800F057B9000048360020014800F02F
:1011A00051B90000A8360020014800F04BB90000FA
:1011B000C8370020014800F045B9000088350020FC
:1011C000014800F03FB9000028380020014800F035
:1011D00039B90000E835002001681823CAB2103A76
:1011E000B2FBF3F2054B6FF30901032A9B5CC36565
:1011F00000D9091D8165084670470000648B00080E
:1012000010B5014600208B698A6A4FF0C07453B153
:10121000B3F5005F15D072B1012A0CD0022A0AD0B2
:10122000032A09D104E01AB1012A06D0022A03D107
:10123000C96AC90100D5012010BDC96AA142FAD00E
:1012400010BD002AF7D0012AF2D0022AF3D0032AD7
:10125000F3D010BD30B50468256825F480252560DD
:10126000046863608368402B036803D0996000685A
:10127000C26030BD9A600068C16030BD704772B610
:10128000FEE770B505460C88AE8B0020B4420AD943
:101290004B88B34207D91268B24204DDA24203DB95
:1012A0009A4201DC012070BD9A4205DD131B6C8B54
:1012B000A342F8DC4A80F5E7A242F4DA6C8B9B1A71
:1012C000A342F0DC0A80EDE79FED160A164A0829D2
:1012D00021D200281FD003281DD202EB401000EBC2
:1012E000810090EDBB0A1148016D71B10268A2F551
:1012F000DA436C3B09D1DFED0E0A60EE200A00EE06
:10130000101AB8EEC01A80EE810AC06C20B1F2EE5D
:10131000040A20EE200A7047F6EE000A30EE200A9A
:101320007047000000000000AC00002048040020CE
:1013300000007A4400210180418001714173FF2245
:101340004318491CC9B25A710829F9D3704730B5FE
:101350000546002417E0A868EA7800EB041001793C
:1013600091420CD802290AD3417B41B10188AA8B52
:10137000914204D34388934201D3994201D9FFF7A4
:10138000D9FF641CE4B2A878A042E4D830BD2DE9AE
:10139000F0410446876D00F0D1FA064694F8350016
:1013A0000025022806D08020606584F83450012092
:1013B000BDE8F0812068016821F016010160206815
:1013C000416921F080014161206C08B9A06C20B115
:1013D0002068016821F0080101602068016821F09F
:1013E000010101600CE000F0A9FA801B052807D973
:1013F00020206065032084F8350084F83450D7E756
:1014000020680068C007EED194F85C103F20884047
:10141000B860012084F8350084F834500020C7E714
:1014200090F83510022903D08021416501207047D2
:10143000052180F835100068016821F00101016084
:10144000002070472DE9F84304464FF00009CDF81D
:10145000009063484FF41651A56D0068B0FBF1F79A
:101460002E6894F85C10082000FA01F131420FD088
:1014700021680A6852070BD50A6822F004020A6044
:1014800094F85C108840A860606D40F001006065D1
:1014900094F85C104FF0010808FA01F0304208D0CF
:1014A00021684969090604D5A860606D40F0020012
:1014B000606594F85C1004208840304208D02168B0
:1014C0000968890704D5A860606D40F00400606574
:1014D00094F85C1010208840304218D021680968C8
:1014E000090714D5A86020680168490304D500687D
:1014F000000308D5A16C07E00168C90503D40168A1
:1015000021F008010160216C09B12046884794F858
:101510005C1020208840304231D021680968C9061B
:101520002DD5A86094F8350005282068016806D0FC
:10153000490347D5006800031DD4616C1CE021F00D
:10154000160101602068416921F080014161206C31
:1015500008B9A06C20B12068016821F00801016081
:1015600094F85C103F208840A86084F8358084F8A7
:101570003490216D1FE0E16B09B120468847606D12
:1015800000282BD0606DC00714D0052084F83500EA
:101590002068016821F0010101600098401C009062
:1015A000B84203D820680068C007F6D184F83580B7
:1015B00084F83490E16C002910D001B02046BDE8D9
:1015C000F04308470168C905D5D4016821F010012E
:1015D000016084F8358084F83490CCE7BDE8F88366
:1015E000180000202DE9F041044600F0A7F9064656
:1015F0005CB1022084F83500002584F8345020685E
:10160000016821F0010101600DE00120BDE8F081D9
:1016100000F094F9801B052805D92020606503207F
:1016200084F83500F2E720680068C007F0D122682E
:10163000116820480140D4E901031843D4E9033676
:101640003343184363691843A3691843E369184394
:10165000236A18430843616A042903D1D4E90B13B0
:1016600019430843106020684069666A20F007014A
:1016700030460E43012704280CD1A06A0643E06AD5
:1016800040B12046FFF7BCFD20B14020606584F8E2
:101690003570BAE7206846612046FFF79DFD94F853
:1016A0005C203F2191408160656584F835700020A1
:1016B000ACE700003F8010F02DE9F0410446866D54
:1016C00090F83400002501280DD0012084F8340062
:1016D00094F835700020012F07D084F834000225DB
:1016E0002846BDE8F0810220FBE7022784F8357028
:1016F00060652046FFF7AEFD94F85C103F208840FF
:10170000B0602068016841F016010160206C20B1D2
:101710002068016841F0080101602068016841F01B
:1017200001010160DCE700002DE9F84FDFF8BCA102
:101730000022012503264FF00F090AF1040BAAF13C
:10174000040E00BF0B6805FA02F42340A34270D1D7
:101750000F7907F00307012F01D0022F16D18768F8
:101760004FEA420806FA08FC27EA0C07D1F80CC039
:101770000CFA08FC4CEA070CC0F808C04768A743FD
:101780000C79C4F3001494403C4344600C79E44366
:10179000A4070AD0C4684FEA420C06FA0CF7BC430F
:1017A0008F6807FA0CF72743C7600C7904F003042D
:1017B000022C12D1D40800EB840CDCF8204057072F
:1017C000FF0E09FA07F824EA0804D1F8108008FA95
:1017D00007F848EA0408CCF8208004684FEA420C75
:1017E00006FA0CF7BC430F7907F0030707FA0CF76A
:1017F000274307604C6814F4403F70D03C4C276886
:1018000047F480472760246822F0030704F48044EB
:101810000094384C07EB040CDCF8084897074FEAB3
:10182000177809FA08F7BC43334FB84202D10027B2
:1018300024E054E0314FB84201D101271EE0304F7F
:10184000B84201D1022719E02E4FB84201D1032737
:1018500014E02D4FB84201D104270FE02B4FB842BE
:1018600001D105270AE02A4FB84201D1062705E039
:10187000284FB84201D1072700E0082707FA08F7E8
:101880002743CCF80878DAF800405746D1F804C06E
:101890009C435FEACC2C00D51C433C60DBF8004045
:1018A0005F46D1F804C09C435FEA8C2C00D51C43F2
:1018B0003C60DEF800407746D1F804C09C435FEA04
:1018C0008C3C00D51C433C60084F083F3C68D1F875
:1018D00004C09C435FEACC3C00D51C433C60521CD6
:1018E000102AFFF42FAFBDE8F88F0000083C01403C
:1018F0004438024000300140000002400004024031
:1019000000080240000C0240001002400014024097
:1019100000180240001C02400069084000D001206D
:101920007047426921EA02030A4043EA02418161A9
:1019300070470AB1816170470904FBE7014880687C
:10194000704700000C00002070B5040025D094F80A
:101950003D00002520B984F83C50204600F04CFAA8
:10196000242084F83D002068016821F00101016015
:101970002068016841F4004101602068016821F499
:101980000041016000F004FC4D4A6168914201D8B9
:101990004C4900E04C49884201D2012070BD4B49BE
:1019A0002368B0FBF1F15E6826F03F060E435E60EF
:1019B0006368934206D94FF4967359434FF47A7390
:1019C000B1FBF3F12368491C1E6A26F03F06314340
:1019D00019626168914210D84900401EB0FBF1F2D3
:1019E000521CC2F30B02042A01D2042022E0B0FBF5
:1019F000F1F0401CC0F30B001CE0A268F2B301EB55
:101A0000C10303EB0116431EB3FBF6F35B1C43F467
:101A100080431B0549D092B301EBC10202EB0111D7
:101A2000401EB0FBF1F0401CC0F30B0040F48040BE
:101A300040F400402168CA694CF6FF739A43104392
:101A4000C861D4E9071001432068026822F0C0028F
:101A500011430160D4E9030101432068826848F220
:101A6000FF339A4311438160D4E90501084321689B
:101A7000CA6822F0FF021043C86001E00EE016E0E1
:101A80002068016841F0010101602564202084F88C
:101A90003D00256384F83E50002070BD01EB4106F7
:101AA000431EB3FBF6F35B1CB3E70120C2E701EB77
:101AB0004101401EB0FBF1F0401CC0F30B00B7E742
:101AC000A086010080841E0000093D0040420F00F6
:101AD0002DE9FF4F83B09A46DDE9119793460446FE
:101AE000DDF84080FFF72AFF054694F83D002028E6
:101AF00070D11923012271492046009501F0D2FBD3
:101B00000028F5D194F83C00012863D0012084F826
:101B10003C0020680168C90703D1016841F0010158
:101B200001602068016821F400610160222084F8CE
:101B30003D00402084F83E0000262664C4F824803E
:101B4000A4F82A90608D20855D48E062CDE900759B
:101B500053465A462046049901F0ACFA00287CD13D
:101B6000208DD0B1012821D00228206824D04169DD
:101B700080690090208D032869D801282BD0514915
:101B800002283B464FF00002009559D08846204677
:101B900001F088FB002860D13CE020684169816940
:101BA0000091016841F40071016077E020680168EC
:101BB00021F480610160F0E7016821F48061016037
:101BC0002068016841F40061016020684169806912
:101BD000009063E06FE02A463946204601F0E1FBC1
:101BE00098BB20680069616A08704EE0206801684F
:101BF00041F40071016020680069616A0870606AE0
:101C0000401C6062218D491E2185618D491E6185C0
:101C1000216838E02068016821F480610160206853
:101C20000069616A0870606A401C6062208D401E15
:101C30002085608D401E60853B4600224146009510
:101C4000204601F02FFB00B9D0E706E0FFE72A4667
:101C50003946204601F0A5FB18B1012007B0BDE8C8
:101C6000F08F20680069616A0870606A401C6062D9
:101C7000218D491E2185618D491E618521684A6932
:101C8000D24352070AD409690170606A401C60623D
:101C9000208D401E2085608D401E6085208D00288F
:101CA0007FF468AF202084F83D0084F83E6084F81B
:101CB0003C600020D2E70220D0E7000002001000C4
:101CC0000000FFFF040001002DE9FF4F83B09A469A
:101CD000DDE9119793460446DDF84080FFF72EFEBC
:101CE000054694F83D0020287FD119230122404960
:101CF0002046009501F0D6FA002876D194F83C00F1
:101D0000012872D0012084F83C0020680168C907CE
:101D100003D1016841F0010101602068016821F4EC
:101D200000610160212084F83D00402084F83E00DD
:101D300000262664C4F82480A4F82A90608D2085AB
:101D40002C48E062CDE9007553465A462046049976
:101D500001F02EFA70B930E02A463946204601F0EB
:101D600053FB58B1206C042804D12068016841F469
:101D700000710160012007B0BDE8F08F606A216842
:101D800000780861606A401C6062218D491E89B23A
:101D90002185628D521E628522685369DB435B0791
:101DA0000BD469B100781061606A401C6062208DBC
:101DB000401E2085608D401E6085208D0028CBD17F
:101DC0002A463946204601F047FA0028CAD154F87D
:101DD0003D0B016841F400710160202004F81E09E8
:101DE000E67766770020C6E7FFE70220C3E700003A
:101DF000020010000000FFFF10B586B00446142159
:101E00006846FEF7A3FB14492068884221D1134895
:101E10000021026842F002020260006800F0020045
:101E200005904FF4407000901220CDE9010103208D
:101E300003900420049069460948FFF775FC0748A1
:101E40001030016841F400110160006800F40010D6
:101E5000059006B010BD000000540040303802402C
:101E60000004024002488168027811448160704792
:101E70000C0000200B4810B5016841F400710160AE
:101E8000016841F480610160016841F48071016082
:101E9000032000F09FF80F2000F006F800F050F843
:101EA000002010BD003C024030B505461F4887B0F9
:101EB0000024016841F010010160006806A900F0EB
:101EC0001000009001A800F043F90498A8B100F0B8
:101ED0005FF940001649174AB0FBF1F11648491E58
:101EE000026040F2E732C0E90324C0E901148461D2
:101EF00000F0A0FB040003D015E000F049F9E9E789
:101F00000D4800F0D9FB04000DD1362000F034F864
:101F1000102D07D200222946362000F03BF8074852
:101F2000056000E0012407B0204630BD4038024083
:101F300040420F00001000408838002010000020B0
:101F40000C4882B0016841F480410160006800F4EF
:101F5000804000900748001F016841F080510160F7
:101F60000068002200F0805000900F21901E02B007
:101F700000F010B844380240002809DB00F01F02CE
:101F8000012191404009800000F1E020C0F80011DB
:101F900070470000F0B40E4B1B680C46C3F30223DD
:101FA000C3F10705042D00D90425191D072901D205
:101FB000002300E0DB1E012606FA05F1491E214040
:101FC00099409E40761E16403143F0BC02F042BB61
:101FD0000CED00E0064900F0070208684FF6FF0329
:101FE000184040EA0220034A10430860704700008E
:101FF0000CED00E00000FA05BFF34F8F05480168C3
:10200000054A01F4E06111430160BFF34F8F00BF47
:10201000FDE700000CED00E00400FA052DE9F047B3
:102020000E46050065D0DFF81481D8F80000F7B23D
:1020300000F00700B04207D288F80070D8F800001E
:1020400000F00700B04254D128683D4C810712D5FA
:10205000400703D5206840F4E0502060287800074E
:1020600003D5206840F4604020602068A96820F013
:10207000F000084320602878C0072DD030496868F8
:102080000839012812D0022813D0032811D009687A
:10209000890700292DDA216821F00301014321601D
:1020A000FFF74CFC814641F2883A0EE0096889034B
:1020B000EFE709688901ECE7FFF740FCA0EB0901B5
:1020C000514502D90320BDE8F0872068696800F017
:1020D0000C00B0EB810FEFD1D8F80010404601F0B2
:1020E0000701B14207D90770006800F00700B0424D
:1020F00001D00120E7E72878400705D52068E96886
:1021000020F4E050084320602878000706D52068B6
:10211000296920F4604040EAC100206000F058F8CE
:102120002168084AC1F30311515CC84006490860A0
:1021300006480068FFF7B8FE0020C4E7003C0240F4
:10214000083802406C8B00081800002010000020A6
:102150000F2202600C4A136803F003034360136804
:1021600003F0F0038360136803F4E053C360126864
:102170004FF4E05303EAD20202610448006800F021
:10218000070008607047000008380240003C024029
:102190000448054900680968044AC1F38221515C7A
:1021A000C840704718000020083802407C8B0008A7
:1021B0000448054900680968044AC1F34231515C8A
:1021C000C840704718000020083802407C8B000887
:1021D000154810B5006810F00C02144813D01449CB
:1021E000042A0FD0082A0ED10F4C241F226823681E
:1021F00002F03F025B0207D52068C0F38810A0FB05
:10220000010106E0084610BD2168C1F38811A1FB59
:1022100000010023FEF7ACF82168C1F30141491C1D
:102220004900B0FBF1F010BD083802400024F40072
:1022300040787D012DE9F84F04006ED02078DFF85A
:102240004C93C007A9F104054AD009F104000168C4
:10225000C1F38101012908D00068C0F38100022880
:102260000AD1D9F80000400206D52868800337D586
:1022700060680028E1D033E06068B0F5803F10D09E
:10228000B0F5A02F286810D020F48030286028688E
:1022900020F4802028606068A8B1FFF74FFB064655
:1022A0000DE0286840F48030F4E740F48020286096
:1022B000F7E700BFFFF742FB801B642873D828684C
:1022C0008003F7D50CE0FFF739FB064605E000BFB9
:1022D000FFF734FB801B6428F0D828688003F7D40C
:1022E0002078DFF8AC8280074FF0000A3ED5A7487F
:1022F000001D016811F00C0F08D00068C0F38100C8
:1023000002280BD1D9F80000400207D428688007C2
:1023100016D5E068012800D112E033E1E068B8B1D9
:102320000120C8F80000FFF709FB064605E000BFE2
:10233000FFF704FB801B0228C0D828688007F7D568
:102340002868216920F0F80040EAC10028600DE00B
:10235000C8F800A0FFF7F2FA064604E0FFF7EEFA2D
:10236000801B02281FD828688007F7D42078000730
:1023700022D5864F87486169703771B101210160AC
:10238000FFF7DCFA064604E0FFF7D8FA801B0228C4
:1023900009D838688007F7D50EE0C0F800A0FFF72D
:1023A000CDFA064605E082E0FFF7C8FA801B022856
:1023B0007DD838688007F7D42078400768D5DFF8E3
:1023C000CCB100270BF13C0BDBF80000C0000BD4B4
:1023D000DBF8001041F08051CBF80010DBF8000072
:1023E000012700F0805000906B4E3068C00510D47B
:1023F000306840F480703060FFF7A0FA009005E08C
:10240000FFF79CFA0099401A022850D83068C0059E
:10241000F6D55E4EA0686C3601280FD005283068CE
:1024200010D020F001003060306820F004003060EF
:10243000A068B8B1FFF782FA00900FE0306840F072
:102440000100F4E740F004003060F7E7FFF776FAA8
:102450000099411A41F28830814266D8306880077D
:10246000F4D50EE0FFF76AFA009007E0FFF766FA8E
:102470000099411A41F28830814256D8306880076D
:10248000F4D42FB1DBF8001021F08051CBF800100C
:10249000A069C8B33D49091D0968C1F3810102293A
:1024A0004AD00228504607D0C8F8600000E03CE05F
:1024B000FFF744FA04463BE04746C8F86000FFF7E0
:1024C0003DFA064605E000BFFFF738FA801B0228F8
:1024D0002BD828688001F7D4D4E907010843A16A02
:1024E0002E4A490802EB0141626A41EA821108431F
:1024F00094F82C1040EA0161C9F8001001203866F8
:10250000FFF71CFA044606E03EE000BFFFF716FAAC
:10251000001B022809D828688001F7D534E000BFE5
:10252000FFF70CFA001B022802D90320BDE8F88F40
:1025300028688001F4D427E00128F7D0D9F80000FA
:10254000E26900F4800191421CD1226A00F03F014F
:10255000914217D147F6C071626A0140B1EB821F08
:1025600010D1A26A4FF0FF3300F4403103EB520266
:10257000B1EB024F06D194F82C1000F07060B0EB74
:10258000016F01D00120D1E70020CFE704380240DD
:1025900000004742800E4742007000400000FFFFED
:1025A0007047704770B590F83C20012A32D0012462
:1025B00080F83C40022280F83D2003685A689D68FC
:1025C00022F070060A6832435A60134B02689A423E
:1025D00014D0B2F1804F11D0104B9A420ED0104B54
:1025E0009A420BD00F4B9A4208D00F4B9A4205D01B
:1025F0000E4B9A4202D00E4B9A4204D1496825F004
:1026000080031943916080F83D40002180F83C1020
:10261000084670BD022070BD00000140000400406B
:1026200000080040000C0040000401400040014050
:102630000018004010B5040003D094F83D0010B11C
:1026400007E0012010BD002084F83C00204600F087
:102650001FF8022084F83D00211D206801F0B4FC21
:10266000012084F8460084F83E0084F83F0084F896
:10267000400084F8410084F8420084F8430084F864
:10268000440084F8450084F83D00002010BD00009F
:1026900008B500680649884208D10648016841F03B
:1026A00020010160006800F02000009008BD0000DB
:1026B000001400404038024090F83D10012901D03C
:1026C00001207047022180F83D100168CA6842F07D
:1026D0000102CA6000681149884214D0B0F1804FED
:1026E00011D00F4988420ED00E4988420BD00E49B6
:1026F000884208D00D49884205D00D49884202D051
:102700000C49884204D1816801F00701062903D0F1
:10271000016841F0010101600020704700000140A4
:102720000004004000080040000C0040000401408C
:102730000040014000180040704770B50446006832
:1027400001694FF00005C943890715D4C168C94321
:10275000890711D4E91E0161012020772068806972
:102760008007204602D0FFF7E7FF04E000F098F86A
:10277000204600F096F8257720680169C94349078B
:1027800017D4C168C943490713D46FF0040101612C
:10279000022020772068806910F4407F204602D014
:1027A000FFF7CAFF04E000F07BF8204600F079F85C
:1027B000257720680169C943090716D4C168C94350
:1027C000090712D46FF00801016104202077206806
:1027D000C0698007204602D0FFF7AEFF04E000F09A
:1027E0005FF8204600F05DF8257720680169C9434D
:1027F000C90617D4C168C943C90613D46FF01001C4
:102800000161082020772068C06910F4407F2046CD
:1028100002D0FFF791FF04E000F042F8204600F0FC
:1028200040F8257720680169C943C90708D1C16804
:10283000C943C90704D1891E0161204600F032F85E
:1028400020680169C943090609D4C168C94309065A
:1028500005D46FF0800101612046FFF7A1FE2068DA
:102860000169C943490609D4C168C943490605D469
:102870006FF040010161204600F01EF820680169F8
:10288000C94389060BD4C168C943890607D46FF0D0
:10289000200101612046BDE87040FFF782BE70BD97
:1028A0007047704700680349884201D1FFF7DABAE0
:1028B00070470000001000407047704710B5044694
:1028C0000068406994F83D10C0F3C010212911D16F
:1028D00080B12068143050E8001F21F0800140E8EA
:1028E0000012002AF5D1606B08B1FEF750FD2046BA
:1028F00001F096FC2068406994F83E10C0F3801007
:10290000222911D180B12068143050E8001F21F035
:10291000400140E80012002AF5D1A06B08B1FEF793
:1029200036FD204601F055FC002010BD7047000028
:10293000F8B5016804460868CA684B6910F00F0FC3
:102940004FF000055AD003F0010602F490773743A8
:1029500065D0C10705D0D10503D5216C41F0010137
:102960002164410705D5D90703D0216C41F002014C
:102970002164810705D5D90703D0216C41F00401FA
:102980002164010707D502F02001314303D0216CF7
:1029900041F008012164216C00293BD0800604D558
:1029A000900602D5204601F049FC20684069216C60
:1029B000C0F3801001F00801014320462BD001F044
:1029C00008FC20684069400621D52068143050E892
:1029D000001F21F0400140E80012002AF5D1A06B51
:1029E000A8B16C490165A06BFEF71AFD002811D053
:1029F000A06B016D01B0BDE8F040084783060ED51D
:102A000093060CD52046BDE8F84001F017BC2046DF
:102A1000FFF78CFFF8BDFFF789FF2564F8BD266B33
:102A20002023012E79D1C60677D5D60675D508683C
:102A3000486800904869400640D5A16B0868406826
:102A40000004000CEAD0A28D8242E7D9E085C86973
:102A5000B0F5807F2DD020680C3050E8001F21F4A5
:102A6000807140E80012002AF5D12068143050E847
:102A7000001F21F0010140E80012002AF5D1206872
:102A8000143050E8001F21F0400140E80012002AF5
:102A9000F5D184F83E30256320680C3050E8001FE3
:102AA00021F0100140E80012002AF5D1A06BFEF7DA
:102AB0006EFCA08DE18D401A81B229E0A08DE18DE0
:102AC000401A81B2E08D0028A8D00029A6D0206845
:102AD0000C3050E8002F22F4907240E80026002EBF
:102AE000F5D12068143050E8002F22F0010240E8B0
:102AF0000026002EF5D184F83E30256320680C3086
:102B000050E8002F22F0100240E80023002BF5D1FE
:102B10002046FFF7D2FEF8BDFFE705062BD51506C8
:102B200029D594F83D002128F5D1A068B0F5805F43
:102B300001D12069B0B1206A411C2162216800786E
:102B40004860E08C401E0004000CE084E3D1206863
:102B5000C16821F08001C1602068C16841F0400176
:102B6000C160D8E7206A0088C0F308004860206A86
:102B7000801C2062E5E74006CDD55006CBD5CA685B
:102B8000204622F04002CA6084F83D3000F056FA38
:102B9000C1E700009140000870B5040004D094F82B
:102BA0003D00002510B106E0012070BD84F83C50C6
:102BB000204600F023F8242084F83D002068C168F6
:102BC00021F40051C160204601F098FB20680169A2
:102BD00021F4904101612068416921F02A0141619D
:102BE0002068C16841F40051C1602564202084F848
:102BF0003D0084F83E00002070BD00002DE9F04F3C
:102C000087B0044614216846FDF7A0FCC048BF4BBE
:102C10001438D4F800C0DFF8F8E202210322871547
:102C2000002506154FF0070B4FF040094FF0006AE2
:102C30009C4554D1DEF800C04CF0100CCEF800C01A
:102C4000DEF8003003F010030593036843F002033D
:102C50000360006800F002000590C0208DE82300AA
:102C6000CDE9032B6946AB48FEF75EFDDFF8AC8289
:102C7000A9494046C8F80010C0E901A5C0E90356BB
:102C8000C8F81450C0E90657C8F82050C8F82450B6
:102C9000FEF7A8FC08B1FEF7F2FAA04FC4F838809E
:102CA0006037C8F83840C7F80890C7E903567D6117
:102CB000BD619948FD613D6278307D62C7E9000AD7
:102CC0003846FEF78FFC08B1FEF7D9FA6763002299
:102CD00005212520BC63FFF75DF9252059E08C4BC9
:102CE000DFF83C821B1FC44558D1D3F800C04CF418
:102CF000003CC3F800C01B6803F40033059303686D
:102D000043F008030360006800F0080005906020AD
:102D10008DE82300CDE9032B69468248FEF704FDC8
:102D2000DFF8F881804908F1C0084046C8F8001073
:102D3000C0E901A5C0E90356C8F81450C0E9065718
:102D4000C8F82050C8F82450FEF74CFC08B1FEF734
:102D500096FA764FC4F83880C8F83840C7F808901B
:102D6000C7E903567D61BD616F48FD613D62183062
:102D70007D62C7E9000A3846FEF734FC08B1FEF769
:102D80007EFA6763002205212620BC63FFF702F963
:102D90002620FFF7F1F807B0BDE8F08FDFF890814B
:102DA000C44557D1D3F800C04CF4802CC3F800C000
:102DB0001B6803F480230593036843F00403036056
:102DC000006800F0040005904FF440608DE8230097
:102DD000CDE9032B69465748FEF7A6FCDFF84C8186
:102DE000514908F1600860394046C8F80010C0E950
:102DF00001A5C0E90356C8F81450C0E90657C8F841
:102E00002050C8F82450FEF7EDFB08B1FEF737FA62
:102E1000464FC4F83880C037C8F83840C7F8089023
:102E2000C7E903567D61BD613F48FD613D623038B1
:102E30007D62C7E9000A3846FEF7D4FB08B1FEF709
:102E40001EFA6763002205212720BC63FFF7A2F862
:102E500027209EE7384B9C459DD1DEF800C04CF002
:102E6000200CCEF800C0DEF8003003F020030593FC
:102E7000036843F004030360006800F00400059059
:102E8000C0208DE823000820CDE9032069462948A9
:102E9000FEF74AFC2049DFF8A480183940464FF07D
:102EA000206AC8F80010C0E901A5C0E90356C8F8B7
:102EB0001450C0E90657C8F82050C8F82450FEF74F
:102EC00091FB08B1FEF7DBF91C4FC4F8388060377E
:102ED000C8F83840C7F80890C7E903567D61BD615E
:102EE0000D48FD613D6260307D62C7E9000A3846E9
:102EF000FEF778FB08B1FEF7C2F9676300220521EF
:102F00004720BC63FFF746F8472042E70010014026
:102F100044380240000402404064024088350020EA
:102F200000440040000C024088600240A8360020A7
:102F3000004800400008024000140140C83700204B
:102F400090F83E30202B0ED159B152B190F83C3060
:102F5000012B08D0012380F83C300023036301F0EB
:102F600053BA012070470220704790F83E30202B62
:102F70000ED159B152B190F83C30012B08D0012349
:102F800080F83C300023036301F088BA01207047C9
:102F9000022070470449884204D101223439024892
:102FA000FFF7E3BF7047000078340020704700004F
:102FB00070B5044690F83D00202836D191B38AB30D
:102FC00094F83C00012830D0012084F83C002162B4
:102FD000A284E28400252564212084F83D00636BEF
:102FE0001348D863636B13481864636B1248D86442
:102FF000606B134605652668606B321DFEF75CFB4F
:1030000021686FF04000086084F83C50206814305C
:1030100050E8001F41F0800140E80012002AF5D17D
:10302000002070BDFFE70120FBE70220F9E7000068
:1030300087410008C9410008A1400008416B0968A8
:103040000A6822F001020A600A4900680968884299
:1030500005D10948017821F0020101707047054946
:10306000883109688842F9D100224FF48061034811
:10307000FEF75FBC783400204030002000000240A2
:103080007047FEE701684A69D24352050FD46FF4D6
:1030900080624A61002140F8301F20224273817310
:1030A000026942F0040202610173012070470020AE
:1030B000704700002DE9F84F0446006889460B9DD3
:1030C00001689846174641F48061016020680168F4
:1030D00041F48071016000954FF0011B00225946B8
:1030E00020460A9B00F0DEF84FF4007A40B12068D9
:1030F0000068C00501D5C4F840A00320BDE8F88FE2
:10310000216809F0FE0008612B46284920460A9AEA
:1031100000F0FCF8F0BB20684169806900902A4605
:1031200020460A9900F070F940B1206C04283AD189
:103130002068016841F40071016034E0FEB2B8F12A
:10314000010F09D02168380A08612A4620460A99E9
:1031500000F05AF90028E8D1206806612A46204686
:103160000A9900F051F90028DFD12068016841F484
:103170008071016000950022594620460A9B00F0AC
:1031800091F80028B3D1216809F0FF0040F0010058
:10319000086100E007E02B46044920460A9A00F047
:1031A000B5F80028AAD00120A8E70000020001001D
:1031B0002DE9F843044600680D46DDE908970168EB
:1031C0009846164641F4807101604B4600224FF04C
:1031D00001112046009700F065F848B120680068AA
:1031E000C00502D54FF4007020640320BDE8F883C9
:1031F000216805F0FE0008613B464A461549204615
:1032000000F084F888B920684169806900903A46E6
:103210004946204600F0F8F848B1206C042804D153
:103220002068016841F4007101600120DEE7F5B219
:10323000B8F1010F09D02168300A08613A464946C1
:10324000204600F0E1F80028E7D120680561002061
:10325000CCE700000200010070B516460D4604469A
:103260000DE02046FFF70EFF08B1012070BD681C7D
:1032700005D0FEF763FB801BA84207D835B1206854
:103280004069C0434007ECD4002070BD002044F8E2
:10329000300F20216173A073216941F02001216169
:1032A0002073E2E72DE9F0471E4690460D4604469E
:1032B000C1F30747DDF8209008E0701C06D0FEF748
:1032C0003DFBA0EB0900B0420FD876B12068012F7A
:1032D00018D0806925EA00000004000C14D00021F9
:1032E0004145EAD00020BDE8F087002044F8300FC7
:1032F00020216173A073216941F0200121612073B5
:103300000120F0E74069E5E70121E9E72DE9F04711
:103310009A4691460E46044600254FF02008C1F318
:10332000074725E020684069C043400514D4206861
:10333000016841F40071016021686FF480604861A8
:10334000256384F83D8084F83E50206C40F00400F2
:10335000206484F83C501FE0B9F1FF3F08D0FEF72D
:10336000EDFAA0EB0A0149450CD8B9F1000F09D0DC
:103370002068012F13D0806926EA00000004000CA9
:103380000BD0CFE744F8305F84F80D80A573206937
:1033900040F02000206125730120BDE8F0874069DE
:1033A000EAE72DE9F041002590460E460446202725
:1033B00017E04069C043C0060CD454F8301B6FF0CE
:1033C0001000486144F810596777A577206A206299
:1033D000257717E0FEF7B2FAA0EB0800B04208D854
:1033E0003EB120684169C9434906E2D40020BDE8E6
:1033F000F08144F8305F6773A573206940F02000C6
:10340000206125730120F2E770B516460D4604468B
:103410000DE02046FFF736FE08B1012070BD681CA4
:1034200005D0FEF78BFA801BA84207D835B120687B
:103430004069C0430006ECD4002070BD002044F871
:10344000300F20216173A073216941F020012161B7
:103450002073E2E770B564240546012911D001F01C
:1034600035FD6320401EFDD1284601F03DFD611E63
:10347000491EFDD1284601F029FD641E641EFDD1C0
:1034800070BD01F031FD6320401EFDD1284601F0E2
:103490001DFD611E491EFDD1284601F025FD641E5B
:1034A000641EFDD170BD000070B5034600200246C9
:1034B000012906D002290AD0032906D0042907D100
:1034C00001E0012204E0082202E0042200E00222DE
:1034D000082B15D2C3F1070101EBD1760B4DC6F3D2
:1034E0004703042BEC5C0BD226F00100081A10F005
:1034F000FF0F06D004F00F0141EA0210E85401204A
:1035000070BD04F0F0001043F8E700009D000020BB
:10351000294808B5016841F400110160016801F40F
:1035200000110091016841F48001016000680022EF
:1035300000F48000009005210C20FEF72BFD0C20EC
:10354000FEF71AFD002205210E20FEF723FD0E20B6
:10355000FEF712FD002205211020FEF71BFD1020B2
:10356000FEF70AFD002205211120FEF713FD1120B0
:10357000FEF702FD002205213920FEF70BFD392060
:10358000FEF7FAFC002205213A20FEF703FD3A205F
:10359000FEF7F2FC002205214520FEF7FBFC45204A
:1035A000FEF7EAFC002205214620FEF7F3FCBDE809
:1035B00008404620FEF7E0BC3038024010B58EB01F
:1035C0001C220B496846FCF78FFF0021684602F079
:1035D00071FE084C06491C2220601C3107A8FCF72C
:1035E00083FF002107A802F065FE60600EB010BDE9
:1035F0002C8B0008000000202DE9F04F87B014212B
:103600006846FCF7A3FF54480025016841F010010B
:103610000160016801F010010591016841F00401A9
:103620000160016801F004010591016841F0800129
:103630000160016801F080010591016841F001011C
:103640000160016801F001010591016841F0080184
:103650000160016801F008010591016841F0020173
:1036600001600068DFF8F48000F002004FF67C048F
:103670000590002221464046FEF75BF9DFF8E09016
:10368000002242F20D014846FEF753F9DFF8D4B0AC
:103690004FF40046002231465846FEF74AF9DFF85B
:1036A000C8A07711002239465046FEF742F90122A0
:1036B00020212E48FEF73DF9009401240194029444
:1036C000694640460394FEF72FF842F20800CDE920
:1036D000000469464846CDE90245FEF725F8052075
:1036E000CDE900040294694648460394FEF71CF8AD
:1036F0001820CDE90005694650460295FEF714F8FA
:10370000F81CCDE90005694602944046FEF70CF826
:10371000CDE9006469465846CDE90245FEF704F854
:10372000CDE9007469465046CDE90245FDF7FCFF3E
:103730009F20CDE90005694602945846FDF7F4FF45
:1037400020208DE83100694608480394FDF7ECFF1E
:1037500007B0BDE8F08F0000303802400010024092
:1037600000080240000C0240000002400004024039
:103770000D4810B50B4901600C49416000214FF420
:1037800080428160C0E9031241618161C1610162CF
:10379000FEF7DAF8002803D0BDE81040FDF76FBD52
:1037A00010BD000000540040A42F0020801A060025
:1037B0001CB500240E4800940C490194016053216B
:1037C000C0E901144FF6FF718461C160FEF732FF5A
:1037D00008B1FDF754FD0094694605480194FEF7D1
:1037E000E1FE002801D0FDF74AFD1CBD0014004099
:1037F000F82F00200C4810B50A4901604FF4E13160
:103800004160002181600C22C160C0E90412816125
:10381000C161FFF7C1F9002803D0BDE81040FDF7F2
:103820002EBD10BD00100140783400200C4810B5AA
:103830000A4901604FF4E1314160002181600C22AE
:10384000C160C0E904128161C161FFF7A5F90028D8
:1038500003D0BDE81040FDF712BD10BD004400408C
:10386000BC3400200C4810B50A4901604FF4E13126
:103870004160002181600C22C160C0E904128161B5
:10388000C161FFF789F9002803D0BDE81040FDF7BA
:10389000F6BC10BD00480040003500200C4810B5B3
:1038A0000A4901604FF4E1314160002181600C223E
:1038B000C160C0E904128161C161FFF76DF90028A0
:1038C00003D0BDE81040FDF7DABC10BD0014014084
:1038D00044350020FEE700000A48D0F80813491CD0
:1038E000C0F8081308490969012907D0022903D043
:1038F0000B2903D00C2903D100F039B900F02AB804
:1039000070470000AC00002048040020D0F80813E5
:10391000C822B1FBF2F302FB1311002916D1B0F853
:103920004E1341F02001A0F84E13094909690129FD
:1039300002D00B2905D101E0022100E00C2180F822
:103940005F130021A0F8521380F84C137047000059
:103950004804002010B5044600F09CF8204600F012
:10396000D6F801280BD1B4F8041304F20120085C46
:10397000A52804D12046BDE8104000F04FB810BD86
:1039800070B504460020B4F84E138A0643D521F0E2
:103990002000A4F84E0320480069012801D00B281C
:1039A00001D184F8040194F85F0384F8050106202E
:1039B00084F806017E2184F8071184F8080104F2D6
:1039C00009100C2102F016FF94F8600384F821011D
:1039D000002084F8600304F59170102103F07CF856
:1039E00004F5B170102102F0EDFE7F2104F5827024
:1039F00084F85E13054600F029FF94F85E13030A6D
:103A00004A1C84F85E234B5594F85E134A1C84F8D4
:103A10005E234855012070BD4804002030B502796E
:103A200000214479022A01D00C2A0CD1184B012C18
:103A30001B6906D00B2C06D10B2B04D10C2A03D00A
:103A400003E0012BFAD030BD02228379862BFAD114
:103A5000C379222BF7D100EB421400BF00EB8102A7
:103A600004EB8103157A83F8EC52557A83F8ED5212
:103A7000957A83F8EE52491CD27A89B283F8EF2204
:103A80000829EBD300EB8101097A80F8611330BD7E
:103A90004804002070B50446FFF738FF94F84C0343
:103AA000012128B1002501280DD002282AD11CE0CF
:103AB000B4F85203401C80B2A4F852030F2801D37B
:103AC00084F84C1370BD2046FFF75AFF0128F9D146
:103AD000206894F85E2304F58271436B98470220B6
:103AE00084F84C03A4F8545370BDB4F85403421C3A
:103AF000A4F854233C2801D384F84C1394F806030B
:103B00000128F1D184F84C53A4F8525370BD2DE92B
:103B1000F0410446002690F806033546012823D1DB
:103B2000002084F80603B4F80413C81EFD281BD235
:103B300004F2022004F20322085C8A5C891E02EB74
:103B4000002087B204F5017000F080FEB84206D074
:103B50000AE060196D1C90F804120171ADB2B4F85E
:103B60000403A842F5D801263046BDE8F08110B51F
:103B7000044600F043F82046FFF7C9FF012804D1AE
:103B80002046BDE8104000F001B810BD10B5044655
:103B900000796179012801D00B282BD1022901D1AC
:103BA000012805D0144A12698A4223D10B2821D159
:103BB000A07906281ED1E0797E281BD1207A06281C
:103BC00018D104F109000C2104F0E8FB94F821005D
:103BD00084F8610304F12200102104F0FDFB04F1DC
:103BE0006200102104F0BCFBB4F8580340F0200040
:103BF000A4F8580310BD00004804002070B5044626
:103C000090F8560318B10025012818D10BE0B4F83C
:103C10005C03401C80B2A4F85C030A2802D3012094
:103C200084F8560370BD204600F00CF80128F9D145
:103C3000206894F85E2304F58271436B984784F8FA
:103C4000565370BD70B504460020B4F858130546AD
:103C50008A065FD521F02000A4F858033148006996
:103C600084F80401022856D00C2856D060798621A9
:103C700084F80611222184F8071104EB4016E8B2FB
:103C800001F080FB06EB85006D1CADB280EDBB0A38
:103C9000082DF4D35FF0000006EB800104EB8002F6
:103CA00091F8EC3282F8083191F8ED3282F809315E
:103CB00091F8EE3282F80A31401C91F8EF1280B28E
:103CC00082F80B110828E7D304EB800194F86023F5
:103CD00081F80821002284F8602394F8622381F897
:103CE0000921062101EB8000C1B204F5827084F83D
:103CF0005E13054600F0AAFD94F85E13030A4A1C01
:103D000084F85E234B5594F85E134A1C84F85E23B6
:103D10004855012070BD012000E00B2084F805010A
:103D20000220A4E7480400200D480C4900F5417228
:103D300001604A61911C02689161026800F582711C
:103D4000D161026800F5017111620021A0F804132D
:103D500080F806130068816A084700000C0B0020F9
:103D6000AC000020FEE710B54478002309699442B6
:103D70000BD3427006E0426851F8234042F83340CA
:103D80005B1CDBB242789A42F5D810BD0C4910B5E5
:103D90000B888C880989234419440A4B89B240F264
:103DA000E5741960024661430020C1F30B018A42A9
:103DB00004D142F2CD00C3E90120012010BD000072
:103DC000547D002010040020054A052303EB001059
:103DD0009268104402680A604068486070470000BA
:103DE000748B002030B50C4C0A460546014620462F
:103DF000FFF7B9FF2046FDF7AAFA2046FCF78AFD37
:103E00002046FCF74DFD2046FCF7BAFC294620462B
:103E1000BDE8304000F08ABB748B00202DE9FE4FD6
:103E2000274F0546D0F818B0D0F8109078780024C5
:103E30004E08B6EB500F00D946084FF0020A3AE0A0
:103E400059F83400BA8B904229DB09EBC401496868
:103E5000914224DB884201DB401A00E0081A798B8A
:103E600080B281421BD3174800EB8400007E5FEADA
:103E7000000816D03BF8240098B90BEB840040886A
:103E800078B9012000EB44008DF800000AEB4400F3
:103E90008DF801000221684603F0D0FC01E04FF0EC
:103EA0000008A96921F824800AEB8401AA69641C2E
:103EB000E4B222F80180B442C2D3BDE8FE8F000014
:103EC000748B002048040020012002F0E7F9FBE792
:103ED000012002F0E3F900F099FCF9E710B5502059
:103EE00080F31188BFF34F8FBFF36F8F04F074FB23
:103EF00018B104494FF080500860002080F3118809
:103F000010BD000004ED00E030B593B030216846EC
:103F1000FCF71CFB14210CA8FCF718FB1E4800251D
:103F2000016841F080510160006800F080501190FC
:103F30001A48016841F4804101600068022400F4DD
:103F40008040119001200090000401908001CDE993
:103F50000640192008904FF4A870CDE90904042008
:103F60000B906846FEF766F908B172B6FEE70CA939
:103F70000F2081E831004FF4A0500F904FF4805093
:103F8000109005210CA8FEF749F8002801D072B660
:103F9000FEE713B030BD0000403802400070004022
:103FA0000248016841F470010160704788ED00E04B
:103FB00003480168491C01600248FEF7BEBB0000CF
:103FC0000800002088380020F0B50268254C264DF6
:103FD000264E274F274B4FF0804CA04209D060451A
:103FE00007D0A84205D0B04203D0B84201D09842D1
:103FF00004D122F0700E4A6842EA0E02A0421BD0A1
:10400000604519D0A84217D0B04215D0B84213D09D
:10401000984211D0184DA8420ED0184DA8420BD08E
:10402000174DA84208D0174DA84205D0164DA842FA
:1040300002D0164DA84203D122F44075CA682A4323
:104040004D6922F080022A4302608A68C2620A68CF
:104050008262A04201D0984201D109690163012125
:104060004161F0BD00000140000400400008004034
:10407000000C0040000401400040014000440140A9
:104080000048014000180040001C00400020004093
:1040900010B5806B0021C185C184FEF747FC10BDBF
:1040A00070B5846B2068406994F83D10C0F3C0106F
:1040B0000025212904D118B1E584204600F0B0F88C
:1040C0002068406994F83E10C0F38010222904D182
:1040D00018B1E585204600F07CF8206C40F0100017
:1040E00020642046FEF722FC70BD10B50146806BAF
:1040F00009680968C9052FD40021C18501680C3100
:1041000051E8002F22F4807241E80023002BF5D102
:104110000168143151E8002F22F0010241E8002328
:10412000002BF5D10168143151E8002F22F0400234
:1041300041E80023002BF5D1202180F83E10016BCF
:10414000012909D101680C3151E8002F22F0100239
:1041500041E80023002BF5D1016B012902D0FEF7C5
:1041600019FF10BD818DFEF7A8FB10BD10B5806B47
:10417000016B012902D0FEF719FF10BD818D49089E
:10418000FEF79BFB10BD10B50146806B09680968FE
:10419000C90516D40021C1840168143151E8002FEB
:1041A00022F0800241E80023002BF5D101680C3198
:1041B00051E8002F42F0400241E80023002BF5D1E6
:1041C00010BDFEF73BFF10BD10B5806BFEF758FF2A
:1041D00010BD01680C3151E8002F22F4907241E8C3
:1041E0000023002BF5D10168143151E8002F22F093
:1041F000010241E80023002BF5D1016B012909D10F
:1042000001680C3151E8002F22F0100241E8002330
:10421000002BF5D1202180F83E100021016370476A
:1042200001680C3151E8002F22F0C00241E8002360
:10423000002BF5D1202180F83D10704708B590F88B
:104240003E10222901D0022008BD82684FF480531D
:104250009A4201D1016921B1816A9A421BD04AB1C7
:104260000AE00268816A5268C2F308020A80816A21
:10427000891C08E0026972B10268526802F07F028C
:104280000A70816A491C8162C18D491E0904090CAA
:10429000C18503D019E002685268F1E70168CA6875
:1042A00022F02002CA600168CA6822F48072CA60E3
:1042B00001684A6922F001024A61202180F83E101B
:1042C000016B012903D0FEF765FE002008BD002127
:1042D000016301680C3151E8002F22F0100241E81F
:1042E0000023002BF5D101680A68D20602D50A68BE
:1042F00049680091818DFEF7E0FAE6E770B5044663
:1043000000680169E26821F44051114301612169AB
:10431000A068E26908436169114308432168CA68DB
:1043200049F20C639A430243CA6020684169A2695A
:1043300021F440711143416131492068884202D023
:104340003049884202D1FDF733FF01E0FDF720FF3D
:10435000E2690023192164253226B2F5004F626814
:1043600028D0A0FB0101930F9200FCF701F8014651
:10437000B0FBF5F06FF01802504301EB800006EB44
:104380000010B0FBF5F000F0F002B1FBF5F002EB2D
:104390000012B1FBF5F06FF01803584301EB8000F9
:1043A00006EB0010B0FBF5F000F00F0021681044A0
:1043B000886070BDA0FB010192185B41FBF7D8FF3C
:1043C0000146B0FBF5F00201B1FBF5F06FF0180308
:1043D000584301EB800006EBC000B0FBF5F000F0A5
:1043E000F80002EB4002B1FBF5F0584301EB80000E
:1043F00006EBC000B0FBF5F000F00700D6E70000C8
:10440000001001400014014038B58162828500250A
:10441000134604460564222084F83E00A26B1C4823
:10442000D063A26B1B481064A26B1B48D064A06BC6
:104430000A4605652168A06B091DFDF73DF9206856
:1044400001684068009084F83C50206948B12068B9
:104450000C3050E8001F41F4807140E80012002A3F
:10446000F5D12068143050E8001F41F0010140E808
:104470000012002AF5D12068143050E8001F41F0E6
:10448000400140E80012002AF5D1002038BD0000AC
:10449000EB4000086D410008A14000088162828560
:1044A000C28500210164222280F83E2080F83C1061
:1044B000016921B10168CA6842F48072CA6001686A
:1044C0004A6942F001024A610068C16841F0200176
:1044D000C16000207047000010B5044800F036F8B5
:1044E000BDE810400148FEF723BA000078340020F0
:1044F00010B5044800F052F8BDE810400148FEF73E
:1045000017BA0000BC34002010B5044800F06EF863
:10451000BDE810400148FEF70BBA0000003500204E
:104520000148FEF705BA00004435002000228969E1
:1045300007E0436803EBC2031B7921F81230521CD9
:10454000D2B243789342F4D87047FEE738B5114CA5
:104550000168206881421CD10968C943C90618D482
:104560000168406800902046FEF7A8F9A06B00683B
:10457000416809480122C1F5807180F85822A0F8ED
:10458000561200F155012046BDE838401202FEF7F0
:10459000D7BC38BD78340020D404002038B5114C85
:1045A0000168206881421CD10968C943C90618D432
:1045B0000168406800902046FEF780F9A06B006813
:1045C000416809480122C1F5807180F82825A0F8CA
:1045D000261500F225312046BDE838401202FEF7CC
:1045E000AFBC38BDBC340020D404002038B5174C13
:1045F00001682068814227D10A68D243D20618D4C4
:104600000168406800902046FEF758F9A06B0068EA
:1046100041680F480122C1F5807180F80623A0F897
:10462000041300F501712046BDE838401202FEF780
:1046300087BC0A68D243520603D50968C9430906F4
:1046400002D401684068009038BD000000350020A9
:10465000AC0000200907090E002804DB00F1E0206F
:1046600080F80014704700F00F0000F1E02080F89F
:10467000141D7047144910B502468C6D0120134B70
:104680000969022C0DD0062C15D0082C08D1022067
:10469000002905D00420012902D1934200D1022033
:1046A00010BD00200029FBD003200129F8D193423E
:1046B000F6D1002010BD0029FCD003200129F9D13A
:1046C0009342F7D1012010BD48040020D4040020FB
:1046D0002DE9FE4F00278B468118B846B946B1F543
:1046E000804F3CD815460646DFF87CA022E000BF8C
:1046F00006EB080086B206F03F00C0F14004AC4271
:1047000000D32C460A2000F0AFFBDAF80C20DAF8D0
:1047100014100092CDE90141BAF80410102332467A
:10472000DAF80000FDF7D4F9070007D040F2411194
:10473000AAF81810A5B1002FDAD011E00BEB090090
:1047400022460A49FBF78BFE09EB0400A0461FFA3C
:1047500080F9A5EB080005042D0CC9D100E0012764
:104760003846BDE8FE8F0000CC0B0020E489002015
:104770002DE9FE4F00271446064620448B46B946D5
:10478000B846B0F5804F39D80E2000F0ADFBDFF809
:1047900074A026E006EB090086B206F03F00C0F1E7
:1047A0004005A54200D325460BEB08012A461648D2
:1047B000FBF755FE0A2000F057FBDAF80820DAF87C
:1047C00014100092CDE90151BAF8041010233246BA
:1047D000DAF80000FDF778FA070006D07B21AAF886
:1047E000181064B1002FD5D009E008EB0500A946E8
:1047F0001FFA80F8A4EB090084B2F2E701273846DB
:10480000BDE8FE8FCC0B0020248A0020084810B59C
:104810000168491C016001F0EFFB00F015FCFFF797
:104820005BF803F089F8BDE8104001F069BC0000B6
:10483000A800002010B5002400212046FEF734FE19
:10484000641CE4B2082CF7D310BD000070B50C4D09
:10485000FF22134605F5807606E000BF10F8014BF5
:104860005C402B5D5340325D491EF7D24FF6FF701E
:1048700000EA022000F47F40184480B270BD0000BE
:10488000848B000870B500242DED028B25469FED2A
:104890001E8A2646D8B1082816D8401EC0B200F09D
:1048A000C9FA00BF00EB85016D1CEDB24E630A2D05
:1048B000F8D3002100EB8102491C82ED218AC9B2A4
:1048C00082ED2C8A0B29F5D3BDEC028B70BD2046FE
:1048D00000F0B0FA0146002001EB8002401CC0B29B
:1048E00056630A28F8D3002001EB8002401C82EDB9
:1048F000218AC0B282ED2C8A0B28F5D3641CE4B265
:10490000082CE4D3E0E700000000000030B50021EF
:10491000134C0A460B4680B108280DD8401EC0B281
:1049200000EB800004EB001101EB4200521C83827B
:10493000D2B203850A2AF7D330BD01EB81020020F1
:1049400004EB021202EB4005401CAB82C0B22B8587
:104950000A28F7D3491CC9B20929EED330BD00009B
:104960001487002010B50020074B0446052103F1F1
:10497000200200BF23F8104022F81010401CC0B2E3
:104980001028F7D310BD00001484002010B5B0F833
:104990005A2200240A49A2F50453023B0ED1B0F872
:1049A0005E220124A2F525435A3B07D10122A0F83B
:1049B0006022A1F86022104602F0A6FF204610BD3A
:1049C000D404002010B5B0F85A2200210E2A05D1D7
:1049D0000121A0F8B41203F0ABF90121084610BD83
:1049E00070B50446B0F8B202002501280CD1B4F825
:1049F000C802012550B101280FD0022814D000268A
:104A000003281AD0A4F8C862284670BD204602F0D8
:104A1000E1FB0028F8D001200CE0204602F0CCFA9F
:104A20000028F1D0022005E0204602F095FB002886
:104A3000EAD00320A4F8C802E6E7204602F014FBFF
:104A40000028E1D0A4F8C862A4F8B2620025DBE730
:104A5000F0B5002690F8B9C2A1B001230446314652
:104A6000354601AABCF1800F17D00CDCC7484FF0C7
:104A70000707BCF1090F74D2DFE80CF092A2B9D09D
:104A8000737373F0EE00ACF1810CBCF1060FF2D23F
:104A9000DFE80CF0152535455568B4F8B40208B1C7
:104AA000812065E1D4F898026421B0FBF1F201FBAA
:104AB0001200002802D1204602F0A4FC62E1D4E9F1
:104AC000A601814202D90A1A282A04D28142F5D2CB
:104AD000401A2828F2D3204602F07CFB3EE0D4E9BD
:104AE000A601814202D90A1A282A04D28142E5D2BB
:104AF000401A2828E2D3204602F02EFB2EE0D4E90B
:104B0000A601814202D90A1A282A04D28142D5D2AA
:104B1000401A2828D2D3204602F0E3FA1EE0D4E956
:104B2000A601814202D90A1A282A04D28142C5D29A
:104B3000401A2828C2D3204602F03EFA0EE0D4E9FB
:104B4000A601814202D90A1A282A04D28142B5D28A
:104B5000401A2828B2D3204602F086FA00282ED127
:104B600010E108E1D4E9A601814202D90B1A282BF1
:104B700004D2814213D2401A282810D310230020D7
:104B8000411C09B222F8101008469942F8DB43F69E
:104B900001112046009503F0B3F984F8B952F1E011
:104BA000D4E9A601814202D90A1A282A04D28142F4
:104BB00051D2401A28284ED3204602F0F9FBD2E009
:104BC000D4E9A603834202D91F1A282F04D28342B4
:104BD00041D2C01A28283ED322F81150491C09B2EC
:104BE0002029F9DB8BB24FF440510095B8E0D4E9AD
:104BF000A603834202D91F1A282F04D283422AD245
:104C0000C01A282827D322F81150491C09B21029AC
:104C1000F9DB8BB24FF444510095A1E0D4E9A6032F
:104C2000834204D9A3EB000CBCF1280F04D28342C9
:104C300011D2C01A28280ED322F81150491C09B2EB
:104C40000C29F9DB8BB241F201212046009503F0DB
:104C500057F984F8B97295E014E0FFE7D4E9A61299
:104C60008A4202D9571A282F04D28A427ED2891A40
:104C700028297BD30088ADF8040001AA4FF48051A5
:104C800000956DE0D4E9A6128A4202D9531A282B66
:104C900004D28A4276D2891A282973D38188ADF842
:104CA00004100189ADF8061090ED030A03221923C0
:104CB000BDEEC00A10EE101AADF8081030F8101F43
:104CC000ADF80A108188ADF80C100189ADF80E100E
:104CD0008189ADF81010018AADF81210818AADF803
:104CE000141090ED060ABDEEC00A10EE101AADF8D1
:104CF0001610018FADF81810818EADF81A10018EC4
:104D0000ADF81C10818BADF81E10018CADF8201091
:104D1000818CADF82210ADF824206FF4BF61ADF89E
:104D20002610818FADF82810B0F84010ADF82A1089
:104D3000B0F84410ADF82C10B0F84810ADF82E10B3
:104D4000B0F84C10ADF83010B0F85010ADF832108B
:104D500090F85400ADF8340001AA41F20A01009520
:104D6000204603F0CDF894F8B90200E00AE0401CB8
:104D700084F8B90206E0B4F8B602012802D1A4F81A
:104D8000A432012621B03046F0BD000048040020C6
:104D900070B50446B0F8A402002501281CD10F48C4
:104DA00001250222816D0069062902D0082903D05D
:104DB00009E010B9032004E010B1A4F8BC2202E01D
:104DC0000120A4F8BC02B4F9BC12204602F092FA09
:104DD00010B10020A4F8A402284670BD48040020A9
:104DE00070B5054690F84C000024122808D0012424
:104DF0002846FFF72DFE012802D1122085F84C002D
:104E0000204670BD70B50546094800240068A0F52D
:104E10000051CD3909D101242846FCF77FF82846F6
:104E2000FBF7C4FD2846FBF775FF204670BD000068
:104E3000180400200549082806D200EB8001C1EBC8
:104E40008010024901EB800108467047E875002098
:104E5000014890F861037047AC00002001480068E9
:104E6000704700000800002000B501464FF47A7238
:104E700003E01046491E00F003F80029F9D100BDF7
:104E800000EB8000C00000E0401E0028FCD170470D
:104E9000064910B5064A31F8101052F82000FCF708
:104EA0003BFD002800D0012010BD0000D28D00087D
:104EB000E00A00200349044A31F8101052F820009B
:104EC000FCF72FBDB48D0008A40A00200449054A50
:104ED00031F8101052F820000122FCF72ABD000022
:104EE000B48D0008A40A00200449054A31F81010C6
:104EF00052F820000022FCF71CBD0000B48D000811
:104F0000A40A002070477047704770477047000040
:104F100070B5007814460D46012803D0022803D04E
:104F200020B10DE0074809E0074807E0012291029F
:104F30000648FCF7FEFC224629460548FEF738F8ED
:104F4000002070BD78340020BC34002000000240F6
:104F5000003500202DE9F04188B0DFF8BC8000204A
:104F600001466D4645F82010401CC0B20828F9D310
:104F7000002601E0192E34D20024601DC0B2FFF7D4
:104F8000B3FF641CE4B2082CF7D30A20FFF778FFC4
:104F90000024601DC0B2FFF799FF641CE4B2082C26
:104FA000F7D30A20FFF76CFF5FF00004671C55F889
:104FB0002400400045F82400F8B2FFF769FF55F8D7
:104FC0002410084445F82400FCB2082CEED3002439
:104FD000601DC0B2FFF788FF641CE4B2082CF7D351
:104FE00002E01420FFF74CFF761CF6B21B2EC1D353
:104FF0005FF0000303EB8300C0EB831255F823102E
:1050000008EB820001F088FD5B1CDBB2082BF1D3BA
:1050100008B0BDE8F0810000E875002070B50024FC
:10502000084DFFF797FF00BF04EB8400C0EB84102E
:1050300005EB800000F048F9641CE4B2082CF3D3BF
:1050400070BD0000E875002010B54FF4FA6000F064
:105050007DF8012818D100F01DF8012814D10B4C5F
:105060006079002810D12079401CC0B22071092835
:105070000AD300F01DFA02F05BFE054901206071C1
:10508000A1F8B602A1F8860510BD0000840000203A
:10509000D40400202DE9F0472B4D00240327A978E4
:1050A0000120A0462646052904D2DFE801F00305C9
:1050B0000F1A4200A87043E0601DC0B2FFF706FF60
:1050C000641CE4B2082CF7D30220F3E7601DC0B2E1
:1050D000FFF70AFF641CE4B2082CF7D3AF70AE816F
:1050E0002EE0A98940F28A22491C89B2A981914205
:1050F00002D3AE81EE70DDE7DFF84C9009F10E09C6
:1051000019F80400012805D1601CC0B2FFF7C0FEE9
:1051100001280CD0641CE4B2082CF1D3E878411CBF
:10512000E9700A280CD90420A870EE7008E0AF706E
:10513000FBE7FFF773FFAF70AE81EE704FF0010831
:105140004046BDE8F0870000840000202DE9F05FB4
:10515000594F01462DED028B0026F88835468842CE
:1051600078D8401CF88038785449002401F1100B9D
:105170004FF0010808286DD2DFE800F0040F2398F3
:10518000981B3270701DC0B2FFF7AEFE761CF6B2EF
:10519000082EF7D387F8008089E0701DC0B2FFF7B2
:1051A00095FE761CF6B2082EF7D3052038703C81A8
:1051B0007DE03889401C80B238810A2877D90220E6
:1051C00072E08846701DC0B2FFF78EFE28F81640C8
:1051D000761CF6B2082EF5D3062038707C8166E086
:1051E0007A89B946521C7A818A46771CF8B2FFF751
:1051F0004FFE20B93AF81610491C2AF81610FEB2D4
:10520000082EF2D3B9F80A0040F28A214A468842B1
:105210004DD35078002156465B46474636F811C0BC
:105220008046BCF1320F01EB410C9C4402D30CF8D8
:10523000007001E00CF80040491CC9B20829EDD308
:1052400008F10100C0B25070032804D3072089F888
:1052500000002CE02AE089F8004028E0C246A04681
:10526000154C9FED178BD9460E34002106EB4603F3
:10527000084603EB0902135C401C1944C0B2C9B2D2
:105280000328F8D3084603F0C3FA53EC182B03F0B5
:105290000DFC02D804F806A001E004F80680761C94
:1052A000F6B2082EE1D30820387000E00125BDECED
:1052B000028B2846BDE8F09F84000020C0750020C6
:1052C000CCCCCCCCCCCC004030B504460020A1786E
:1052D00087B0012940D16D4604EB8001496845F84B
:1052E0002010401CC0B20728F6D307212846FBF740
:1052F00021FF002020620220216A55F82020401C56
:105300001144C0B221620528F6D30846032190FB60
:10531000F1F16162D4F8E020002000BF04EB8003CB
:105320005B6BDAB1994203DA401CC0B20A28F5D3AC
:1053300000EE901A04EB8000F8EEE00A90ED210AEE
:1053400020EE800AD0ED2C0A30EE800AD4ED390A26
:10535000C4ED3A0A84ED390A07B030BD9942E7DD61
:10536000E2E7000001460020054A082906D201EBC9
:105370008100C0EB811002EB8000406A70470000A2
:10538000E875002010B504462DED028BDFED188A7C
:105390001848B0EE688A806803F023FA9FED161B68
:1053A00053EC112B03F084FA03F0DEF900EE100A3F
:1053B0001348082C0BD204EB8401C1EB841100EBE1
:1053C0008100D0ED390A90ED371A30EEC18AB4EE83
:1053D000C08AF1EE10FA01DBB0EE408A0948005DA8
:1053E00008B9B0EE688AB0EE480ABDEC028B10BD79
:1053F00000000000480400209A9999999999F13F7A
:10540000E875002092000020F0B5244C00231A46D5
:1054100003EB8300C0EB8310002104F8203004EB81
:1054200080008270C2700262C0F8242000EB810507
:10543000491CC9B26A600A29F8D3194D002100BF7E
:1054400000EB810755F82160FE654618491CC9B27A
:1054500086F828200A29F3D300219FED120ADFEDF8
:10546000120A00BF00EB8105491C85ED210AC9B273
:10547000C5ED2C0A0B29F5D301219FED0C0A5B1C0D
:1054800080ED370AC0F8E02080ED390A80ED3A0A55
:10549000DBB24170082BBBD3F0BD0000E8750020E3
:1054A000848D0008124DA03AE1DA85C300000000A7
:1054B00010B511495FF0000000EB8002C2EB8012D2
:1054C00001EB8202401C92ED390AC0B282ED370A2C
:1054D0000828F1D3FFF746FAFFF7ACF90020074A96
:1054E000014600BF02EB4003401CC0B2A3F86610A7
:1054F0000428F7D310BD0000E87500204804002000
:1055000070B50446B0F85A02002542F201118842F3
:1055100014D1B4F85E020125A0F5E061E5390DD1A2
:105520000120A4F86402A4F8660294F86C0204F561
:105530001974FFF7EBF9207AFFF7A4F9284670BD3C
:10554000B0F85A220021B2F5045F12D10022A0F86F
:105550006622B0F86C32B0F95E220121934208D085
:105560000123A0F86832082A03DCB0F85E22A0F814
:105570006C22084670472DE9F04104460026B0F839
:1055800066023546012836D1B4F85A02B0F5145FE8
:1055900031D342F20A5188422DD2B4F95E1201266B
:1055A000A1F59052FE3A26D10121A4F8621294F896
:1055B000B812C7B241F0010184F8B812B4F86C0215
:1055C000E0B1082817D8401EC0B2FFF7CBFEC117C4
:1055D00000EBD150451294F86C023946401EC0B21F
:1055E00002F0EEFC94F86C022BB2401EC0B2012215
:1055F000394600F099FE3046BDE8F0812846FFF7B5
:10560000B1FEC11700EBD15044123946284602F0D2
:10561000D7FC23B201223946284600F085FE6D1CD6
:10562000EDB2082DEAD3012223B239460820E0E783
:105630002DE9F0410446B0F85A024FF00008A0F5F9
:10564000085046460A2835D294F8B812C7B241F03D
:10565000010184F8B812A4F86E0204EB8701B4F9D2
:105660005E02C1F87002B4F95E52B4F86C024FF0F9
:10567000010860B1401EC0B22A46394602F04AF91C
:1056800094F86C022A46401EC0B2394610E02A4601
:105690003946304602F03EF92A463946304600F097
:1056A00057FE761CF6B2082EF1D32A46394630460C
:1056B00000F04EFE4046BDE8F081B0F85A320021BD
:1056C00041F20312934207D1B0F85E3201219342B6
:1056D00002D10122A0F8AC2208467047B0F85A3235
:1056E000002141F20212934207D1B0F85E3201214B
:1056F000934202D10122A0F8AA2208467047B0F8CE
:105700005A32002141F20112934207D1B0F85E32C1
:105710000121934202D10122A0F8A4220846704739
:1057200010B5B0F85A220021A2F50453033B11D161
:10573000B0F85E320121A3F5E0640A46E53C04D0EE
:10574000A3F58064B23C03D004E0A0F8A02201E0FD
:10575000A0F8A622084610BDB0F85A220021A2F5F2
:105760000453043B09D1B0F85E220121A2F5407335
:10577000F23B02D10122A0F8AE2208467047000099
:1057800010B5B0F85A2200240A49A2F50453023B8E
:105790000ED1B0F85E220124A2F525435A3B07D171
:1057A0000122A0F86022A1F86022104602F0ACF8B5
:1057B000204610BDD404002070B5B0F85A12002461
:1057C000A1F580550A46222D6FD801244949234668
:1057D000232D79D2DFE805F0127878787878787818
:1057E0007878161A1E272B787878782F383E42461C
:1057F0004A7878784E575B5F6B6F7300B0F95E2222
:105800000A606EE0B0F95E224A606AE0B0F95E229A
:105810008A6066E0B0F95E2200EE102AB8EEC00A97
:1058200081ED030A5DE0B0F95E220A6159E0B0F94A
:105830005E224A6155E0B0F95E2200EE102AB8EE11
:10584000C00A81ED0A0A4CE0B0F95E228A64A0F831
:10585000B03246E0B0F95E224A6442E0B0F95E221E
:105860000A643EE0B0F95E22CA623AE0B0F95E2214
:105870000A6336E0B0F95E22CA641F49A0F8B2326A
:10588000A1F882352DE0B0F95E220A6529E0B0F971
:105890005E224A6525E0B0F95E22022A03D0062A7C
:1058A00001D0082A1DD18A651BE020E00CE0B0F988
:1058B0005E22CA6515E0B0F95E220A6611E090F832
:1058C0005E2281F864200CE0A2F580530F3B032B8D
:1058D00007D801EB8201A1F5A041B0F95E32C1F811
:1058E000DC3F90F8B81241F0020180F8B81220466F
:1058F00070BD000048040020D404002010B5044608
:105900000020B4F85A12A1F5A852103A0AD1B4F9FD
:105910005E02FEF73BFA94F8B80240F0020084F809
:10592000B802012010BD10B5B0F85A120024A1F53C
:10593000CC42663A07D1B0F95E02A0F525415A394A
:1059400001D1FCF759FB204610BD10B5B0F85A2222
:1059500000210E2A05D10121A0F8B41202F0E8F9C5
:105960000121084610BD0000B0F85A220021A12AEA
:1059700004D1034A90F85E02012110700846704776
:105980007C14002070B50446B0F8B202002501284E
:105990000CD1B4F8C802012550B101280FD002285B
:1059A00014D0002603281AD0A4F8C862284670BD77
:1059B000204601F00FFC0028F8D001200CE0204622
:1059C00001F0FAFA0028F1D0022005E0204601F0AB
:1059D000C3FB0028EAD00320A4F8C802E6E720466B
:1059E00001F042FB0028E1D0A4F8C862A4F8B2623A
:1059F0000025DBE770B50546B0F8B00200240128A9
:105A000007D10124284601F0D3FC10B10020A5F8ED
:105A1000B002204670BD0000F0B50446FB490020EE
:105A200094F8B9E2A1B005260123D1F858C0054683
:105A3000024601AFBEF1080F7ED008DCBEF1080FB0
:105A40001FD2DFE80EF0566688A1B9F8F6F5BEF170
:105A50002A0F72D00CDCBEF1090F6FD0BEF10A0F15
:105A60006DD0BEF10B0F6BD0BEF1290F09D1B6E09E
:105A7000BEF1800F0AD0BEF1810F19D0BEF1820FA6
:105A800030D0B4F8B60201287DD0C6E1B4F8B40233
:105A900008B18120B5E0D4F898026421B0FBF1F29E
:105AA00001FB12000028F0D1204601F0ABFCB4E16C
:105AB000D74ED4F89802B6F90410B0FBF1F201FB0E
:105AC00012000028E1D1B6F90210204601F012FCC4
:105AD0000128DAD1B6F90200411C71801928D4DB03
:105AE00082208EE0B4F8B6020128CED184F8B92223
:105AF00093E1D4E9A601814202D90A1A282A04D2E4
:105B00008142C2D2401A2828BFD3204601F050FC5F
:105B10001DE0D4E9A6138B4202D95E1A282E04D2C6
:105B20008B42B2D2C91A2829AFD327F81020401CC3
:105B300000B22028F9DB04E0C1E065E02EE142E19B
:105B400052E1009283B23A464FF44051B3E094F8E8
:105B5000B902401C55E0D4E9A6138B4202D95E1A63
:105B6000282E04D28B4290D2C91A28298DD327F827
:105B70001020401C00B21028F9DB009283B23A4694
:105B80004FF4445197E045E1D4E9A6138B4202D982
:105B90005E1A282E04D28B4289D2C91A282986D3AC
:105BA00027F81020401C00B20C28F9DB009283B2C9
:105BB0003A4641F201217EE0D4E9A601814202D9B0
:105BC0000A1A282A04D281421DD2401A28281AD340
:105BD000204601F0FFFA002815D0292011E0D4E971
:105BE000A601814202D90A1A282A04D281420AD285
:105BF000401A282807D3204601F0DEF9002802D0F9
:105C00002A2084F8B90208E1D4E9A601814202D928
:105C10000A1A282A04D2814209D2401A282806D317
:105C2000204601F05EFA002801D084F8B962F4E061
:105C30002EE01BE0FFE7D4E9A6138B4202D95E1ADF
:105C4000282E0AD28B4202D2C91A282905D2E4E0B2
:105C5000411C09B227F810100846B0EB4C0FF7DBD7
:105C6000009283B23A4643F6011124E0D4E9A6013A
:105C7000814202D90A1A282A04D281427DD2401ACE
:105C800028287AD3B4F9BC12204601F033FB5EE732
:105C9000D4E9A606864202D9371A282F04D28642B2
:105CA0006BD2801B282868D308880092ADF80400C6
:105CB00001AA4FF48051204602F022F947E7D4E9C7
:105CC000A603834202D91E1A282E04D2834254D23C
:105CD000C01A282851D38888ADF804000889ADF887
:105CE000060091ED030A0323BDEEC00A10EE100A70
:105CF000ADF8080031F8100FADF80A008888ADF84B
:105D00000C000889ADF80E008889ADF81000088AEB
:105D1000ADF81200888AADF8140091ED060ABDEEC8
:105D2000C00A10EE100AADF81600088FADF8180082
:105D3000888EADF81A00088EADF81C00888BADF87F
:105D40001E00088CADF82000888CADF82200ADF85C
:105D500024306FF4BF60ADF82600888FADF82800BE
:105D6000B1F84000ADF82A00B1F84400ADF82C00BD
:105D7000ADF82EC0B1F84C0000E046E0ADF83000C0
:105D8000B1F85000ADF8320091F854000092ADF82F
:105D9000340019233A4641F20A018CE7D4E9A601FE
:105DA000814202D90E1A282E04D2814235D2401ADD
:105DB000282832D3B4F86C020092ADF804003A46B9
:105DC0004FF4045177E7D4E9A601814202D90A1AB7
:105DD000282A04D2814220D2401A28281DD33F21EC
:105DE000204601F0F7FBB2E6D4E9A601814202D9D0
:105DF0000A1A282A04D281420FD2401A28280CD32A
:105E0000204601F0A9F90028EDD106E04804002061
:105E100080150020A4F8A432012521B02846F0BD49
:105E200070B50546B0F8CA02002401280BD1074E10
:105E30000124307838B9284601F09EFB18B10020C3
:105E40003070A5F8CA02204670BD00008015002001
:105E500070B50446B0F8A6020025012809D1012535
:105E6000B4F9C012204601F045FA10B10020A4F8A0
:105E7000A602284670BD70B50446B0F8AC020025F5
:105E8000012809D10125B4F9C412204601F032FAE3
:105E900010B10020A4F8AC02284670BD70B50446CD
:105EA000B0F8AA020025012809D10125B4F9C612CB
:105EB000204601F01FFA10B10020A4F8AA022846DB
:105EC00070BD70B50446B0F8A8020025012809D1BC
:105ED0000125B4F9C612204601F00CFA10B10020D9
:105EE000A4F8A802284670BD70B50446B0F8A40214
:105EF0000025012809D10125B4F9BC12204601F082
:105F0000F9F910B10020A4F8A402284670BD70B5BC
:105F10000446B0F8A0020025012809D10125B4F9F2
:105F2000BE12204601F0E6F910B10020A4F8A0024C
:105F3000284670BD70B50446B0F8A20200250128BD
:105F400009D10125B4F9BA12204601F0D3F910B1F4
:105F50000020A4F8A202284670BD70B50446B0F82F
:105F6000AE020025012809D10125B4F9C21220464C
:105F700001F0C0F910B10020A4F8AE02284670BDAF
:105F800070B5054690F84C000024122808D0012472
:105F90002846FFF741FD012802D1122085F84C0068
:105FA000204670BD70B505460A4800240068A0F57B
:105FB0000051CD390CD101242846FAF7AFFF28460D
:105FC000FAF7F4FC2846FAF7A5FE284601F020FA75
:105FD000204670BD1804002001460020A1F10902EE
:105FE000022A06D201EB4100024901EB400010F801
:105FF000310C7047487D00202DE9F04100F042F857
:106000001E4C0027012620781D4D00284FF00A0065
:1060100003D0FFF7E1FF60B10CE0FFF7DDFF0128DF
:1060200008D12670A5F86062A5F8306501F06CFC17
:1060300000E02770607800284FF0090006D0FFF7D5
:10604000CBFF002800D16770BDE8F081FFF7C4FFE7
:106050000128F9D16670A07810F0010100F101006B
:10606000A07006D00029EFD0A5F8A462A5F8746549
:10607000EAE7A5F8A262A5F87265E5E79A000020B4
:10608000D404002070B5104D002400BF04EB44067A
:1060900015F81600FEF7FCFE05EB46010871CA78FC
:1060A000824209D18A78521CD2B28A70322A05D330
:1060B00032228A70487101E000228A70641CE4B2C6
:1060C000C870022CE2D370BD487D002030B500209E
:1060D0000A4B01465FF0010500F1090200EB4004A4
:1060E000401C03F8142003EB4402C0B29170D1703D
:1060F0001171517155700228EED330BD487D0020DA
:106100002DE9F04100241B4F264600F037F81A48CD
:10611000406901282BD13D1D385D295D814201D0A8
:1061200028550126641CE4B2042CF5D3012E1ED19F
:10613000002400262F5DF8074FF0000002D0FEF784
:10614000C5FE01E0FEF7D0FE7F0801210320FDF728
:1061500081F9761CF6B2082EEDD3641CE4B2042C4F
:10616000E7D3BDE8F04101210220FDF773B9BDE896
:10617000F08100009D0000204804002010B5FEF7CB
:106180006DFE4FF47A71B0FBF1F201FB12000028B2
:1061900004D1BDE810400D20FEF78CBE10BD10B537
:1061A0000020FEF793FE0120FEF790FE0220FEF78E
:1061B0009BFE0320FEF798FE0420FEF795FE0120CB
:1061C000FEF784FE00210420FDF744F9012102209E
:1061D000FDF740F9BDE810400120FEF785BE000044
:1061E000FBF748FEFDF790FEFDF706FAFDF790F984
:1061F000FDF7DEFAFDF736FBFDF7FCFAFDF7B8FA1E
:10620000FDF74CFBFDF712FB4FF4807422461A4950
:106210001A48FCF795FE19480068C16841F0100162
:10622000C160224616491748FCF78AFE15480068E7
:10623000C16841F01001C160224613491348FCF7C0
:106240007FFE12480068C16841F01001C160FFF78D
:106250003DFFFFF7A4FFFFF7D7F801F011F8FDF7B6
:1062600063FD00F0DFFA00F07DFBFAF713FAFDF7AB
:10627000A5F900F01AF8FEE729050020783400207F
:10628000F9070020BC340020B002002000350020B7
:1062900001460020842900D0C81C704710B500B901
:1062A000012001F0CBFF002010BD10B501F0ECFF84
:1062B000002010BD7FB50D4604464169B0F90800C5
:1062C00081B1A16971B1FFF7E3FFD4E905128DE84F
:1062D0000700D4E900102B46226902F052F903901E
:1062E00004B070BDFFF7D4FF03A9CDE90001208AF7
:1062F0002B4682B2D4E9001002F016F9012801D031
:106300000020EDE70398EBE7082809D80A2907D20F
:10631000044B00EB800003EB001000EB4100028512
:10632000704700001487002030B508280DD80A29CE
:106330000BD200EB80050548012400EB051020F886
:10634000114000EB41008282038530BD148700209C
:10635000082809D80A2907D2044B00EB800003EB78
:10636000001000EB41008287704700001487002076
:106370002DE9F041184C0F460546E6682068001DDF
:1063800001F094FE38B9206890F82C100120884064
:10639000216981432161681C07D137B12168BDE8BB
:1063A000F0410E48091D01F0C5BE20683544B542D4
:1063B0004560216805D2A06BBDE8F041091D01F0E0
:1063C000A1BE606B091D01F09DFEA06A854200D24E
:1063D000A562BDE8F08100001C000020AC3900205F
:1063E0002DE9F041054601F0B1FE2E4CA068401C9D
:1063F000A06020682C4F10B1606940B32DE025608B
:10640000A068012829D1002606EB860007EB800052
:1064100001F06AFE761C072EF6D323488C3001F07B
:1064200063FE2148A03001F05FFE1F48B43001F048
:106430005BFE1D48C83001F057FE1B48DC3001F000
:1064400053FE19488C3060631430A06305E0206867
:10645000E96AC06A884200D82560606A401C6062B0
:10646000E96A0120226988401043206101EB810024
:1064700007EB8000291D01F05DFE01F087FE6069D9
:1064800000280CD02068E96AC06A884207D2074910
:106490004FF080500860BFF34F8FBFF36F8FBDE8A0
:1064A000F08100001C000020D038002004ED00E046
:1064B00010B5044690F8510058B101280CD00228BC
:1064C0000FD0502080F31188BFF34F8FBFF36F8F31
:1064D000FEE7206B01F06EFE2046BDE8104001F0A3
:1064E00069BE10BD10484FF47051420706D0C01D60
:1064F0000D4920F00700411AC1F570510B4A0023E5
:106500000144C2E900030839183A21F0070111607B
:106510004B600B600B1AC0E9001393604FF0004012
:106520005360506170470000C039002070000020A7
:10653000144E154CA6F1C8074FF08058DFF84C9068
:1065400012E000BF01F002FEF068C568281D01F0EE
:10655000ADFDA068401EA0606068401E606001F054
:1065600015FE2846FFF7A4FF60680028EAD13868C6
:106570000128F9D9C9F80080BFF34F8FBFF36F8F9F
:10658000F2E70000983900201C00002004ED00E034
:106590002DE9F0479A46DDE9098481466FF003034F
:1065A000206B03EB82021044089E20F00707780757
:1065B00007D0502080F31188BFF34F8FBFF36F8F48
:1065C000FEE7002561B1002023180A5C83F834201F
:1065D0000A5C12B1401C1028F6D384F8435001E045
:1065E00084F83450072E00D30626E662C4E911650C
:1065F000201D01F084FD04F1180001F080FD2461EC
:10660000C6F107006462A061E56484F85050524608
:106610004946384600F0C0F82060B8F1000F01D0BC
:10662000C8F80040BDE8F08730B5114900E01146D8
:106630000A688242FBD34B685C18844203D14068ED
:1066400018444860084643681C18944209D1084C15
:10665000183C2468A24209D052681A4442600A6871
:1066600012680260814200D0086030BD0460F9E722
:10667000700000200648416B096829B1416BC96868
:10668000C9684968816270474FF0FF31FAE700003E
:106690001C00002008484068401C4FF0500080F368
:1066A000118804D0BFF34F8FBFF36F8FFEE7BFF3A6
:1066B0004F8FBFF36F8FFEE7780000202DE9F04188
:1066C0000546002701F016FE324E306808B9FFF784
:1066D00009FF706905424ED1C5B3083568070ED071
:1066E00005F00700C0F108000544680707D05020F6
:1066F00080F31188BFF34F8FBFF36F8FFEE72DB389
:106700007068854237D82348183001460C6801E08C
:1067100020460C466168A94202D221680029F7D1BF
:1067200031688C4227D007682168016060680837AB
:10673000411B10290FD96019420708D0502080F35F
:106740001188BFF34F8FBFF36F8FFEE713E04160F7
:106750006560FFF769FF61687068401A7060B26831
:10676000904200D2B060706901430020C4E900018A
:10677000F068401CF06001F095FF780707D05020CA
:1067800080F31188BFF34F8FBFF36F8FFEE738465A
:10679000BDE8F0815800002010B5031F4FF0807451
:1067A0001C601B1F21F001011960191F044B0B60B5
:1067B00014390A60091F6FF0020244380A6010BDE4
:1067C0009566000830B5002210290FD8084B0BE061
:1067D00033F8124000EB4205240A00F8124013F887
:1067E0001240521C6C70D2B28A42F1D330BD00000C
:1067F0001484002030B500220C290FD8084B0BE080
:1068000033F8124000EB4205240A00F8124013F856
:106810001240521C6C70D2B28A42F1D330BD0000DB
:10682000D48400202DE9F047ADF5B16D40F28455D8
:1068300029466846F9F78AFE4FF0000844462A4682
:1068400069464046FDF744FFDDF88055002876D1C3
:106850004FF4B0616846FDF7F9FFA8427ED1EA46E1
:1068600008F0FF00FEF7E6FA814604F10A00002670
:1068700087B209F1340512E05AF8241002C55AF81B
:106880002400C11700EBD150314640F34F22761C53
:10689000F6B208F0FF00FFF737FD641CA4B2BC425B
:1068A000EAD307F10A00002486B209F15C050EE084
:1068B0005AF8271002C53AF82700214602B2641C94
:1068C000E4B208F0FF00FFF743FD7F1CBFB2B74200
:1068D000EED306F10B0080B209F18401534607E0C4
:1068E00003EB8602761C92ED000AB6B2A1EC010A17
:1068F0008642F5D300F10B0189B209F1B00207E03D
:1069000003EB8004401C94ED000A80B2A2EC010A63
:106910008842F5D3481C80B209F1DC0208E000BFD0
:1069200003EB8104491C94ED000A89B2A2EC010A30
:106930008142F5D3411C8CB209F1E00105E00DE084
:1069400053F82020401C04C180B2A042F8D308F1C3
:1069500001001FFA80F8B8F1080F81D30DF5B16D71
:10696000BDE8F08770B59CB070216846F9F7EEFD80
:106970000024702269464FF4C060FDF7A9FE1B9DFC
:1069800000287DD16C216846FDF760FFA84277D1D1
:106990004E4A0098694610604D48019A0260029A7A
:1069A0004260039A82609DED040A80ED030A059A15
:1069B0000261069A426107225FF00B0351F82250F0
:1069C00000EB8406641C521C92B2E4B2B5619A4298
:1069D000F4D301EB8203521C93ED000A92B280EDD6
:1069E0000A0A51F82230521C92B2C36251F8223086
:1069F000521C92B2036351F82230521C92B243638C
:106A000051F82230521C92B2836351F82230521C4A
:106A100092B2C36351F82230521C92B2036451F80F
:106A20002230521C92B2436451F82230521C92B26E
:106A3000836451F82230521C92B2C36451F8223060
:106A4000521C92B2036551F82230521C92B2436537
:106A500051F82230521C92B2836551F82240521CE8
:106A600092B2C46551F82240521C92B2046611F8E9
:106A7000221080F86410082B01DD0821816500E0F8
:106A800022E0826D1349022A0CD0062A12D0082A6D
:106A90001AD102693120AAB1012A13D0022A13D1D6
:106AA0003E200FE00269402062B1012A0AD0022A8A
:106AB0000AD107E00269302022B1012A02D0022A5D
:106AC00002D13F20A1F8BC021CB070BD140400200C
:106AD00048040020D404002030B50022102917D823
:106AE0000C4B13E053F82240240E00F8224053F8D8
:106AF0002240250C00EB8204657033F822502D0AE9
:106B0000A57013F82250521CE570D2B28A42E9D324
:106B100030BD000054830020C278072A03D300222E
:106B2000C27001228270C278B1F1807F00EB8202D4
:106B300001D3A1F100715160C178491CC170704747
:106B4000F8B5B0F86C120025082901D90020F8BD6D
:106B5000384C79B1491E61702278374E00215AB104
:106B6000012A20D0022A35D0032A4AD021700125DB
:106B70002846F8BD0821EEE7D0E9A623934202D9C2
:106B80009F1A142F04D29342F2D2D21A142AEFD3AE
:106B900062780A2302EB820206EB021200914FF4A4
:106BA0000C5114323FE0D0E9A623934202D99F1A38
:106BB000142F04D29342DBD2D21A142AD8D362788B
:106BC0000A2302EB820206EB021200914FF41051ED
:106BD000283228E0D0E9A623934202D99F1A142F25
:106BE00004D29342C4D2D21A142AC1D362780A239F
:106BF00002EB820206EB021200914FF408513C3284
:106C000011E0D0E9A623934202D99E1A142E04D291
:106C10009342ADD2D21A142AAAD3009100F51B7266
:106C200001234FF4045101F06BF92078401C2070CF
:106C30009EE70000B80400201487002030B4002232
:106C4000404D0123404C114680F84D20A8421ED1F2
:106C500004F58875C56040350561403545614035AE
:106C600085612035C5612035056220354562403596
:106C700085622035C56218350563344D45632D1D89
:106C800085632D1DC5632D1D05642D1D1CE0304D34
:106C9000C560403505614035456140358561203529
:106CA000C0E9075440354562403585622035C562EC
:106CB00018350563254DAD1E45632D1D85632D1DBE
:106CC000C5632D1D05642D1D4564A0F8B23280F802
:106CD0005410056D00F256236B61056D9B1CAB6172
:106CE000056D00F15503EB61056D2B62A0F856129E
:106CF00080F858124FF6FF73A0F85A32A0F85C12D1
:106D0000A0F85E12A0F86A125823A0F86C32A0F81E
:106D10006E12A0F866120F4900EB820551F822307E
:106D2000521CD2B2C5F870320A2AF5D30021FF22D4
:106D300024F81120491CC9B21029F9D3006D816AC9
:106D400030BC0847A407002054840020C20400205F
:106D500054830020848D0008F8B5B0F86C1200252B
:106D6000082901D90020F8BD214C59B1491E617193
:106D70002179204E002339B101291CD0237101252E
:106D80002846F8BD0821F2E7D0E9A6128A4202D9C6
:106D9000571A142F04D28A42F2D2891A1429EFD337
:106DA0006179009301EB810106EB01120A234FF494
:106DB0000C51143215E0D0E9A6128A4202D9571AB2
:106DC000142F04D28A42DBD2891A1429D8D36179CC
:106DD000009301EB810106EB01120A234FF41051DD
:106DE000283201F08DF82079401C2071C8E700009E
:106DF000B804002014870020F8B50446406C1D4EEE
:106E00000025B0F90010A6F140022B4629B1012956
:106E100018D0038001252846F8BDD4E9A601814297
:106E200002D90E1A142E04D28142F4D2401A142828
:106E3000F1D3009320234FF44051204601F060F835
:106E4000012014E0D4E9A601814202D90A1A142AC9
:106E500004D28142DFD2401A1428DCD300931023DD
:106E600032464FF44451204601F04AF80220616C4A
:106E70000880D0E714840020F8B5B0F86C22002513
:106E8000082A01D90020F8BD204C00214AB1E27047
:106E9000A2781F4E3AB1012A1CD0A17001252846C4
:106EA000F8BDE170F4E7D0E9A623934202D99F1A16
:106EB000142F04D29342F2D2D21A142AEFD3E278DA
:106EC0000A2302EB820206EB021200914FF40C51EE
:106ED000143215E0D0E9A623934202D99F1A142F49
:106EE00004D29342DBD2D21A142AD8D3E27800918A
:106EF00002EB820206EB02120A234FF410512832F1
:106F000000F0FEFFA078401CA070C8E7B804002085
:106F10001487002070B50546B0F8680200240128E7
:106F200007D101242846FFF70BFE10B10020A5F879
:106F30006802204670BD00002DE9F0410F4606466C
:106F400000241B4D2AE02046FEF71CFA286D70B184
:106F50002968A1F5DA426C3A09D1DFED160A60EE34
:106F6000200A00EE100AB8EEC01A80EE810AE86C22
:106F7000C8B1F2EE040A20EE200A00BFBDEEC00A3E
:106F800007EB840110EE100A46F82400001427F8DD
:106F9000240036F82400641C4880E4B2A86DA042A6
:106FA000D1DCBDE8F081F6EE000A30EE200AE5E71C
:106FB0004804002000007A442DE9F84305460027E4
:106FC0000121FDF757FB00EB0010A96C102202EB2A
:106FD00080028C5E2A6C142606EB8006B2F9003023
:106FE0008E5993FBF4F204FB12324FF0180C36F971
:106FF000126093FBF4F20CEB800C04FB123251F89C
:107000000CC002EB42020CEB8202DFF858C0DCF845
:107010004CC0BCF1000F0BD093FBF4F204FB123216
:107020001C2303EB800002EB4202085800EB8202B3
:107030004FF000080623B1B22846CDF8008000F0DA
:10704000F9FE012803D1296C0888401C0880286CAF
:10705000B0F90010A14202DBA0F8008001273846F9
:10706000BDE8F88348040020F8B504460026042152
:10707000FDF700FB00EB0010A16C382202EB800250
:107080008D5E226C3C2707EB8007B2F90020CF59B8
:1070900092FBF5F305FB132337F813C092FBF5F3CE
:1070A00005FB1322402303EB800002EB4202085849
:1070B000002700EB820206231FFA8CF1204600977E
:1070C00000F0B8FE012803D1216C0888401C08801C
:1070D000206CB0F90010A94201DB07800126304680
:1070E000F8BDF8B5044600260321FDF7C3FA00EB0E
:1070F0000010A16C2C2202EB80028D5E226C3027E6
:1071000007EB8007B2F90020CF5992FBF5F305FB9E
:10711000132337F813C092FBF5F305FB1322342336
:1071200003EB800000270858022300EB82021FFABD
:107130008CF12046009700F07DFE012803D1216CE0
:107140000888401C0880206CB0F90010A94201DBBF
:10715000078001263046F8BDF8B504460026022116
:10716000FDF788FA00EB0010A16C202202EB8002F0
:107170008D5E226C242707EB8007B2F90020CF59DF
:1071800092FBF5F305FB132337F813C092FBF5F3DD
:1071900005FB1322282303EB800002EB4202085870
:1071A000002700EB820206231FFA8CF1204600978D
:1071B00000F040FE012803D1216C0888401C0880A3
:1071C000206CB0F90010A94201DB0780012630468F
:1071D000F8BD00002DE9F843002705463946FDF7C4
:1071E00049FA00EB0010A96C2A6C042631F9204002
:1071F000B2F9003006EB800693FBF4F204FB123286
:107200008E594FF0080C0CEB800C36F9126093FB92
:10721000F4F204FB123251F80CC002EB42020CEB08
:107220008202DFF858C0DCF84CC0BCF1000F0BD074
:1072300093FBF4F204FB12320C2303EB800002EB0D
:107240004202085800EB82024FF000080623B1B258
:107250002846CDF8008000F0EDFD012803D1296C0F
:107260000888401C0880286CB0F90010A14202DB9D
:10727000A0F8008001273846BDE8F88348040020C4
:1072800010B50448FFF7DAFCBDE810400248FFF7EC
:10729000D5BC0000D4040020A40700202DE9F0474D
:1072A0000024154688468146032A1ED2DFF840A0F6
:1072B0006F1E16E000FB0740C6B221462846FAF7CB
:1072C00003F8BDEEC00A10EE100A49F826000114BA
:1072D00028F8261008EB860139F82600641C48803F
:1072E000E4B2DAF85800A042E4DCBDE8F087000020
:1072F000480400201CB50E4A002352680192ADF8E4
:107300000610D0E9A6128A4202D9541A142C04D2CB
:107310008A420AD2891A142907D300210091022334
:1073200001AA842100F0ECFD012318461CBD0000D9
:10733000AC8D000870B50546B0F862020024012843
:1073400007D101242846FFF707FD10B10020A5F85A
:107350006202204670BD70B50546B0F86002002498
:10736000012803D0FDF774FD01280DD10124FEF79B
:107370009FF800F0DDFC2846FFF73EFD20B100201D
:10738000A5F8600200F0BAFA204670BD70B5054657
:10739000B0F864020024012807D101242846FFF731
:1073A0006BFD10B10020A5F86402204670BD0000FE
:1073B0001CB51249124A002309680191BDF8041056
:1073C00092F84820C9B241EA0221ADF80410D0E990
:1073D000A6128A4202D9541A142C04D28A420AD222
:1073E000891A142907D300210091022301AA8221BE
:1073F00000F086FD012318461CBD0000AC8D00087E
:1074000048040020002301220E2100F0CFBC000020
:107410002DE9F041064627480025C06A28B33046CA
:1074200000F04EF8244C2548002721784FF0010841
:1074300039B101290DD0022918D003292BD027708A
:1074400003E000F0D5F9012801D001252EE0677096
:1074500028E06178415C304600F0BCF8012825D175
:1074600002202070D6F8980260601FE0827A61786E
:10747000921E4FF496608A4202D009B14FF46170B7
:10748000A060D4E90112D6F89802114488420DD3C5
:10749000032020700AE06178491CC9B26170807ACB
:1074A000884202D984F8008000E027702846BDE8B1
:1074B000F08100004804002078190020948B0020FF
:1074C0002DE9F04385B000242A4D03AE4FEA0409AC
:1074D00005EBC40703A920464237FCF775FC0021E1
:1074E0000A460846335C17F800C0634509D005EB2F
:1074F000440C3B54ACF8629005EB040C01238CF86F
:107500006A30335CFF2B05D003F1010C0DF801C08C
:10751000491C89B2401C1A44C0B292B20828E1D377
:10752000B2F5FF6F1AD02F1997F86A00012815D10C
:10753000022913D305EB4400B0F86220521C92B22A
:10754000A0F86220B2F5FA7F0CD3A0F86290C9B21D
:10755000684600F073F987F86A9003E005EB440190
:10756000A1F86290641CE4B2042CB1D305B0BDE86C
:10757000F0830000A08B002000B5154AA1B00021C7
:10758000136901AAA3B1012B12D0022B17D000BF9F
:1075900022F81110491C09B20829F9DB00228BB22C
:1075A000009201AA43F6011100F044FC21B000BD95
:1075B00022F81110491C09B21029F9DBEEE701F19C
:1075C000080322F81130491C09B20829F7DBE5E766
:1075D000480400207CB51D4A0023126801921C4A11
:1075E000146C651E632D06D8BDF80650EDB245EA51
:1075F0000424ADF806403F2908D1BDF8064092F8B2
:107600004420E4B244EA0222ADF806203F22B1FB56
:10761000F2F402FB1411012202EB0121ADF8041077
:10762000D0E9A6128A4202D9541A142C04D28A42F2
:107630000AD2891A142907D300210091022301AA32
:10764000A02100F05DFC012318467CBDE88D0008F8
:10765000480400202DE9F05F44688046002594F836
:1076600058022F462E46012875D194F85500A94698
:107670005A286ED194F85600A5286AD1B4F856124B
:10768000062953D394F85700C91E81424ED194F86D
:10769000581080294AD0812904D0822946D08329D4
:1076A00044D116E094F85A60C01EB0423ED194F81E
:1076B00059A00BE0E01990F85B200AEB0700C1B27B
:1076C000404600F062F805437F1CBFB2B742F1D3D9
:1076D0002CE094F85B70001F00EBD070B7EB600FEC
:1076E00024D194F859004FF6FF7101EA002094F874
:1076F0005A2000F47F4010441FFA80FA8B4613E0B2
:1077000004EB460010F85C1F0BEA0121407801F4FD
:107710007F41084482B20AEB060081B2404600F085
:107720003FF80543761CB6B2BE42E9D3D4F89802BE
:1077300041F2883188420CD9E80702D000F020F9E4
:1077400001E0A80705D500F0A9F9D8F8041081F8E0
:10775000B89284F85892BDE8F09F00002DE9F041FE
:1077600000240546042746680AE000BF686907EB65
:10777000C401415830468847012804D0641CE4B253
:10778000287CA042F2D8BDE8F081034600205B6867
:10779000002904D183F85420012183F84D1070474B
:1077A0002DE9F047446800274FF6FF78A4F85A12F5
:1077B00006463D46A4F85E22414513D04FF0040929
:1077C0000AE000BFF16809EBC50009582046884768
:1077D00001280AD06D1CEDB2307AA842F2D800BF61
:1077E000A4F85A823846BDE8F08794F8B872F7E7F3
:1077F00011490246002091F87830002B1BD091F8F7
:10780000770000EB400303EBC000084403681360FB
:107810004368536003891381807A907211F8770F5F
:107820000622401CB0FBF2F302FB130008704878FC
:10783000401E487001207047A08B002030B52A4AB6
:10784000002392F87840062C4CD207294AD292F8AD
:10785000764004EB440505EBC40414440568256038
:107860004568656005892581807AA07292F8764026
:107870001A2004EB440505EBC4041444605492F848
:1078800076403F2004EB440505EBC40414440C444B
:10789000607092F87640881C04EB440505EBC40444
:1078A0001444A0721148006E01280FD1491C0BE04E
:1078B00092F8760000EB400404EBC0008418E05C12
:1078C0001E30E0545B1CDBB28B42F1D312F8760F12
:1078D0000621401CB0FBF1F301FB130010709078FF
:1078E000401C907030BD0000A08B00204804002098
:1078F000014981F862037047AC000020014981F81A
:1079000061037047AC000020014981F860037047B3
:10791000AC00002008280BD20A2909D200EB800312
:10792000C3EB8010034B03EB800000EB8100C265CA
:1079300070470000E8750020104810B54168D1F884
:107940009822521CC1F89822C069D0F89812491C9C
:10795000C0F898120948FFF77DFE08481830044621
:10796000FFF778FE0548FFF7F9FE2046FFF7F6FE21
:10797000BDE81040A520FFF7BBBF0000740A00203F
:107980002DE9F041434E00273D464FF4B078F8B260
:10799000FDF750FA05F10A0189B200F134024346BD
:1079A00006E09D4202D210CA46F825406D1CADB2D9
:1079B0008D42F6D301F10A0292B200F15C0406E0B6
:1079C000994202D220CC46F82150491C89B29142FA
:1079D000F6D302F10B0189B200F1840409E09A4266
:1079E00005D2B4EC010A06EB820585ED000A521CB3
:1079F00092B28A42F3D301F10B0292B200F1B004C9
:107A000009E0994205D2B4EC010A06EB810585ED47
:107A1000000A491C89B29142F3D3511C8CB200F187
:107A2000DC0109E09A4205D2B1EC010A06EB8205BD
:107A300085ED000A521C92B2A242F3D3611C8DB2B2
:107A4000E03006E09C4202D202C846F82410641CD2
:107A5000A4B2AC42F6D37F1CBFB2082F97D3A100CB
:107A60003046FCF7F3FE46F82400641CA0B2B0F5E3
:107A7000B17F0DD24FF6FF7101EA8002314600203E
:107A8000FCF776FE002803D103490888401C0880D3
:107A9000BDE8F081607D00204404002070B5A24A5A
:107AA000A04C0021506BA14B401C5063012020CB07
:107AB00044F82150491C89B28142F8D30146401C48
:107AC000994B04E020CB44F82150491C89B28142F3
:107AD000F8D30146401C121D04E008CA44F82130C6
:107AE000491C89B28142F8D301468F4A401C0832B2
:107AF00004E008CA44F82130491C89B28142F8D315
:107B00000146894A401C0C3208E000BFB2EC010A71
:107B100004EB8103491C89B283ED000A8142F5D34D
:107B20000146814A401C103204E008CA44F8213062
:107B3000491C89B28142F8D301467B4A401C143269
:107B400004E008CA44F82130491C89B28142F8D3C4
:107B50000146754A001D183204E008CA44F8213075
:107B6000491C89B28142F8D301466F4A401C283231
:107B700008E000BFB2EC010A04EB8103491C89B2A2
:107B800083ED000A8142F5D30146674A401C2C323E
:107B900004E008CA44F82130491C89B28142F8D374
:107BA0000146614A401C303204E008CA44F82130E2
:107BB000491C89B28142F8D301465B4A401C3432E9
:107BC00004E008CA44F82130491C89B28142F8D344
:107BD0000146554A401C383204E008CA44F82130B6
:107BE000491C89B28142F8D301464F4A401C3C32BD
:107BF00004E008CA44F82130491C89B28142F8D314
:107C00000146494A401C403204E008CA44F8213089
:107C1000491C89B28142F8D34349421C443104E0F3
:107C200008C944F82030401C80B29042F8D3501C60
:107C300081B23D48483004E008C844F82230521C64
:107C400092B28A42F8D3481C374A80B24C3204E0E0
:107C500008CA44F82130491C89B28142F8D3411C3A
:107C6000314A89B2503204E008CA44F82030401C3E
:107C700080B28842F8D3481C2B4A80B2543204E0C8
:107C800008CA44F82130491C89B28142F8D3411C0A
:107C9000254A89B2583204E008CA44F82030401C12
:107CA00080B28842F8D3481C1F4A80B25C3204E09C
:107CB00008CA44F82130491C89B28142F8D3411CDA
:107CC0008DB21949603104E004C944F82020401CF9
:107CD00080B2A842F8D3681C81B21348643004E033
:107CE00004C844F825206D1CADB28D42F8D320465F
:107CF000A900FCF7ABFD44F825006D1CA8B21C28B8
:107D00000FD84FF6FF7101EA800221464FF4C060A0
:107D1000FCF72EFD002804D10349091F4888401CA8
:107D2000488070BDE4820020480400201404002034
:107D30002DE9F04F1B4C002004F180029FED1A0A40
:107D400001464FF6FF75A2F1400602F14008FF23FD
:107D500002F1600902F1800702F1A00A02F5987BA6
:107D600002F5B87E44F8201002EB800C22F82010B7
:107D7000ACF8021046F8205028F8101029F81030FE
:107D80000AEB800C27F810308CED000A0BEB800C0E
:107D90008CED000A2EF81010401CC0B21028E1D360
:107DA000BDE8F08F548300200000000070B5044649
:107DB000D4E9A605854202D92E1A142E04D2854292
:107DC0002BD2401B142828D34FF6FF70814224D2B7
:107DD00088184FF6FE75401EA8421ED25A2084F81D
:107DE0005501A52084F85601042084F8570183200A
:107DF00084F85801080A84F8590184F85A1184F863
:107E00005B21012B0AD00722206D04F25511436B30
:107E10009847D4F89802C4F89C0270BD042104F578
:107E2000AC70FCF713FD010A84F85C1184F85D0165
:107E30000922E9E72DE9F04104461D46D4E9A636BA
:107E40004FF0000C069F60469E4204D9A6EB030E3D
:107E5000BEF1140F04D29E4240D29B1B142B3DD383
:107E60004FF6FF73994239D24B194FF6FE765B1EDF
:107E7000B34233D25A2384F85531A52384F85631BE
:107E8000032303EB450384F85731822684F85861B5
:107E90000E0A84F8596184F85A110BE032F8101078
:107EA00004EB40064FEA112C86F85BC1401C86F8B3
:107EB0005C1180B2A842F1D3012F12D05FF006000E
:107EC00000EB450082B2206D04F25511436B9847D8
:107ED000D4F898024FF0010CC4F89C026046BDE84B
:107EE000F081194604F5AC70FCF7B0FC04EB4501D9
:107EF000020A81F85B2181F85C010820E0E70000BC
:107F00002DE9F04104461D46D4E9A6360020069F1F
:107F10009E4204D9A6EB030CBCF1140F04D29E427E
:107F20003ED29B1B142B3BD34FF6FF73994237D2A3
:107F30004B194FF6FE765B1EB34231D25A2384F8BA
:107F40005531A52384F85631032303EB450384F808
:107F50005731822684F858610E0A84F8596184F8F2
:107F60005A110BE032F8021B04EB40064FEA112CC9
:107F700086F85BC1401C86F85C1180B2A842F1D340
:107F8000012F0FD05FF0060000EB450082B2206D9C
:107F900004F25511436B9847D4F89802C4F89C0238
:107FA000BDE8F081194604F5AC70FCF74FFC04EB1A
:107FB0004501020A81F85B2181F85C010820E3E7B2
:107FC00030B5082866D20A2964D200EB8002C2EBE1
:107FD0008010354A02EB800202EB8100536A436352
:107FE00001235418002984F8283053D094F82740EE
:107FF000012C06D1D0E90C45A54200DD0023C2F8D2
:10800000E030D0E916431C1B00EE104AD0E90C54B6
:10801000F8EEC00A651B00EE105A0929B8EEC01A26
:1080200080EE810A00EE903A01EE104AF8EEE00A86
:10803000B8EEC11A80ED210A40EE410AC0ED2C0ACB
:108040001CD2046EE31A00EE103AD0E90D53F8EE9C
:10805000C00A5D1B00EE105AB8EEC01A80EE810A0D
:1080600000EE904A01EE103AF8EEE00AB8EEC11ABE
:1080700080ED220A40EE410AC0ED2D0A01290AD006
:10808000092907D192ED2A0A82ED2B0A92ED350AD1
:1080900082ED360A30BD92ED220A82ED210A92ED80
:1080A0002D0A82ED2C0A30BDE8750020D0E901329E
:1080B00001699A60D0E901235A604A68824201D17D
:1080C00082684A60002202610868401E08600868F1
:1080D00070470000034B036003F1540008608020E8
:1080E00010607047502D002000F108014FF0FF3262
:1080F000C0E90112C16001610021016070470021E7
:108100000161704730B50B685A1C02D000F10802BB
:1081100002E0026904E02246546825689D42FAD9CB
:1081200053684B6099608A60516008610168491C1E
:10813000016030BD42684A6093688B609368596003
:10814000916008610168491C01607047502080F30C
:108150001188BFF34F8FBFF36F8F0A494868401CE7
:10816000486001280CD10848006810F0FF0F07D0C4
:10817000502080F31188BFF34F8FBFF36F8FFEE75E
:10818000704700007800002004ED00E008494868CE
:1081900028B1401E486001D180F3118870475020FB
:1081A00080F31188BFF34F8FBFF36F8FFEE700009E
:1081B0007800002070B500282AD0164DA0F10804E0
:1081C00060686969084207D1502080F31188BFF3C5
:1081D0004F8FBFF36F8FFEE722683AB1502080F3D4
:1081E0001188BFF34F8FBFF36F8FFEE78843606046
:1081F00000F080F860686968084468602046FEF70F
:1082000013FA2869401C2861BDE8704000F04ABAA2
:1082100070BD0000580000204FF0E02000210161F7
:10822000816105494FF47A720968B1FBF2F1491E88
:1082300041610721016170471800002010B502005C
:1082400014D00F48006B38B1502080F31188BFF371
:108250004F8FBFF36F8FFEE700F04CF80021104600
:10826000FEF786F800F01EFA002807D105494FF006
:1082700080500860BFF34F8FBFF36F8F10BD0000B9
:108280001C00002004ED00E010B586B0002403942B
:1082900005AA04A903A80494FFF71CFFDDE9030164
:1082A0000094CDE9011000230EA11048059A00F0BA
:1082B00068F90F490028C86211D0502080F3118856
:1082C000BFF34F8FBFF36F8F4FF0FF3088620120F5
:1082D0004861CC6006B0BDE8104000F0ABB806B015
:1082E00010BD000049444C45000000003165000805
:1082F0001C0000200248016B491C0163704700000C
:108300001C0000201448016B11B10121C1617047AC
:108310000021C1610169B1FA81F1C1F11F0101EBD5
:1083200081020E4951F822306BB101EB820101F15B
:1083300008034A6852684A609A4201D152684A600A
:10834000D16801607047502080F31188BFF34F8FD0
:10835000BFF36F8FFEE700001C000020D038002024
:1083600070B50022102916D800250B4B11E000BF74
:1083700023F8125010F8124000EB4206240204F4D5
:108380007F4423F812407678344423F81240521C7C
:10839000D2B28A42ECD370BD1484002070B50022A2
:1083A0000C2916D800250B4B11E000BF23F8125002
:1083B00010F8124000EB4206240204F47F4423F834
:1083C00012407678344423F81240521CD2B28A42CA
:1083D000ECD370BDD484002070B50022102921D9BF
:1083E00070BD124B002400EB820543F8224010F8C8
:1083F0002240240204F47F4443F822406E7834443F
:108400000B4E06EA042443F82240AE78344424029A
:1084100024F0FF0443F82240ED782C4443F8224036
:10842000521CD2B28A42DCD370BD000054830020BB
:1084300000FFFF001CB537480168374A914207D159
:10844000502080F31188BFF34F8FBFF36F8FFEE78B
:1084500000683149491E884207D1502080F31188B5
:10846000BFF34F8FBFF36F8FFEE72C490878019061
:10847000FF20087008788DF800009DF800009DF836
:10848000002000F0F000904207D0502080F31188C7
:10849000BFF34F8FBFF36F8FFEE79DF80000204CB6
:1084A00000F0500020700720A06005E09DF800203B
:1084B00052008DF80020401E9DF800201206F5D4D1
:1084C000A060032807D0502080F31188BFF34F8F9E
:1084D000BFF36F8FFEE74FF44070A0600198087003
:1084E0000C482030016841F470010160016841F0DE
:1084F00070410160FFF790FE00206060F7F7DCFE3E
:108500000848016841F040410160F7F7C1FE0020D2
:108510001CBD000000ED00E071C20F4100E400E06E
:108520007800002034EF00E02DE9FF5F8346DDE9AD
:108530000E87994616468A469000FEF7BFF805005A
:108540001CD05420FEF7BAF8040014D00020256394
:1085500084F85100CDE90240CDE900874B46324610
:1085600051465846FEF714F82046FDF739FF012022
:1085700004B0BDE8F09F2846FFF71CFE4FF0FF3027
:10858000F6E7F0B585B0DDE90B640A9DA6B1DCB174
:10859000542700972663022684F85160002604AF12
:1085A000CDE90246CDE90057FDF7F2FF2046FDF781
:1085B00017FF049805B0F0BD502080F31188BFF379
:1085C0004F8FBFF36F8FFEE7502080F31188BFF30A
:1085D0004F8FBFF36F8FFEE72DE9F0412F4C002640
:1085E000206B28B1A069401CA0613046BDE8F08135
:1085F000E5686D1CE56013D1606B006838B15020F0
:1086000080F31188BFF34F8FBFF36F8FFEE7606B6E
:10861000A16B6163A063206A401C2062FEF72AF808
:10862000A06ADFF87C80854209D3606B0068A0B146
:10863000606BC068C7687868854211D2A062206804
:10864000C06A00EB800158F82100012800D90126FA
:10865000E0690028C9D00126C7E74FF0FF30EDE7F9
:10866000381DFFF723FDB86A18B107F11800FFF7AE
:108670001DFDF96A0120226988401043206101EB49
:10868000810108EB8100391DFFF754FDF86A21686C
:10869000C96A8842C9D30126C7E700001C00002030
:1086A000D03800202DE9F0472C4D00242746286BB8
:1086B00038B1FFF74BFD286B401E2863286B40B193
:1086C00046E0502080F31188BFF34F8FBFF36F8FC8
:1086D000FEE7A968224E0120D1B3A6F1B409804675
:1086E0003068E8B1F068C46804F11800FFF7DEFCF8
:1086F000201DFFF7DBFCE06A2A6908FA00F111434C
:10870000296100EB800109EB8100211DFFF712FDBB
:10871000E06A2968C96A8842E2D3C5F81C80DFE7AD
:108720000CB1FDF7A7FFAC6944B14646FFF754FF13
:1087300000B1EE61641EF9D10020A861E86938B18A
:108740000849012738070860BFF34F8FBFF36F8FC9
:10875000FFF71CFD3846BDE8F08700001C00002034
:108760008439002004ED00E021F00042A2F16052C3
:10877000B2F5801F01F0004328BFD2F17F6C0BD906
:108780005FEA001C43EAC20242EB507018BF704718
:1087900028BF20F001007047B2F5801FBCBF18460B
:1087A00070474FEA410C1CF5001F02D2084600F04A
:1087B000B8B970B500F026F900000089FFF7F6BFE0
:1087C0004FF00040A0F580007047491058BFC1F13C
:1087D00040415B1058BFC3F140438B42EFF3008030
:1087E000704710F0004248BF4042B0FA80F310FAE0
:1087F00003F10AD0C3F11D0303F580634FEA415032
:1088000002EB035202EBD12170474FF0000070479A
:10881000B0FA80F310FA03F10AD0C3F11D0303F597
:1088200080634FEA41504FEA035202EBD121704777
:108830004FF000007047000051EA030C17D41CF5FC
:10884000801F58BFBCF5801F00F10680994218BFF9
:10885000704708BF9042704707D711F5801F58BF77
:1088600013F5801F19D499427047894270471CF54F
:10887000801F08D5BCF5801FF7D58B4218BF704705
:1088800008BF824270474FF4001C1CEB410F38BFF9
:108890001CEB430F01D28B42704770B500F0B2F869
:1088A000922449004FF000514FF08053FFF78DBFE5
:1088B000DFF848C170B51CEA111E1EBF1CEA131573
:1088C0009EEA0C0F95EA0C0F00F06F8081EA03041A
:1088D00023EA4C134EEAD47E21EA4C1141F4801174
:1088E00043F48013AE44A1FB024CA0FB0365AEF140
:1088F0007F7E361955EB0C05A1FB034C4CF10003B0
:10890000A0FB021C16EB0C06654153F10003094263
:1089100018BF46F0010613F4007F0BD14FEA033174
:108920004FEA0530340341EA155140EA16506FF022
:1089300003020AE04FEAC3214FEAC520F40241EAEC
:10894000555140EA56506FF0020202EB2E4201EB05
:10895000025585EACE710AD05FEA440C18BF24F0B4
:10896000004450F1000041F1000120EAD47040F2CF
:10897000FE7C624500D270BDA84214BF4FF0804417
:108980004FF04044002E08BF0024BEF1806FA8BF06
:10899000A1F1C041BDE8704080F282804FF000003C
:1089A00001F1C04101F0004170479EEA0C0F0CEA52
:1089B000131518BF95EA0C0F06D04FF0000081EA9E
:1089C000030E0EF0004170BD00F01CF88900013E5E
:1089D00000F007B800F009B84FEA430C5FEA5C5CAE
:1089E00008D081EA030100F05BB84FEA410C5FEA6E
:1089F0005C5CF6D14FF00000014970470000FF07B2
:108A00000000F87F0EF1020E2EF0030E5EF8046BEC
:108A1000364205D4012A43EB030515F5001F12D891
:108A2000012841EB010C1CF5001F0CD80ED14FEAB8
:108A3000D17C15F5001F0CEB4C0C0CF1020C08BF9F
:108A40004CEBD37C04E04FF0080C01E04FEAD37C00
:108A50000CEB4C0526FA05F606F00706B6F1040CF9
:108A600006D20EEB860CBDE870404CF0010C60475E
:108A7000DFE80CF0090B02024FF000414FF000005C
:108A8000A1F5002170BD19461046012851EB0104E3
:108A900018BFD4F5001484BF002001F0004170BD60
:108AA0000808A0F500114FEA3101704753EA010CA4
:108AB00017D41CF5801F58BFBCF5801F00F106803D
:108AC0008B4218BF704708BF8242704707D713F523
:108AD000801F58BF11F5801F19D48B4270479B42ED
:108AE00070471CF5801F08D5BCF5801FF7D599424B
:108AF00018BF704708BF904270474FF4001C1CEB32
:108B0000430F38BF1CEB410F01D2994270470FB49D
:108B10000CBC03BCFFF7C1BE4FF04070E1EE100A81
:108B20007047FF2141EAD050C0057047EC8D000826
:108B3000C93E0008000000000000000080000000A6
:108B40000000000000000000F88D0008D13E000881
:108B5000FDFF000000000000000400000000000015
:108B600000000000000610160006101600000000AD
:108B700000000000010203040607080900000000CD
:108B80000102030400C1814001C0804101C0804155
:108B900000C1814001C0804100C1814000C18140CD
:108BA00001C0804101C0804100C1814000C18140BD
:108BB00001C0804100C1814001C0804101C08041AD
:108BC00000C1814001C0804100C1814000C181409D
:108BD00001C0804100C1814001C0804101C080418D
:108BE00000C1814000C1814001C0804101C080417D
:108BF00000C1814001C0804100C1814000C181406D
:108C000001C0804101C0804100C1814000C181405C
:108C100001C0804100C1814001C0804101C080414C
:108C200000C1814000C1814001C0804101C080413C
:108C300000C1814001C0804100C1814000C181402C
:108C400001C0804100C1814001C0804101C080411C
:108C500000C1814001C0804100C1814000C181400C
:108C600001C0804101C0804100C1814000C18140FC
:108C700001C0804100C1814001C0804101C08041EC
:108C800000C1814000C0C101C30302C2C60607C7BC
:108C900005C5C404CC0C0DCD0FCFCE0E0ACACB0B2C
:108CA000C90908C8D81819D91BDBDA1A1EDEDF1F5C
:108CB000DD1D1CDC14D4D515D71716D6D21213D34C
:108CC00011D1D010F03031F133F3F23236F6F737FC
:108CD000F53534F43CFCFD3DFF3F3EFEFA3A3BFBEC
:108CE00039F9F83828E8E929EB2B2AEAEE2E2FEF9C
:108CF0002DEDEC2CE42425E527E7E62622E2E3230C
:108D0000E12120E0A06061A163A3A26266A6A7673B
:108D1000A56564A46CACAD6DAF6F6EAEAA6A6BABAB
:108D200069A9A86878B8B979BB7B7ABABE7E7FBFDB
:108D30007DBDBC7CB47475B577B7B67672B2B373CB
:108D4000B17170B05090915193535292965657977B
:108D5000559594549C5C5D9D5F9F9E5E5A9A9B5B6B
:108D600099595898884849894B8B8A4A4E8E8F4F1B
:108D70008D4D4C8C4484854587474686824243838B
:108D800041818040000000003200000064000000CB
:108D9000C8000000F4010000E8030000D007000054
:108DA000B80B0000A00F000088130000236460EAE5
:108DB000015A350000100020000800800040040027
:108DC0000800100020004000002001000400008086
:108DD00020000004010002000400080010008000D0
:108DE0000100020008001000013100646465666142
:108DF000756C745461736B006170705461736B3186
:108E00004D730000248E000800000020502D00004B
:108E1000C4010008489A0008502D00203067000067
:108E20002802000892000112010462100D00045E85
:108E300024F4000112AA01012A300006FF0C0B00E5
:108E400020000101FF0101FF010162011ECD6A0343
:108E50001006ACF7FF1FE8045006107AFF1FAC089D
:108E6000300820F4F01F5000F80443907510ADD482
:108E700003338813076E405004FE02F603A3A0409C
:108E8000301E646B04921E045E327F044F1A04F499
:108E900003067908042F281370040C04FF01004C0A
:108EA000780401FF015D1603EBFFFFCE0E4A581157
:108EB00007100B8036003100350038003408024FAF
:108EC00031BE2BE40ED00804FF02008CD001FF015C
:108ED0000967D00A1501D02006D40400200F231002
:108EE00005140020118A12F8082D800A2C05A40709
:108EF00000203406100638100020059012480800A3
:108F000005230010024004920804120C1052041CA5
:108F100002150C0461385200047F05056C0A0E1618
:108F20000215061D210B1006054F00080B04120D3B
:108F30000412110C120904120704033C010640023A
:108F40003D02402C06A42F0020A0BB0B4C068A003B
:108F500020E4892C0B6E64DC0B248A9411942194F8
:108F60003194419451946194719481949194A19419
:108F7000B194C194D194E194F19401951195219506
:108F80003195419551956195719581959195A195F1
:108F9000B195C195D195E195F195019611962196DE
:108FA0003196419651966196719681969196A196C9
:108FB000B196C196D196E196F196019711972197B6
:108FC0003197419751976197719781979197A197A1
:108FD000B197C197D197E197F19701B111B13000E5
:108FE000B70074649760070100300077010C83813B
:108FF00001188381011883D2021883D202308322A0
:1090000004488322044810042E00C51822283C601E
:1090100006012E0085010C837F0118837F011883D0
:10902000D0021883D0023083210448832104181809
:10903000040F00289B12227810040000960C431F96
:10904000040C40075401280210F80C90040F008C07
:1090500024928C24728C24830D0248838A024883D4
:10906000480348830D0248838A02488348034832F4
:109070001490321C6C329B90410C324A9031183360
:109080000114906124928C24728C248312024883F0
:10909000940248833E034883120248839402488323
:1090A0003E03481C04A0008BBA0910041200026C95
:1090B0006005A0004B010C83F1011883F1011883B6
:1090C0004203308342033083930448839304301077
:1090D0000410007E0430223E0161017E0061013EE9
:1090E00001B2027E00B2023E0103047E0003043E90
:1090F0000108052D009464145034083E0064019466
:109100006410702D5004100AAC1A0020301B00208F
:10911000F0041E03E00A12CC104C07B01C002070B3
:109120001D700422EC204E1E7C04220C284E1E9042
:1091300004122C342C06301F0020068C0411081257
:10914000CC041C068C2000200CBC0412680C134CB0
:10915000210C422220228820510C22A8284E23D400
:109160000422C818110C2DCC0A1EE8C40E136C0C76
:1091700048420C4412080C40072C0D0020BC0D2066
:1091800012281C434C0E2C1248284FAC0E180522F6
:109190006834420E7812E44C2C09682400202825FB
:1091A0000020B00F12040C12E80C43A826981224D9
:1091B00010436827A42244284228442264184228E5
:1091C00034128008100608290020C8042E12960BBD
:1091D00011184007882A0020602B2012C410433841
:1091E0002C0C12E41C47F82C101204344F382D5C60
:1091F000041FC5499F0B15E64F8D49A70B43E14D51
:109200001022E11815BC229110156D135773081D1B
:10921000D00B1F054E2405DD88040D167804ED7073
:1092200004ED60042D50041C0463006008043E3CFF
:1092300038046005630049010C83E9011883E901E2
:1092400018836F0318836F033083F5043083F504AC
:10925000307C046300773804116C7D380483E901A5
:1092600018116C7D6804836F0318116C713083F5DD
:109270000430116C7D50042C040E0661EA0C3D088C
:109280000412630C52FF0C12EA0C4310F8189004FD
:109290000E06A72492A72492A72492E82492E824F9
:1092A00092E848832F016C832F016C832F016C019E
:1092B00014901004E50667483E142C0401169090A3
:1092C00004E506AD240114909004E506EE4801146F
:1092D000906005E5063501481E8CE2043C04746488
:1092E00020980460058C0006010C8312021883127A
:1092F00002188398033083980318831E0548831E41
:1093000005481C0410071930044216181D4E051C90
:10931000061E000401A432051006A40104012A4C13
:109320002C0D2A030401B0041400B0040401440409
:109330001F841934031D48044F201A440412A4103A
:109340001E3848044F5C1A440412C41052800C1298
:10935000E40C5FA41A34031D6C044F981A1804100F
:109360000790150020141634110412093412B0109D
:1093700012A4104F1017380412D010527C0C12F0A7
:109380001C4FD01788041210344FC41744041E70A9
:109390001C0912BC044F1C111004128010227C0CFA
:1093A0004E126404129820529C0C12A8284F0813E5
:1093B000880412B8384FFC12440483E817883D88AB
:1093C000048218882D38041228105F6C18F8048263
:1093D000188812680C4FB418CC04C3C01888C3D0C6
:1093E000188812E844430C190C83F81888160828CA
:1093F000166C206D4D0D4F4B5938044FFD583804F5
:109400004FB95738044FBB56380422DD081D0D0AEA
:1094100022FF081519134155081E07D40821081109
:109420005D222130154D22590820050A00008108CF
:1094300020050B0000313011ED22772820050D00AA
:109440000069684C060E00002759B0044F815FC0C8
:10945000044F8559B00443355F7843E95E78430F84
:109460005F7843515E78435B5F7843C35E784377B0
:109470005E78439D5E7843F5597843156F78438D48
:109480007378433573783D08051DF50A2221301D98
:10949000C80943A55F885E50140B22D0D42C80905D
:1094A00011902190319041905190619071908190F4
:1094B0009190A190B190C190D190E190F1900191E3
:1094C00011912191319141915191619171918191CC
:1094D0009191A191B191C191D191E191F1910192BB
:1094E00011922192319241925192619271928192A4
:1094F0009192A192B192C192D192E192F192019393
:10950000119321933193419351936193719381937B
:109510009193A193B193C193D193E193F1935805A2
:109520007C049F005F40059E9F5805837E02188F34
:109530007E025805836504189E6540059E9F400580
:109540009E9F4005837E02188F7E0240059E6528FF
:1095500005BE6528059E7074049E7004059E700407
:10956000059EC974049EC904059EC904059E237402
:10957000049E2304057E2304050215136C7C04E578
:109580000676E0040215136C9004E506D12401145C
:109590006C7C04E5062BE0049EEBE0049EEBE0040B
:1095A0009ED0E0049ED0E0042D8C04810CADC80454
:1095B0007E1EC804127D541E7DC8041E6224051040
:1095C000066202040142341E42C0041C8601981146
:1095D0009821983198419851986198719881989103
:1095E00098A198B198C198D198E198F198019911F2
:1095F00099219931994199519961997199819991DB
:1096000099A199B199C199D199E199F199019A11C9
:109610009A219A319A419A519A619A719A819A91B2
:109620009AA19AB19AC19AD19AE19AF19A019B11A1
:109630009B219B319B419B519B619B719B819B918A
:109640009BA19BB19BC19BD19BE19BF19B01B21163
:10965000B2F866054F74649C066005F8000E010CB4
:1096600083DF02187004DB020C181EBCAC0A810CEC
:1096700081189E0AB805804F819C919CA19CB19C49
:10968000C19CD19CE19CF19C019D119D219D319D2E
:10969000419D519D619D719D819D919DA19DB19D1A
:1096A000819E919EA19EB19EC19ED19EE19EF19E02
:1096B000819F919FA19FB19FC19FD19FE19FF19FEA
:1096C00001B311B398007083980088831C0218922C
:1096D0001CA083A203A083A20318832805480314B7
:1096E0002805B86D30151E8420092C8101A011A019
:1096F00021A031A041A051A061A071A081A091A0A2
:10970000A1A0B1A0C1A0D1A0E1A0F1A001A111A18F
:1097100021A131A141A151A161A171A181A191A179
:10972000A1A1B1A1C1A1D1A1E1A1F1A101A211A267
:1097300021A231A241A251A261A271A281A291A251
:10974000A1A2B1A2C1A2D1A2E1A2F1A201A311A33F
:1097500021A331A341A351A361A371A381A391A329
:10976000A1A3B1A3C1A3D1A3E1A3F1A39C0D7C0448
:109770001D01F7540D8315040C73EC000C800401DB
:10978000E5030C0D2270030D2228031C0440013C4C
:10979000C4093E30700C8338040C780410072DD4B3
:1097A00004089B420028003B03282801A601051657
:1097B000D002A500010D22E805019A010D223C0608
:1097C000019AC00D16B00301A6016D4C040536C008
:1097D000AD9804BD3C1F0D7EB8099C05B011B08A40
:1097E00060139E8A60139E4748130E214748130D4D
:1097F00076741C9E88C0139E88C0139E45A8139E35
:1098000045A8139E02A8139E02A8130D76DC030D33
:109810008E20140D2EF01C0D8E50140D2EE01A9E6D
:10982000D680149ED680148F9A0298148F9A02685C
:10983000149E5968149E5968140D761C066DE01428
:109840001ED3E0141ED3E01404082793037E009374
:10985000033E087C0408052A0015BD9C040D81FC0C
:109860000B0DFF38090DFF38090DFF38090DFF38C2
:10987000090D133809FC109C119C219C319C419CC2
:10988000519C619C719CD00F0D21F40DEC11019E37
:10989000119E219E319E419E519E619E719EEC0FB4
:1098A0000C1112019F119F219F319F419F519F6178
:1098B0009F719FFC0F5C041300E78C115C06010094
:1098C0001300B98C1190040100BB1892BB1883637C
:1098D000011883630118830B0248830B024892C569
:1098E0001892C518836D0360836D0360831504604F
:1098F0008315044892BD1892BD181C041300D2A40D
:10990000102D1411600701011300C3010C92BB1844
:1099100092BB188363011883630118830B02488389
:109920000B024892C51892C518836D0360836D03BE
:1099300060831504608315044892BD1892BD181CFD
:10994000042D003D34083E1ABC0712AF0C52FF0C28
:109950006C0559013D0250101E2D76148124927E13
:1099600024927E2492BF2492BF2472BF48832B028C
:109970006C83AD026C8348036C832B026C83AD0255
:109980006C8348036C832B026C83AD026C834803A9
:109990006C0116D86C055401440204110116D890CC
:1099A00004540185240114D870045401C6480118D8
:1099B000D8816C0118D8816C0118D8816C3C043EA8
:1099C0000073080D8D6C1D410C92E61892E6188309
:1099D0008E0118838E01188336024883360248921E
:1099E000F11892F11883990360839903608341040D
:1099F000608341044892E91892E9181E0BE4161C92
:109A0000060B005001B3EC1612B3081C0A5B015F91
:109A1000005B01500103E4161C0603025001BDEC7B
:109A20001612BD081C0A65035F00650350010DE4B2
:109A3000161C060D045001B5EC1612B508D4040826
:089A4000051E004D6C1E000024
:040000050800018965
:00000001FF
